unit_id,treatment,checkout_completed,pre_purchase_score
shopper_0000001,1,0,0.67598138
shopper_0000002,0,0,0.46314134
shopper_0000003,1,0,0.94414562
shopper_0000004,0,0,0.04642154
shopper_0000005,0,0,0.61145249
shopper_0000006,1,0,0.70725409
shopper_0000007,1,0,0.24756231
shopper_0000008,1,0,0.46658415
shopper_0000009,1,0,0.60023950
shopper_0000010,0,0,0.37627202
shopper_0000011,0,0,0.67982881
shopper_0000012,0,0,0.52298510
shopper_0000013,1,0,0.30031052
shopper_0000014,0,0,0.29165174
shopper_0000015,0,0,0.44002559
shopper_0000016,1,0,0.34393733
shopper_0000017,0,0,0.48919274
shopper_0000018,1,0,0.56401477
shopper_0000019,1,0,0.20612025
shopper_0000020,0,0,0.53873674
shopper_0000021,0,0,0.42760026
shopper_0000022,1,0,0.43615550
shopper_0000023,0,0,0.06746351
shopper_0000024,0,0,0.22023509
shopper_0000025,1,1,0.79335923
shopper_0000026,0,0,0.54728347
shopper_0000027,0,0,0.65231508
shopper_0000028,0,0,0.06947996
shopper_0000029,0,0,0.81696709
shopper_0000030,0,0,0.50187264
shopper_0000031,0,0,0.60853202
shopper_0000032,1,0,0.60808993
shopper_0000033,0,0,0.25291558
shopper_0000034,0,0,0.62154135
shopper_0000035,1,0,0.58890441
shopper_0000036,1,0,0.42644413
shopper_0000037,0,0,0.51827140
shopper_0000038,0,0,0.45662121
shopper_0000039,0,0,0.99305802
shopper_0000040,1,0,0.89166115
shopper_0000041,1,0,0.45687399
shopper_0000042,0,0,0.95226359
shopper_0000043,1,0,0.57128118
shopper_0000044,1,1,0.38997889
shopper_0000045,1,0,0.58946336
shopper_0000046,1,0,0.09641750
shopper_0000047,0,0,0.33080662
shopper_0000048,0,0,0.75270299
shopper_0000049,1,0,0.84971408
shopper_0000050,1,0,0.41172970
shopper_0000051,0,0,0.15319701
shopper_0000052,0,0,0.45356684
shopper_0000053,0,0,0.22035974
shopper_0000054,1,0,0.34807190
shopper_0000055,1,1,0.60462063
shopper_0000056,0,0,0.48182012
shopper_0000057,0,0,0.56132652
shopper_0000058,0,0,0.47207696
shopper_0000059,1,0,0.33228996
shopper_0000060,1,0,0.69504113
shopper_0000061,0,0,0.68868050
shopper_0000062,1,0,0.02854937
shopper_0000063,0,0,0.63860249
shopper_0000064,0,0,0.62121094
shopper_0000065,1,0,0.56647912
shopper_0000066,0,0,0.59994643
shopper_0000067,1,0,0.57944564
shopper_0000068,1,0,0.46352245
shopper_0000069,0,0,0.26725687
shopper_0000070,0,0,0.64907828
shopper_0000071,0,0,0.73435212
shopper_0000072,1,0,0.54453278
shopper_0000073,1,1,0.71656218
shopper_0000074,0,0,0.40395975
shopper_0000075,1,0,0.39882114
shopper_0000076,1,0,0.79349437
shopper_0000077,1,1,0.04614959
shopper_0000078,0,0,0.26841804
shopper_0000079,0,0,0.49154393
shopper_0000080,1,1,0.41685587
shopper_0000081,1,0,0.49546980
shopper_0000082,0,0,0.53680401
shopper_0000083,0,0,0.59997942
shopper_0000084,0,0,0.55640790
shopper_0000085,1,1,0.85273187
shopper_0000086,0,0,0.34040932
shopper_0000087,1,0,0.61771634
shopper_0000088,0,0,0.09549165
shopper_0000089,0,0,0.30384668
shopper_0000090,1,0,0.33429923
shopper_0000091,0,0,0.46077550
shopper_0000092,1,0,0.77822239
shopper_0000093,1,0,0.74578727
shopper_0000094,0,0,0.83854844
shopper_0000095,0,0,0.43934321
shopper_0000096,0,0,0.65368840
shopper_0000097,1,1,0.45068454
shopper_0000098,1,0,0.71129017
shopper_0000099,0,0,0.08736055
shopper_0000100,0,0,0.48947784
shopper_0000101,0,0,0.36645195
shopper_0000102,1,0,0.61527703
shopper_0000103,0,0,0.81502402
shopper_0000104,1,0,0.35034343
shopper_0000105,0,1,0.40437353
shopper_0000106,1,0,0.79522009
shopper_0000107,0,0,0.54746142
shopper_0000108,0,0,0.28358715
shopper_0000109,1,0,0.46288503
shopper_0000110,0,0,0.56677965
shopper_0000111,1,0,0.14163002
shopper_0000112,1,1,0.64850226
shopper_0000113,0,0,0.42137762
shopper_0000114,1,0,0.05746563
shopper_0000115,0,0,0.28876431
shopper_0000116,0,0,0.44593592
shopper_0000117,1,1,0.62574222
shopper_0000118,0,0,0.57905514
shopper_0000119,0,0,0.06548772
shopper_0000120,1,1,0.35935092
shopper_0000121,1,0,0.21340200
shopper_0000122,1,0,0.62873233
shopper_0000123,1,0,0.54382730
shopper_0000124,1,0,0.74364078
shopper_0000125,0,0,0.64551794
shopper_0000126,0,1,0.51129134
shopper_0000127,1,1,0.24619289
shopper_0000128,0,0,0.63387677
shopper_0000129,1,1,0.81886115
shopper_0000130,0,0,0.18974227
shopper_0000131,0,0,0.41888854
shopper_0000132,1,0,0.51508901
shopper_0000133,0,0,0.30134690
shopper_0000134,0,0,0.60850755
shopper_0000135,1,0,0.45248998
shopper_0000136,0,0,0.45999522
shopper_0000137,0,0,0.67994483
shopper_0000138,0,0,0.59108145
shopper_0000139,1,1,0.74859138
shopper_0000140,1,0,0.72076908
shopper_0000141,0,0,0.50585523
shopper_0000142,1,0,0.27837687
shopper_0000143,1,0,0.40478620
shopper_0000144,1,0,0.06220580
shopper_0000145,1,0,0.43319600
shopper_0000146,0,1,0.55067529
shopper_0000147,0,1,0.50658173
shopper_0000148,1,0,0.97189919
shopper_0000149,1,1,0.49710728
shopper_0000150,0,0,0.97916804
shopper_0000151,0,0,0.40878881
shopper_0000152,1,0,0.33428176
shopper_0000153,1,0,0.49466776
shopper_0000154,0,0,0.54981988
shopper_0000155,1,0,0.31977407
shopper_0000156,0,0,0.13012347
shopper_0000157,1,0,0.59159892
shopper_0000158,1,0,0.70439844
shopper_0000159,1,0,0.30316189
shopper_0000160,1,0,0.72917595
shopper_0000161,1,0,0.66841043
shopper_0000162,0,0,0.38412407
shopper_0000163,0,1,0.34221195
shopper_0000164,0,1,0.83402062
shopper_0000165,1,0,0.50254059
shopper_0000166,0,0,0.38471730
shopper_0000167,1,0,0.34922979
shopper_0000168,1,0,0.14472806
shopper_0000169,1,0,0.43813083
shopper_0000170,0,0,0.79504508
shopper_0000171,1,0,0.52740938
shopper_0000172,1,0,0.51332827
shopper_0000173,1,0,0.76415991
shopper_0000174,0,0,0.45439934
shopper_0000175,1,0,0.56082181
shopper_0000176,1,0,0.68262800
shopper_0000177,1,0,0.42550406
shopper_0000178,0,1,0.77853678
shopper_0000179,0,0,0.61603909
shopper_0000180,0,0,0.39344125
shopper_0000181,1,0,0.49461489
shopper_0000182,1,0,0.42250523
shopper_0000183,0,0,0.09245160
shopper_0000184,1,1,0.28465085
shopper_0000185,1,0,0.83769676
shopper_0000186,0,0,0.52683907
shopper_0000187,1,0,0.27115433
shopper_0000188,0,1,0.58831341
shopper_0000189,1,0,0.20087465
shopper_0000190,1,0,0.35852502
shopper_0000191,0,0,0.10202999
shopper_0000192,0,0,0.81779970
shopper_0000193,1,0,0.08165638
shopper_0000194,0,0,0.15226622
shopper_0000195,1,0,0.12019466
shopper_0000196,1,0,0.43026384
shopper_0000197,0,1,0.85180296
shopper_0000198,1,0,0.80890651
shopper_0000199,0,0,0.81511130
shopper_0000200,1,0,0.34005494
shopper_0000201,1,0,0.66953145
shopper_0000202,0,0,0.26070748
shopper_0000203,1,1,0.55874989
shopper_0000204,0,0,0.35503481
shopper_0000205,0,0,0.26357413
shopper_0000206,0,0,0.20963084
shopper_0000207,1,0,0.82560920
shopper_0000208,0,0,0.09095116
shopper_0000209,1,0,0.78797438
shopper_0000210,1,1,0.44574792
shopper_0000211,0,1,0.76656460
shopper_0000212,0,0,0.41995277
shopper_0000213,1,0,0.08566677
shopper_0000214,1,0,0.23324603
shopper_0000215,1,1,0.66121240
shopper_0000216,0,0,0.49748606
shopper_0000217,1,0,0.63884213
shopper_0000218,1,0,0.68132990
shopper_0000219,0,0,0.49442538
shopper_0000220,0,0,0.41815330
shopper_0000221,0,0,0.31521788
shopper_0000222,0,0,0.27943161
shopper_0000223,1,0,0.40709185
shopper_0000224,0,1,0.55766909
shopper_0000225,0,0,0.58624688
shopper_0000226,0,0,0.56987530
shopper_0000227,1,1,0.53985894
shopper_0000228,0,0,0.63100232
shopper_0000229,0,0,0.56121305
shopper_0000230,0,0,0.41691701
shopper_0000231,1,0,0.56324093
shopper_0000232,0,0,0.55180853
shopper_0000233,1,0,0.81971385
shopper_0000234,1,0,0.66168874
shopper_0000235,1,0,0.59694136
shopper_0000236,0,0,0.37320722
shopper_0000237,1,0,0.23165318
shopper_0000238,0,0,0.44106971
shopper_0000239,1,0,0.35028057
shopper_0000240,0,0,0.41982205
shopper_0000241,0,0,0.49706744
shopper_0000242,0,0,0.62912361
shopper_0000243,1,0,0.59524197
shopper_0000244,0,0,0.65014285
shopper_0000245,0,0,0.22398834
shopper_0000246,1,0,0.75003636
shopper_0000247,0,0,0.56827898
shopper_0000248,1,1,0.77657535
shopper_0000249,1,0,0.44146358
shopper_0000250,1,0,0.58156845
shopper_0000251,0,0,0.74151308
shopper_0000252,0,0,0.14519355
shopper_0000253,1,0,0.90402959
shopper_0000254,0,0,0.40835256
shopper_0000255,0,0,0.11835580
shopper_0000256,1,0,0.29450027
shopper_0000257,1,0,0.66879051
shopper_0000258,1,0,0.70055200
shopper_0000259,1,1,0.74670605
shopper_0000260,0,0,0.68859251
shopper_0000261,0,0,0.46655340
shopper_0000262,0,0,0.68396187
shopper_0000263,1,0,0.49619045
shopper_0000264,0,0,0.61070406
shopper_0000265,1,0,0.64672652
shopper_0000266,0,0,0.37826133
shopper_0000267,1,0,0.64451505
shopper_0000268,1,0,0.53644670
shopper_0000269,0,0,0.75366682
shopper_0000270,0,0,0.23948671
shopper_0000271,0,0,0.50093631
shopper_0000272,0,0,0.43363411
shopper_0000273,1,0,0.74994994
shopper_0000274,0,0,0.49137218
shopper_0000275,1,0,0.16420966
shopper_0000276,0,0,0.60140160
shopper_0000277,1,0,0.47294690
shopper_0000278,1,0,0.71830139
shopper_0000279,1,0,0.58473793
shopper_0000280,1,0,0.15137151
shopper_0000281,0,0,0.04511025
shopper_0000282,0,0,0.60169523
shopper_0000283,1,0,0.10704150
shopper_0000284,1,0,0.24591296
shopper_0000285,1,1,0.12865055
shopper_0000286,1,0,0.33880091
shopper_0000287,1,0,0.55250440
shopper_0000288,1,1,0.60137906
shopper_0000289,1,0,0.27389603
shopper_0000290,0,0,0.67719795
shopper_0000291,0,0,0.42232545
shopper_0000292,0,0,0.57877719
shopper_0000293,0,0,0.17884032
shopper_0000294,0,0,0.49365757
shopper_0000295,0,0,0.25798260
shopper_0000296,0,0,0.97269522
shopper_0000297,0,0,0.47604972
shopper_0000298,0,0,0.69704775
shopper_0000299,1,0,0.22046936
shopper_0000300,1,0,0.54659098
shopper_0000301,0,0,0.54020875
shopper_0000302,0,1,0.60048463
shopper_0000303,1,0,0.40583536
shopper_0000304,0,0,0.60704853
shopper_0000305,1,0,0.61087934
shopper_0000306,0,0,0.84745981
shopper_0000307,1,0,0.38402663
shopper_0000308,0,0,0.35980529
shopper_0000309,1,0,0.32936347
shopper_0000310,1,0,0.30641649
shopper_0000311,0,0,0.63701656
shopper_0000312,1,0,0.31021152
shopper_0000313,0,1,0.74217081
shopper_0000314,0,0,0.54404010
shopper_0000315,1,0,0.82736714
shopper_0000316,0,0,0.58850810
shopper_0000317,0,1,0.32510227
shopper_0000318,1,0,0.92344037
shopper_0000319,1,0,0.37972742
shopper_0000320,1,0,0.52510818
shopper_0000321,0,0,0.21509531
shopper_0000322,1,0,0.64500706
shopper_0000323,1,0,0.59394848
shopper_0000324,0,0,0.65816637
shopper_0000325,0,0,0.49905622
shopper_0000326,1,0,0.56716899
shopper_0000327,0,0,0.48921608
shopper_0000328,1,0,0.44812695
shopper_0000329,0,0,0.33602623
shopper_0000330,0,0,0.54110890
shopper_0000331,1,0,0.12227113
shopper_0000332,1,0,0.57752736
shopper_0000333,1,0,0.21689590
shopper_0000334,0,0,0.63752650
shopper_0000335,1,0,0.38249468
shopper_0000336,0,1,0.91246396
shopper_0000337,1,0,0.45070307
shopper_0000338,1,0,0.86637218
shopper_0000339,1,0,0.60161530
shopper_0000340,0,0,0.42150050
shopper_0000341,1,0,0.25080100
shopper_0000342,0,0,0.55380348
shopper_0000343,1,0,0.53373504
shopper_0000344,0,0,0.63920467
shopper_0000345,1,0,0.58419141
shopper_0000346,1,0,0.73069115
shopper_0000347,1,0,0.36829872
shopper_0000348,0,0,0.43638845
shopper_0000349,1,0,0.74902833
shopper_0000350,1,0,0.12420956
shopper_0000351,1,0,0.23443052
shopper_0000352,0,1,0.47139105
shopper_0000353,1,0,0.30637249
shopper_0000354,0,0,0.05548329
shopper_0000355,0,0,0.12704833
shopper_0000356,1,0,0.20883040
shopper_0000357,1,0,0.59023216
shopper_0000358,1,0,0.62574131
shopper_0000359,0,0,0.81159214
shopper_0000360,0,0,0.22265248
shopper_0000361,0,1,0.54454154
shopper_0000362,1,0,0.41345628
shopper_0000363,1,0,0.57955019
shopper_0000364,1,0,0.49589068
shopper_0000365,0,0,0.38837852
shopper_0000366,0,0,0.10217802
shopper_0000367,1,0,0.30429155
shopper_0000368,0,0,0.38092834
shopper_0000369,1,0,0.48781843
shopper_0000370,1,0,0.18970627
shopper_0000371,0,0,0.73302293
shopper_0000372,1,0,0.64950185
shopper_0000373,1,0,0.65092111
shopper_0000374,1,0,0.72215399
shopper_0000375,0,0,0.38479705
shopper_0000376,0,0,0.64623165
shopper_0000377,1,0,0.54760013
shopper_0000378,1,0,0.40979271
shopper_0000379,0,0,0.85074257
shopper_0000380,0,0,0.46154729
shopper_0000381,0,0,0.71463440
shopper_0000382,1,0,0.68529110
shopper_0000383,1,0,0.38133421
shopper_0000384,1,0,0.11971536
shopper_0000385,0,0,0.80871573
shopper_0000386,1,0,0.87413279
shopper_0000387,0,0,0.51891592
shopper_0000388,0,0,0.77329727
shopper_0000389,1,0,0.21402653
shopper_0000390,1,0,0.38258916
shopper_0000391,0,0,0.69073596
shopper_0000392,1,0,0.05461446
shopper_0000393,1,0,0.42838825
shopper_0000394,0,0,0.17789711
shopper_0000395,1,0,0.51935355
shopper_0000396,0,0,0.60378893
shopper_0000397,1,0,0.86123519
shopper_0000398,0,0,0.34406625
shopper_0000399,0,0,0.92831170
shopper_0000400,1,1,0.04564345
shopper_0000401,0,0,0.37702173
shopper_0000402,0,0,0.52041079
shopper_0000403,0,0,0.37979253
shopper_0000404,0,0,0.72069667
shopper_0000405,1,0,0.85178475
shopper_0000406,1,0,0.50161731
shopper_0000407,1,0,0.69530850
shopper_0000408,1,0,0.63624787
shopper_0000409,0,0,0.61931445
shopper_0000410,0,0,0.39398119
shopper_0000411,0,0,0.83032796
shopper_0000412,0,0,0.57830847
shopper_0000413,0,0,0.28739971
shopper_0000414,0,0,0.43584206
shopper_0000415,0,0,0.19604832
shopper_0000416,0,0,0.56968929
shopper_0000417,1,1,0.82377382
shopper_0000418,1,0,0.43317788
shopper_0000419,0,0,0.46932793
shopper_0000420,1,0,0.65117332
shopper_0000421,0,0,0.42643424
shopper_0000422,0,0,0.69711343
shopper_0000423,0,0,0.42762069
shopper_0000424,0,0,0.82491006
shopper_0000425,1,0,0.74244376
shopper_0000426,0,0,0.33999931
shopper_0000427,1,0,0.49032949
shopper_0000428,1,0,0.77569725
shopper_0000429,0,0,0.71272420
shopper_0000430,0,0,0.11357848
shopper_0000431,0,0,0.49492951
shopper_0000432,1,0,0.38919941
shopper_0000433,0,0,0.52676662
shopper_0000434,0,0,0.31695150
shopper_0000435,1,0,0.33012136
shopper_0000436,1,0,0.65878993
shopper_0000437,1,1,0.25845762
shopper_0000438,1,0,0.48451709
shopper_0000439,0,0,0.31840763
shopper_0000440,1,0,0.10724177
shopper_0000441,1,0,0.43801183
shopper_0000442,1,1,0.54463810
shopper_0000443,0,0,0.64316231
shopper_0000444,0,0,0.32186482
shopper_0000445,0,0,0.39483527
shopper_0000446,1,0,0.40726244
shopper_0000447,1,0,0.47753584
shopper_0000448,1,0,0.56762491
shopper_0000449,0,0,0.67904331
shopper_0000450,0,0,0.86210452
shopper_0000451,0,0,0.68191964
shopper_0000452,0,0,0.34375969
shopper_0000453,1,0,0.31243015
shopper_0000454,0,0,0.32317444
shopper_0000455,0,1,0.94258743
shopper_0000456,1,0,0.93883663
shopper_0000457,0,0,0.88365575
shopper_0000458,0,0,0.23994294
shopper_0000459,0,0,0.91528842
shopper_0000460,1,0,0.18604181
shopper_0000461,0,0,0.23373916
shopper_0000462,1,0,0.07156513
shopper_0000463,0,0,0.20223768
shopper_0000464,1,0,0.21210731
shopper_0000465,0,0,0.58475806
shopper_0000466,0,0,0.54378239
shopper_0000467,0,0,0.26090794
shopper_0000468,1,0,0.22170595
shopper_0000469,1,0,0.14777988
shopper_0000470,0,1,0.67727682
shopper_0000471,0,0,0.47791550
shopper_0000472,1,1,0.18157651
shopper_0000473,0,0,0.38766302
shopper_0000474,0,0,0.18386544
shopper_0000475,1,0,0.12865296
shopper_0000476,0,0,0.43252250
shopper_0000477,0,0,0.00893407
shopper_0000478,1,1,0.32829691
shopper_0000479,0,1,0.24603736
shopper_0000480,1,0,0.49265169
shopper_0000481,1,1,0.62101009
shopper_0000482,1,0,0.79928712
shopper_0000483,1,1,0.47878655
shopper_0000484,1,0,0.71919644
shopper_0000485,0,0,0.28716827
shopper_0000486,0,0,0.60611238
shopper_0000487,1,0,0.45667415
shopper_0000488,1,0,0.89897140
shopper_0000489,1,0,0.66261736
shopper_0000490,0,1,0.78934354
shopper_0000491,0,0,0.69810782
shopper_0000492,1,0,0.68370577
shopper_0000493,0,0,0.82237306
shopper_0000494,0,0,0.74197981
shopper_0000495,1,0,0.65644835
shopper_0000496,1,0,0.63327706
shopper_0000497,1,0,0.24956049
shopper_0000498,1,0,0.10529105
shopper_0000499,1,0,0.64356972
shopper_0000500,0,0,0.48002265
shopper_0000501,0,0,0.05348319
shopper_0000502,1,1,0.36699968
shopper_0000503,0,1,0.60454484
shopper_0000504,0,0,0.66823123
shopper_0000505,1,0,0.98991027
shopper_0000506,1,0,0.15602588
shopper_0000507,0,0,0.69827997
shopper_0000508,1,0,0.75067995
shopper_0000509,0,0,0.50937235
shopper_0000510,0,0,0.77582464
shopper_0000511,1,0,0.79920487
shopper_0000512,0,0,0.37453267
shopper_0000513,1,0,0.69292442
shopper_0000514,0,0,0.31803826
shopper_0000515,0,0,0.78049628
shopper_0000516,0,0,0.55025205
shopper_0000517,0,0,0.57127004
shopper_0000518,0,0,0.21131952
shopper_0000519,0,0,0.75837767
shopper_0000520,0,0,0.35671475
shopper_0000521,0,1,0.41105982
shopper_0000522,0,0,0.68887194
shopper_0000523,1,0,0.24217663
shopper_0000524,1,0,0.52036386
shopper_0000525,1,0,0.57596609
shopper_0000526,1,0,0.43890744
shopper_0000527,0,0,0.43262986
shopper_0000528,1,0,0.87064021
shopper_0000529,1,0,0.80530319
shopper_0000530,0,0,0.46621822
shopper_0000531,1,1,0.35281716
shopper_0000532,1,1,0.91743141
shopper_0000533,0,0,0.95832363
shopper_0000534,1,0,0.33870006
shopper_0000535,1,0,0.84709650
shopper_0000536,1,1,0.90539333
shopper_0000537,0,0,0.81407078
shopper_0000538,1,0,0.74061515
shopper_0000539,0,0,0.75132731
shopper_0000540,1,0,0.28468749
shopper_0000541,0,0,0.88959505
shopper_0000542,1,0,0.78289779
shopper_0000543,1,0,0.46315800
shopper_0000544,0,0,0.63219373
shopper_0000545,0,0,0.29794955
shopper_0000546,1,0,0.53182509
shopper_0000547,1,0,0.88314232
shopper_0000548,1,1,0.28569690
shopper_0000549,1,1,0.84378411
shopper_0000550,0,0,0.55232443
shopper_0000551,1,0,0.27283905
shopper_0000552,1,0,0.70278439
shopper_0000553,1,0,0.20619356
shopper_0000554,1,0,0.10181163
shopper_0000555,0,0,0.10957067
shopper_0000556,0,1,0.21235721
shopper_0000557,0,0,0.33572936
shopper_0000558,0,0,0.50092579
shopper_0000559,0,0,0.61302693
shopper_0000560,1,0,0.47734670
shopper_0000561,1,0,0.53110385
shopper_0000562,1,0,0.23201250
shopper_0000563,0,0,0.90471104
shopper_0000564,1,0,0.70711699
shopper_0000565,0,0,0.45602723
shopper_0000566,0,0,0.54279188
shopper_0000567,1,0,0.45739852
shopper_0000568,0,0,0.85992200
shopper_0000569,0,0,0.43012219
shopper_0000570,1,1,0.09548643
shopper_0000571,0,0,0.84765983
shopper_0000572,0,0,0.18336986
shopper_0000573,0,0,0.81678214
shopper_0000574,1,0,0.48725533
shopper_0000575,1,0,0.75708818
shopper_0000576,0,0,0.35519499
shopper_0000577,1,0,0.32199323
shopper_0000578,0,0,0.41088571
shopper_0000579,0,0,0.36400717
shopper_0000580,1,0,0.65922848
shopper_0000581,1,0,0.87846611
shopper_0000582,0,0,0.72288300
shopper_0000583,1,0,0.84443155
shopper_0000584,1,0,0.26646364
shopper_0000585,0,0,0.61354821
shopper_0000586,0,0,0.10966259
shopper_0000587,1,0,0.39855627
shopper_0000588,1,0,0.69061679
shopper_0000589,0,0,0.22172184
shopper_0000590,0,0,0.69993589
shopper_0000591,0,0,0.61074438
shopper_0000592,1,0,0.59496156
shopper_0000593,1,0,0.53652101
shopper_0000594,1,0,0.25544756
shopper_0000595,0,1,0.55277556
shopper_0000596,1,0,0.38740577
shopper_0000597,0,0,0.27458760
shopper_0000598,1,0,0.07473807
shopper_0000599,0,1,0.42322261
shopper_0000600,1,0,0.14866513
shopper_0000601,1,0,0.96029281
shopper_0000602,0,0,0.17297267
shopper_0000603,1,1,0.46512792
shopper_0000604,0,0,0.74692352
shopper_0000605,1,1,0.49289820
shopper_0000606,1,0,0.37329295
shopper_0000607,1,1,0.61826304
shopper_0000608,0,0,0.38862729
shopper_0000609,1,0,0.41039972
shopper_0000610,0,0,0.59327480
shopper_0000611,1,0,0.47469261
shopper_0000612,0,0,0.43477319
shopper_0000613,0,0,0.83729144
shopper_0000614,1,1,0.90455880
shopper_0000615,1,0,0.26401820
shopper_0000616,1,0,0.64051305
shopper_0000617,0,0,0.39790833
shopper_0000618,0,0,0.85889646
shopper_0000619,0,0,0.79394852
shopper_0000620,0,0,0.52496737
shopper_0000621,0,0,0.80607780
shopper_0000622,1,0,0.69573807
shopper_0000623,1,0,0.61843704
shopper_0000624,1,0,0.65535795
shopper_0000625,0,0,0.58614154
shopper_0000626,1,1,0.61896874
shopper_0000627,0,0,0.73210164
shopper_0000628,0,0,0.12229958
shopper_0000629,0,0,0.44125136
shopper_0000630,0,0,0.98525545
shopper_0000631,1,0,0.63652723
shopper_0000632,0,1,0.22904369
shopper_0000633,0,0,0.54701317
shopper_0000634,0,0,0.48538410
shopper_0000635,0,0,0.40876252
shopper_0000636,0,1,0.52106336
shopper_0000637,1,1,0.21804489
shopper_0000638,1,0,0.45065106
shopper_0000639,1,0,0.55874622
shopper_0000640,1,0,0.24599856
shopper_0000641,0,0,0.45012138
shopper_0000642,1,0,0.57176850
shopper_0000643,1,0,0.71386699
shopper_0000644,0,0,0.22306251
shopper_0000645,1,0,0.52349657
shopper_0000646,1,0,0.72596556
shopper_0000647,0,0,0.76229671
shopper_0000648,0,0,0.53143321
shopper_0000649,1,0,0.54078739
shopper_0000650,0,0,0.78654144
shopper_0000651,0,0,0.51439152
shopper_0000652,0,0,0.28045773
shopper_0000653,0,1,0.75402977
shopper_0000654,1,0,0.41867001
shopper_0000655,1,0,0.21188976
shopper_0000656,1,0,0.39091531
shopper_0000657,1,0,0.61789060
shopper_0000658,1,0,0.17337504
shopper_0000659,1,0,0.32631499
shopper_0000660,1,0,0.20739168
shopper_0000661,0,0,0.30838555
shopper_0000662,1,0,0.53723012
shopper_0000663,1,0,0.66939026
shopper_0000664,0,0,0.17494021
shopper_0000665,0,0,0.44203314
shopper_0000666,1,0,0.80052713
shopper_0000667,1,0,0.26170713
shopper_0000668,0,0,0.17862550
shopper_0000669,0,1,0.13447992
shopper_0000670,1,0,0.28430309
shopper_0000671,1,0,0.26496885
shopper_0000672,0,0,0.39670725
shopper_0000673,1,0,0.58577753
shopper_0000674,0,1,0.28699000
shopper_0000675,1,1,0.49489811
shopper_0000676,0,0,0.19538706
shopper_0000677,1,0,0.26988539
shopper_0000678,1,0,0.34255609
shopper_0000679,0,0,0.79320146
shopper_0000680,1,0,0.67850697
shopper_0000681,1,0,0.81581017
shopper_0000682,0,0,0.53360591
shopper_0000683,1,0,0.69172078
shopper_0000684,0,0,0.34866140
shopper_0000685,1,1,0.33028539
shopper_0000686,1,0,0.45078599
shopper_0000687,0,0,0.54412248
shopper_0000688,0,0,0.52899386
shopper_0000689,0,0,0.80629657
shopper_0000690,1,0,0.41706638
shopper_0000691,0,0,0.25412611
shopper_0000692,1,0,0.47311044
shopper_0000693,1,1,0.23115549
shopper_0000694,1,0,0.75739897
shopper_0000695,1,0,0.09724053
shopper_0000696,0,0,0.76660560
shopper_0000697,0,0,0.39781614
shopper_0000698,1,0,0.38216036
shopper_0000699,0,0,0.67756605
shopper_0000700,0,0,0.26492232
shopper_0000701,1,0,0.47784737
shopper_0000702,1,0,0.87705930
shopper_0000703,1,0,0.76974160
shopper_0000704,1,0,0.17468609
shopper_0000705,1,0,0.57230485
shopper_0000706,0,0,0.35470812
shopper_0000707,1,0,0.96937572
shopper_0000708,0,0,0.43062870
shopper_0000709,0,0,0.67988571
shopper_0000710,0,0,0.55537076
shopper_0000711,0,0,0.36952497
shopper_0000712,0,0,0.23670337
shopper_0000713,0,0,0.23364692
shopper_0000714,0,0,0.15731728
shopper_0000715,1,0,0.69457048
shopper_0000716,1,0,0.33597950
shopper_0000717,0,0,0.73680105
shopper_0000718,0,0,0.19036763
shopper_0000719,0,0,0.76420659
shopper_0000720,0,0,0.70876633
shopper_0000721,1,0,0.52391139
shopper_0000722,0,0,0.53434029
shopper_0000723,1,1,0.87876077
shopper_0000724,1,0,0.66233840
shopper_0000725,0,0,0.36893216
shopper_0000726,0,0,0.63937837
shopper_0000727,0,0,0.68741859
shopper_0000728,1,1,0.25306915
shopper_0000729,0,0,0.51053439
shopper_0000730,0,0,0.16157774
shopper_0000731,1,1,0.51491364
shopper_0000732,0,0,0.53279783
shopper_0000733,1,0,0.71178311
shopper_0000734,1,0,0.06021705
shopper_0000735,1,1,0.40563322
shopper_0000736,1,0,0.11294703
shopper_0000737,0,0,0.59235018
shopper_0000738,1,0,0.64117142
shopper_0000739,1,0,0.60949879
shopper_0000740,0,0,0.62754952
shopper_0000741,0,0,0.45042407
shopper_0000742,1,0,0.37513310
shopper_0000743,1,0,0.73875255
shopper_0000744,1,0,0.39351461
shopper_0000745,1,0,0.11589682
shopper_0000746,0,0,0.85274794
shopper_0000747,0,0,0.24733166
shopper_0000748,0,0,0.78903843
shopper_0000749,1,0,0.63403068
shopper_0000750,0,0,0.14622259
shopper_0000751,0,0,0.63825662
shopper_0000752,0,0,0.44804163
shopper_0000753,1,0,0.40068249
shopper_0000754,0,0,0.28021776
shopper_0000755,1,0,0.61380013
shopper_0000756,0,0,0.60008370
shopper_0000757,1,0,0.66748955
shopper_0000758,1,0,0.78147261
shopper_0000759,0,1,0.39229361
shopper_0000760,0,0,0.27287256
shopper_0000761,1,0,0.79969271
shopper_0000762,0,0,0.19268434
shopper_0000763,1,0,0.88914636
shopper_0000764,0,0,0.17648566
shopper_0000765,0,0,0.31497041
shopper_0000766,1,0,0.89232499
shopper_0000767,1,0,0.59741180
shopper_0000768,0,0,0.68668476
shopper_0000769,0,0,0.61322163
shopper_0000770,0,0,0.75348637
shopper_0000771,1,0,0.11365776
shopper_0000772,1,0,0.85182931
shopper_0000773,1,1,0.23929249
shopper_0000774,0,0,0.19961588
shopper_0000775,1,0,0.39319580
shopper_0000776,1,0,0.79786874
shopper_0000777,0,0,0.91204765
shopper_0000778,0,0,0.84145959
shopper_0000779,1,1,0.33329251
shopper_0000780,0,0,0.40579873
shopper_0000781,0,0,0.59886133
shopper_0000782,0,0,0.45532650
shopper_0000783,0,0,0.44571249
shopper_0000784,1,0,0.76927156
shopper_0000785,0,0,0.67317682
shopper_0000786,0,0,0.45491086
shopper_0000787,0,0,0.93384182
shopper_0000788,0,0,0.66425610
shopper_0000789,1,0,0.86829805
shopper_0000790,0,0,0.32244781
shopper_0000791,0,0,0.62677480
shopper_0000792,1,0,0.55545649
shopper_0000793,0,0,0.81200493
shopper_0000794,0,0,0.76860470
shopper_0000795,1,0,0.09532827
shopper_0000796,0,0,0.45947642
shopper_0000797,1,0,0.87330680
shopper_0000798,0,0,0.28111034
shopper_0000799,0,0,0.48515200
shopper_0000800,1,1,0.27159149
shopper_0000801,0,0,0.27525843
shopper_0000802,1,0,0.82833309
shopper_0000803,0,0,0.14964224
shopper_0000804,0,0,0.34523160
shopper_0000805,1,0,0.65104773
shopper_0000806,0,0,0.69820733
shopper_0000807,0,0,0.37932114
shopper_0000808,1,0,0.50883061
shopper_0000809,0,0,0.07116316
shopper_0000810,0,0,0.51104281
shopper_0000811,1,0,0.68059392
shopper_0000812,1,0,0.84626249
shopper_0000813,0,0,0.85815962
shopper_0000814,1,0,0.83471901
shopper_0000815,1,0,0.43041639
shopper_0000816,1,0,0.32685390
shopper_0000817,1,0,0.48421635
shopper_0000818,0,0,0.66461113
shopper_0000819,1,0,0.54246229
shopper_0000820,0,1,0.78223287
shopper_0000821,0,0,0.34552884
shopper_0000822,1,0,0.62296312
shopper_0000823,1,0,0.24779480
shopper_0000824,0,0,0.70049794
shopper_0000825,0,0,0.14042627
shopper_0000826,1,0,0.18218013
shopper_0000827,1,0,0.49295224
shopper_0000828,1,0,0.25449500
shopper_0000829,1,0,0.30854268
shopper_0000830,0,0,0.40490030
shopper_0000831,0,0,0.39302301
shopper_0000832,1,0,0.59968724
shopper_0000833,0,0,0.86380361
shopper_0000834,0,0,0.61783186
shopper_0000835,1,0,0.45846902
shopper_0000836,0,0,0.14471483
shopper_0000837,0,1,0.45282351
shopper_0000838,1,1,0.59348859
shopper_0000839,1,0,0.20419431
shopper_0000840,0,1,0.69851425
shopper_0000841,0,1,0.41216737
shopper_0000842,1,0,0.57201171
shopper_0000843,0,0,0.64198562
shopper_0000844,1,0,0.53602311
shopper_0000845,0,0,0.62262778
shopper_0000846,0,0,0.61782749
shopper_0000847,0,0,0.31611645
shopper_0000848,0,0,0.79579174
shopper_0000849,0,0,0.55837722
shopper_0000850,0,0,0.62144778
shopper_0000851,1,0,0.63294115
shopper_0000852,1,0,0.71119498
shopper_0000853,1,0,0.60590476
shopper_0000854,1,0,0.29737883
shopper_0000855,1,0,0.27668238
shopper_0000856,0,0,0.25368892
shopper_0000857,0,0,0.22779995
shopper_0000858,1,0,0.53491102
shopper_0000859,0,0,0.68578952
shopper_0000860,1,0,0.47567265
shopper_0000861,0,1,0.69696243
shopper_0000862,1,0,0.25562216
shopper_0000863,1,0,0.82892459
shopper_0000864,0,0,0.73390930
shopper_0000865,1,0,0.22617749
shopper_0000866,1,0,0.73172534
shopper_0000867,0,0,0.53038018
shopper_0000868,1,0,0.40773288
shopper_0000869,0,0,0.94415797
shopper_0000870,1,0,0.72249495
shopper_0000871,0,0,0.32977722
shopper_0000872,0,0,0.25873638
shopper_0000873,1,0,0.38631954
shopper_0000874,1,0,0.27896879
shopper_0000875,0,0,0.34003196
shopper_0000876,1,0,0.12740012
shopper_0000877,0,1,0.24158343
shopper_0000878,0,0,0.28965658
shopper_0000879,0,0,0.82532348
shopper_0000880,0,0,0.47324420
shopper_0000881,1,0,0.46769295
shopper_0000882,0,0,0.53300177
shopper_0000883,1,0,0.64176081
shopper_0000884,0,0,0.88168341
shopper_0000885,1,0,0.91212772
shopper_0000886,1,0,0.18291185
shopper_0000887,0,0,0.30879907
shopper_0000888,1,0,0.04233191
shopper_0000889,1,0,0.14650666
shopper_0000890,0,0,0.70017510
shopper_0000891,0,0,0.26401785
shopper_0000892,0,0,0.75373636
shopper_0000893,0,0,0.05813722
shopper_0000894,0,0,0.54154194
shopper_0000895,0,1,0.45867762
shopper_0000896,1,0,0.50547534
shopper_0000897,0,0,0.36742852
shopper_0000898,1,0,0.64731872
shopper_0000899,0,0,0.24749240
shopper_0000900,1,0,0.40199737
shopper_0000901,0,0,0.38809838
shopper_0000902,1,0,0.58006573
shopper_0000903,1,0,0.17486383
shopper_0000904,1,1,0.89257685
shopper_0000905,1,0,0.25939881
shopper_0000906,1,0,0.42332648
shopper_0000907,0,0,0.24494633
shopper_0000908,0,0,0.23557598
shopper_0000909,0,0,0.10537817
shopper_0000910,1,0,0.52205725
shopper_0000911,1,0,0.51369786
shopper_0000912,1,0,0.58632153
shopper_0000913,1,0,0.94041775
shopper_0000914,0,0,0.79921625
shopper_0000915,1,0,0.33128854
shopper_0000916,1,0,0.66063581
shopper_0000917,1,0,0.57234302
shopper_0000918,0,0,0.70041555
shopper_0000919,1,0,0.57268958
shopper_0000920,1,0,0.92375116
shopper_0000921,1,0,0.62518525
shopper_0000922,0,0,0.19068351
shopper_0000923,1,0,0.23309446
shopper_0000924,0,0,0.37468747
shopper_0000925,0,1,0.64059628
shopper_0000926,0,1,0.45661505
shopper_0000927,0,0,0.80856910
shopper_0000928,0,1,0.90615924
shopper_0000929,1,0,0.62737890
shopper_0000930,0,1,0.28450137
shopper_0000931,0,0,0.89140090
shopper_0000932,0,1,0.88660648
shopper_0000933,1,0,0.54170609
shopper_0000934,1,0,0.57792143
shopper_0000935,1,0,0.26804352
shopper_0000936,0,0,0.56517508
shopper_0000937,0,0,0.58525107
shopper_0000938,0,0,0.30171793
shopper_0000939,0,0,0.13811791
shopper_0000940,0,0,0.42501872
shopper_0000941,0,0,0.59372414
shopper_0000942,0,0,0.04993180
shopper_0000943,1,0,0.06690872
shopper_0000944,1,0,0.30479633
shopper_0000945,1,0,0.35834986
shopper_0000946,0,0,0.48218385
shopper_0000947,1,0,0.60367997
shopper_0000948,0,0,0.22593117
shopper_0000949,1,0,0.74441127
shopper_0000950,0,0,0.09209151
shopper_0000951,0,0,0.19973670
shopper_0000952,0,0,0.30935743
shopper_0000953,1,0,0.67661391
shopper_0000954,0,0,0.88777048
shopper_0000955,1,0,0.78182834
shopper_0000956,1,0,0.61066954
shopper_0000957,1,0,0.65780006
shopper_0000958,0,0,0.33252883
shopper_0000959,1,0,0.74494160
shopper_0000960,1,0,0.20178240
shopper_0000961,0,0,0.56379962
shopper_0000962,1,0,0.56367796
shopper_0000963,1,0,0.66480554
shopper_0000964,1,0,0.72209428
shopper_0000965,0,0,0.04610819
shopper_0000966,0,1,0.80309865
shopper_0000967,1,0,0.50129743
shopper_0000968,0,1,0.76714861
shopper_0000969,1,0,0.57049262
shopper_0000970,1,0,0.10293967
shopper_0000971,0,0,0.32832767
shopper_0000972,0,0,0.59036925
shopper_0000973,0,0,0.21622244
shopper_0000974,0,0,0.32745117
shopper_0000975,0,0,0.37111042
shopper_0000976,1,1,0.71872311
shopper_0000977,0,0,0.58939874
shopper_0000978,0,0,0.47843374
shopper_0000979,0,0,0.18821361
shopper_0000980,1,0,0.48130220
shopper_0000981,1,1,0.50756393
shopper_0000982,0,0,0.53999735
shopper_0000983,1,1,0.61313301
shopper_0000984,1,0,0.39661093
shopper_0000985,1,0,0.56618683
shopper_0000986,0,0,0.80770345
shopper_0000987,0,0,0.10492813
shopper_0000988,0,0,0.61883336
shopper_0000989,0,0,0.33368447
shopper_0000990,1,0,0.19702723
shopper_0000991,0,0,0.49295451
shopper_0000992,1,0,0.36705952
shopper_0000993,1,0,0.65205531
shopper_0000994,1,0,0.62548544
shopper_0000995,1,0,0.71763489
shopper_0000996,1,0,0.37980769
shopper_0000997,0,0,0.80896286
shopper_0000998,1,0,0.68752428
shopper_0000999,0,0,0.32058434
shopper_0001000,1,0,0.47496139
shopper_0001001,1,0,0.33775235
shopper_0001002,1,0,0.73266849
shopper_0001003,0,0,0.63864486
shopper_0001004,1,0,0.57893492
shopper_0001005,1,0,0.69617495
shopper_0001006,1,0,0.16695542
shopper_0001007,1,1,0.66077505
shopper_0001008,1,0,0.83326446
shopper_0001009,1,0,0.30519325
shopper_0001010,0,0,0.39713901
shopper_0001011,0,0,0.18453169
shopper_0001012,0,1,0.78177439
shopper_0001013,0,0,0.53126090
shopper_0001014,1,0,0.29350696
shopper_0001015,0,0,0.29495177
shopper_0001016,1,0,0.29018844
shopper_0001017,0,0,0.77528097
shopper_0001018,1,0,0.06701170
shopper_0001019,0,0,0.42084390
shopper_0001020,0,0,0.20235676
shopper_0001021,0,1,0.24284093
shopper_0001022,1,0,0.64224427
shopper_0001023,1,0,0.71723964
shopper_0001024,0,0,0.73856332
shopper_0001025,0,0,0.76483172
shopper_0001026,0,0,0.46561343
shopper_0001027,1,0,0.66373718
shopper_0001028,1,0,0.43237251
shopper_0001029,0,0,0.80682459
shopper_0001030,1,1,0.50094742
shopper_0001031,1,0,0.52139941
shopper_0001032,1,0,0.17854254
shopper_0001033,1,0,0.13792986
shopper_0001034,0,0,0.33899318
shopper_0001035,0,1,0.59933737
shopper_0001036,0,0,0.64356116
shopper_0001037,1,0,0.34739909
shopper_0001038,1,0,0.64823056
shopper_0001039,1,0,0.96287045
shopper_0001040,0,0,0.36013279
shopper_0001041,0,0,0.36552083
shopper_0001042,1,0,0.27079893
shopper_0001043,0,0,0.56909769
shopper_0001044,1,0,0.42499166
shopper_0001045,0,0,0.72915942
shopper_0001046,1,0,0.89287374
shopper_0001047,1,1,0.20711893
shopper_0001048,0,0,0.51283627
shopper_0001049,1,0,0.45906403
shopper_0001050,1,0,0.42548414
shopper_0001051,1,0,0.77558470
shopper_0001052,1,0,0.35981937
shopper_0001053,0,0,0.24643212
shopper_0001054,1,0,0.69854412
shopper_0001055,0,0,0.03584411
shopper_0001056,0,0,0.28974363
shopper_0001057,0,0,0.12581590
shopper_0001058,1,0,0.03665506
shopper_0001059,0,0,0.50803028
shopper_0001060,0,0,0.58355682
shopper_0001061,0,0,0.64381412
shopper_0001062,1,0,0.81515912
shopper_0001063,1,0,0.44716813
shopper_0001064,0,0,0.40972184
shopper_0001065,0,0,0.71432996
shopper_0001066,0,0,0.46330605
shopper_0001067,0,0,0.18499676
shopper_0001068,1,0,0.67948436
shopper_0001069,1,0,0.34222236
shopper_0001070,1,0,0.26206047
shopper_0001071,0,0,0.44340220
shopper_0001072,1,0,0.37967180
shopper_0001073,1,0,0.88480925
shopper_0001074,0,0,0.41098068
shopper_0001075,1,1,0.51797063
shopper_0001076,0,0,0.38664156
shopper_0001077,0,0,0.29881521
shopper_0001078,0,0,0.14788608
shopper_0001079,0,0,0.73368615
shopper_0001080,0,1,0.51513581
shopper_0001081,0,0,0.33838309
shopper_0001082,0,0,0.79001251
shopper_0001083,0,1,0.80762838
shopper_0001084,0,0,0.18271487
shopper_0001085,1,0,0.37021398
shopper_0001086,1,0,0.80027155
shopper_0001087,1,0,0.21567029
shopper_0001088,0,1,0.98566326
shopper_0001089,1,0,0.18794513
shopper_0001090,1,0,0.58515184
shopper_0001091,1,0,0.23909119
shopper_0001092,0,1,0.88342407
shopper_0001093,0,0,0.29559046
shopper_0001094,1,0,0.68911009
shopper_0001095,0,0,0.54782984
shopper_0001096,1,0,0.18544673
shopper_0001097,0,0,0.12205695
shopper_0001098,0,0,0.44552976
shopper_0001099,1,0,0.25791552
shopper_0001100,0,0,0.50431174
shopper_0001101,1,0,0.56571252
shopper_0001102,1,0,0.80428279
shopper_0001103,0,0,0.83973190
shopper_0001104,0,0,0.54669991
shopper_0001105,1,0,0.10472478
shopper_0001106,0,0,0.84726971
shopper_0001107,1,0,0.03613956
shopper_0001108,0,0,0.64111034
shopper_0001109,0,0,0.45269324
shopper_0001110,0,0,0.22346857
shopper_0001111,0,0,0.40867077
shopper_0001112,0,0,0.43142786
shopper_0001113,1,0,0.75774586
shopper_0001114,1,0,0.62341410
shopper_0001115,0,0,0.26370875
shopper_0001116,1,0,0.63278932
shopper_0001117,0,0,0.33232279
shopper_0001118,1,0,0.37418870
shopper_0001119,1,0,0.45427750
shopper_0001120,1,1,0.13134182
shopper_0001121,0,0,0.78265832
shopper_0001122,0,0,0.20919269
shopper_0001123,0,0,0.76499079
shopper_0001124,0,0,0.80424098
shopper_0001125,0,0,0.65266190
shopper_0001126,0,1,0.62802783
shopper_0001127,1,0,0.44635106
shopper_0001128,0,0,0.57129702
shopper_0001129,1,0,0.51657771
shopper_0001130,1,0,0.90097022
shopper_0001131,1,0,0.41916339
shopper_0001132,0,0,0.15532695
shopper_0001133,1,0,0.80135669
shopper_0001134,1,0,0.55239775
shopper_0001135,1,1,0.27167676
shopper_0001136,1,0,0.21040855
shopper_0001137,0,0,0.40782312
shopper_0001138,1,1,0.55293148
shopper_0001139,1,0,0.42400257
shopper_0001140,1,0,0.14723228
shopper_0001141,0,0,0.65920553
shopper_0001142,0,0,0.11810911
shopper_0001143,1,0,0.05475217
shopper_0001144,0,0,0.46884559
shopper_0001145,1,0,0.39569598
shopper_0001146,1,0,0.61597872
shopper_0001147,0,0,0.60953140
shopper_0001148,1,0,0.25297892
shopper_0001149,0,0,0.11030387
shopper_0001150,1,0,0.65756544
shopper_0001151,1,0,0.52449571
shopper_0001152,1,0,0.42878145
shopper_0001153,0,0,0.35657979
shopper_0001154,1,0,0.51746564
shopper_0001155,1,0,0.61198158
shopper_0001156,1,0,0.38435115
shopper_0001157,1,0,0.49808561
shopper_0001158,0,0,0.60798637
shopper_0001159,1,0,0.12440643
shopper_0001160,1,0,0.09559192
shopper_0001161,0,0,0.26443325
shopper_0001162,0,0,0.23084824
shopper_0001163,0,0,0.74696575
shopper_0001164,1,0,0.93215414
shopper_0001165,1,0,0.83866705
shopper_0001166,0,0,0.87615273
shopper_0001167,0,0,0.46657007
shopper_0001168,0,0,0.32785111
shopper_0001169,0,0,0.79827367
shopper_0001170,0,0,0.59755933
shopper_0001171,1,0,0.87051300
shopper_0001172,1,0,0.14990374
shopper_0001173,0,0,0.24976558
shopper_0001174,1,0,0.21802973
shopper_0001175,1,0,0.14655852
shopper_0001176,0,0,0.71995646
shopper_0001177,0,0,0.28687636
shopper_0001178,1,0,0.68737526
shopper_0001179,0,0,0.39705831
shopper_0001180,0,0,0.23783943
shopper_0001181,0,0,0.35087467
shopper_0001182,1,0,0.75726250
shopper_0001183,0,0,0.58930503
shopper_0001184,0,0,0.51959133
shopper_0001185,0,0,0.39646508
shopper_0001186,0,0,0.65463589
shopper_0001187,1,0,0.32673775
shopper_0001188,1,0,0.34428290
shopper_0001189,0,0,0.27840336
shopper_0001190,1,0,0.76225998
shopper_0001191,0,1,0.68323653
shopper_0001192,0,1,0.73243003
shopper_0001193,0,0,0.85633784
shopper_0001194,0,0,0.54090734
shopper_0001195,0,0,0.39145374
shopper_0001196,0,0,0.07698933
shopper_0001197,1,0,0.29895059
shopper_0001198,0,0,0.19794024
shopper_0001199,0,0,0.79096953
shopper_0001200,1,0,0.76264655
shopper_0001201,0,0,0.56286525
shopper_0001202,1,0,0.53399138
shopper_0001203,1,0,0.31401821
shopper_0001204,1,0,0.73815518
shopper_0001205,0,0,0.43038353
shopper_0001206,1,0,0.41167708
shopper_0001207,1,0,0.85951511
shopper_0001208,1,0,0.79803449
shopper_0001209,0,0,0.42680395
shopper_0001210,1,0,0.21909531
shopper_0001211,0,0,0.32911397
shopper_0001212,1,0,0.61806136
shopper_0001213,1,0,0.33584224
shopper_0001214,0,0,0.59176500
shopper_0001215,0,0,0.74107735
shopper_0001216,0,0,0.30447412
shopper_0001217,1,0,0.10816827
shopper_0001218,1,0,0.15302406
shopper_0001219,1,0,0.30134429
shopper_0001220,1,0,0.37975944
shopper_0001221,0,0,0.73676545
shopper_0001222,1,0,0.16334862
shopper_0001223,1,0,0.36748325
shopper_0001224,0,0,0.86783876
shopper_0001225,0,0,0.49064270
shopper_0001226,1,0,0.87311947
shopper_0001227,0,1,0.60414199
shopper_0001228,1,0,0.08149957
shopper_0001229,1,0,0.75153087
shopper_0001230,0,0,0.34982372
shopper_0001231,1,0,0.43479614
shopper_0001232,1,0,0.30471638
shopper_0001233,1,0,0.32495318
shopper_0001234,1,0,0.33817914
shopper_0001235,0,0,0.38433550
shopper_0001236,1,0,0.66925731
shopper_0001237,0,0,0.89878134
shopper_0001238,1,0,0.85019234
shopper_0001239,1,0,0.62616558
shopper_0001240,1,0,0.78440338
shopper_0001241,1,1,0.85615717
shopper_0001242,1,1,0.53901513
shopper_0001243,1,0,0.47868108
shopper_0001244,1,0,0.49651720
shopper_0001245,0,0,0.54097315
shopper_0001246,1,0,0.70112026
shopper_0001247,0,0,0.82362228
shopper_0001248,0,0,0.10070382
shopper_0001249,1,0,0.59599838
shopper_0001250,1,0,0.23045114
shopper_0001251,0,0,0.80483931
shopper_0001252,1,0,0.49183415
shopper_0001253,0,0,0.33638507
shopper_0001254,0,0,0.50372361
shopper_0001255,0,0,0.35207129
shopper_0001256,0,0,0.55866505
shopper_0001257,0,0,0.85959826
shopper_0001258,0,0,0.51001374
shopper_0001259,0,0,0.61967127
shopper_0001260,1,0,0.77358876
shopper_0001261,1,0,0.70248914
shopper_0001262,1,0,0.65431925
shopper_0001263,0,0,0.15194478
shopper_0001264,0,0,0.91110683
shopper_0001265,1,0,0.76213279
shopper_0001266,0,0,0.51216386
shopper_0001267,1,0,0.17049632
shopper_0001268,0,0,0.15556279
shopper_0001269,0,0,0.73268679
shopper_0001270,0,0,0.28670953
shopper_0001271,1,0,0.89958943
shopper_0001272,1,0,0.25872196
shopper_0001273,0,1,0.39430111
shopper_0001274,1,0,0.50960464
shopper_0001275,0,0,0.32600162
shopper_0001276,1,0,0.74017491
shopper_0001277,1,0,0.74419427
shopper_0001278,0,0,0.33846106
shopper_0001279,1,0,0.81018668
shopper_0001280,1,0,0.68292022
shopper_0001281,1,0,0.46364417
shopper_0001282,0,0,0.79760956
shopper_0001283,1,0,0.21397662
shopper_0001284,0,0,0.71435418
shopper_0001285,1,0,0.81699330
shopper_0001286,0,0,0.75355302
shopper_0001287,0,0,0.46979559
shopper_0001288,0,0,0.85621463
shopper_0001289,1,0,0.28914872
shopper_0001290,1,0,0.46961178
shopper_0001291,0,0,0.79347469
shopper_0001292,1,0,0.65211647
shopper_0001293,1,0,0.55778364
shopper_0001294,1,1,0.44175777
shopper_0001295,1,0,0.78522045
shopper_0001296,1,0,0.68819214
shopper_0001297,1,1,0.89177383
shopper_0001298,1,0,0.24962428
shopper_0001299,0,0,0.32507428
shopper_0001300,0,0,0.67920194
shopper_0001301,0,0,0.46140472
shopper_0001302,1,0,0.55153998
shopper_0001303,0,0,0.55803356
shopper_0001304,0,0,0.81238310
shopper_0001305,1,0,0.36705216
shopper_0001306,1,0,0.16549577
shopper_0001307,0,0,0.56732828
shopper_0001308,0,0,0.28828929
shopper_0001309,0,0,0.33362712
shopper_0001310,1,0,0.61804476
shopper_0001311,0,0,0.20929377
shopper_0001312,1,0,0.31427018
shopper_0001313,1,0,0.43316714
shopper_0001314,0,0,0.49499554
shopper_0001315,0,0,0.69133724
shopper_0001316,1,0,0.60441514
shopper_0001317,0,1,0.79359734
shopper_0001318,1,0,0.51744482
shopper_0001319,1,0,0.70526962
shopper_0001320,0,0,0.74364051
shopper_0001321,1,0,0.24736244
shopper_0001322,1,0,0.13569755
shopper_0001323,0,0,0.70459950
shopper_0001324,0,0,0.29117325
shopper_0001325,0,0,0.62855617
shopper_0001326,0,0,0.49910897
shopper_0001327,0,0,0.76995869
shopper_0001328,1,0,0.79186820
shopper_0001329,0,0,0.51666102
shopper_0001330,0,0,0.21660947
shopper_0001331,0,0,0.80855214
shopper_0001332,1,0,0.33481900
shopper_0001333,0,0,0.51765601
shopper_0001334,1,0,0.91326069
shopper_0001335,1,0,0.14690571
shopper_0001336,0,0,0.38681697
shopper_0001337,1,0,0.42463582
shopper_0001338,1,0,0.80501045
shopper_0001339,0,0,0.83112784
shopper_0001340,0,0,0.29287609
shopper_0001341,1,0,0.44413344
shopper_0001342,0,0,0.09295467
shopper_0001343,0,0,0.49456649
shopper_0001344,1,0,0.50800888
shopper_0001345,0,0,0.67083711
shopper_0001346,0,0,0.68504273
shopper_0001347,1,0,0.53187500
shopper_0001348,1,1,0.52877428
shopper_0001349,1,0,0.88053063
shopper_0001350,0,0,0.54078102
shopper_0001351,1,0,0.03400743
shopper_0001352,0,0,0.28909183
shopper_0001353,0,0,0.78344115
shopper_0001354,0,0,0.71300227
shopper_0001355,0,0,0.55687165
shopper_0001356,0,0,0.66459243
shopper_0001357,0,0,0.20143002
shopper_0001358,0,0,0.36383283
shopper_0001359,1,0,0.49088299
shopper_0001360,0,0,0.16324869
shopper_0001361,1,0,0.35069391
shopper_0001362,0,0,0.37008126
shopper_0001363,1,0,0.56234050
shopper_0001364,0,0,0.72678119
shopper_0001365,1,0,0.76477523
shopper_0001366,0,0,0.53136640
shopper_0001367,1,0,0.22545543
shopper_0001368,1,0,0.50337874
shopper_0001369,1,0,0.31828316
shopper_0001370,1,0,0.89039152
shopper_0001371,0,0,0.46279225
shopper_0001372,0,0,0.72001461
shopper_0001373,1,0,0.44249964
shopper_0001374,1,0,0.37357622
shopper_0001375,1,0,0.24617787
shopper_0001376,0,0,0.85217511
shopper_0001377,0,0,0.41467885
shopper_0001378,0,0,0.15212317
shopper_0001379,0,0,0.58570476
shopper_0001380,1,1,0.81234897
shopper_0001381,0,0,0.51724553
shopper_0001382,0,1,0.55130300
shopper_0001383,1,0,0.39847247
shopper_0001384,1,1,0.61420959
shopper_0001385,0,0,0.51373713
shopper_0001386,1,0,0.42809039
shopper_0001387,1,0,0.05903773
shopper_0001388,0,0,0.77471712
shopper_0001389,1,0,0.18550683
shopper_0001390,0,0,0.82336286
shopper_0001391,1,0,0.80844373
shopper_0001392,0,0,0.36297809
shopper_0001393,1,0,0.28657641
shopper_0001394,0,0,0.38821341
shopper_0001395,0,0,0.34796057
shopper_0001396,1,0,0.27973786
shopper_0001397,1,0,0.37862862
shopper_0001398,0,0,0.38849644
shopper_0001399,0,0,0.39670624
shopper_0001400,1,0,0.41893272
shopper_0001401,1,0,0.37557273
shopper_0001402,1,0,0.65872033
shopper_0001403,0,0,0.40840236
shopper_0001404,0,0,0.33547129
shopper_0001405,0,0,0.44056440
shopper_0001406,0,0,0.83844112
shopper_0001407,1,0,0.54223235
shopper_0001408,1,0,0.66500526
shopper_0001409,0,0,0.28759858
shopper_0001410,0,0,0.34990083
shopper_0001411,1,0,0.56200806
shopper_0001412,0,0,0.59259965
shopper_0001413,0,0,0.51879891
shopper_0001414,0,1,0.57522418
shopper_0001415,0,0,0.82113727
shopper_0001416,0,1,0.33680999
shopper_0001417,0,0,0.62812906
shopper_0001418,0,0,0.55463865
shopper_0001419,1,0,0.73334255
shopper_0001420,1,0,0.83269689
shopper_0001421,0,0,0.59533398
shopper_0001422,1,0,0.50698348
shopper_0001423,1,0,0.65849980
shopper_0001424,0,0,0.37406436
shopper_0001425,0,0,0.22644440
shopper_0001426,1,0,0.85676770
shopper_0001427,0,0,0.31375572
shopper_0001428,0,0,0.44688214
shopper_0001429,0,0,0.61001431
shopper_0001430,1,0,0.03187633
shopper_0001431,0,0,0.38508908
shopper_0001432,1,0,0.41266808
shopper_0001433,1,0,0.54198689
shopper_0001434,1,0,0.45260245
shopper_0001435,1,0,0.77199691
shopper_0001436,0,0,0.57776286
shopper_0001437,0,0,0.95160993
shopper_0001438,1,0,0.19120435
shopper_0001439,0,1,0.90287309
shopper_0001440,0,0,0.83189479
shopper_0001441,1,0,0.08595410
shopper_0001442,1,1,0.50641565
shopper_0001443,0,1,0.73506594
shopper_0001444,0,0,0.36394101
shopper_0001445,1,0,0.64492408
shopper_0001446,0,0,0.46659431
shopper_0001447,1,0,0.74630837
shopper_0001448,1,0,0.49567959
shopper_0001449,1,0,0.16776870
shopper_0001450,0,0,0.58088857
shopper_0001451,0,0,0.69782512
shopper_0001452,1,0,0.06372087
shopper_0001453,0,0,0.53218165
shopper_0001454,1,0,0.31974814
shopper_0001455,1,0,0.62554079
shopper_0001456,0,0,0.80407928
shopper_0001457,0,0,0.20067069
shopper_0001458,1,0,0.42661374
shopper_0001459,0,0,0.64395458
shopper_0001460,0,0,0.31667433
shopper_0001461,1,0,0.27454221
shopper_0001462,0,0,0.70516996
shopper_0001463,1,0,0.41895205
shopper_0001464,0,0,0.53245957
shopper_0001465,1,0,0.41869154
shopper_0001466,1,0,0.55059598
shopper_0001467,0,0,0.82118553
shopper_0001468,1,0,0.50744119
shopper_0001469,1,0,0.74215707
shopper_0001470,0,0,0.80270282
shopper_0001471,0,0,0.32293066
shopper_0001472,0,0,0.41834131
shopper_0001473,0,0,0.55891380
shopper_0001474,0,0,0.83343966
shopper_0001475,0,0,0.93459787
shopper_0001476,1,1,0.64720338
shopper_0001477,0,0,0.69485978
shopper_0001478,1,0,0.54372811
shopper_0001479,1,0,0.79177590
shopper_0001480,1,0,0.51254477
shopper_0001481,1,0,0.53032148
shopper_0001482,1,0,0.25589957
shopper_0001483,1,1,0.69061027
shopper_0001484,0,0,0.54896652
shopper_0001485,0,0,0.53855082
shopper_0001486,0,0,0.35007972
shopper_0001487,1,0,0.14083604
shopper_0001488,0,0,0.07039771
shopper_0001489,1,0,0.68603574
shopper_0001490,0,0,0.33751015
shopper_0001491,1,0,0.64513106
shopper_0001492,1,0,0.37996719
shopper_0001493,0,1,0.64359679
shopper_0001494,1,0,0.31912429
shopper_0001495,0,0,0.65983694
shopper_0001496,1,0,0.74608105
shopper_0001497,0,0,0.80131699
shopper_0001498,0,1,0.77354379
shopper_0001499,1,0,0.19420462
shopper_0001500,0,0,0.60145853
shopper_0001501,0,0,0.67542095
shopper_0001502,0,1,0.57943634
shopper_0001503,1,0,0.17205940
shopper_0001504,0,0,0.66595536
shopper_0001505,0,0,0.67839030
shopper_0001506,0,0,0.44435461
shopper_0001507,1,0,0.19468699
shopper_0001508,1,0,0.65469163
shopper_0001509,0,0,0.75980422
shopper_0001510,1,0,0.63184896
shopper_0001511,0,0,0.30014648
shopper_0001512,0,0,0.30857900
shopper_0001513,1,0,0.26734103
shopper_0001514,0,0,0.84552928
shopper_0001515,1,0,0.15501586
shopper_0001516,1,1,0.50290880
shopper_0001517,1,0,0.88270120
shopper_0001518,1,0,0.43274798
shopper_0001519,0,0,0.40531533
shopper_0001520,0,0,0.47576380
shopper_0001521,1,0,0.57306508
shopper_0001522,0,0,0.83056239
shopper_0001523,0,1,0.33555776
shopper_0001524,1,0,0.37652384
shopper_0001525,1,0,0.61151497
shopper_0001526,1,0,0.78824230
shopper_0001527,1,0,0.19942158
shopper_0001528,0,0,0.34069169
shopper_0001529,1,0,0.44122305
shopper_0001530,0,0,0.47396394
shopper_0001531,0,0,0.77110417
shopper_0001532,1,0,0.90389554
shopper_0001533,0,0,0.25566104
shopper_0001534,1,0,0.58264301
shopper_0001535,0,0,0.30219925
shopper_0001536,0,0,0.57811586
shopper_0001537,0,0,0.59014969
shopper_0001538,1,0,0.75105220
shopper_0001539,0,0,0.69566720
shopper_0001540,1,1,0.69991608
shopper_0001541,0,0,0.59775572
shopper_0001542,1,0,0.33228200
shopper_0001543,0,1,0.55967251
shopper_0001544,0,0,0.51816020
shopper_0001545,0,0,0.64969505
shopper_0001546,1,0,0.61655978
shopper_0001547,0,0,0.69168534
shopper_0001548,1,0,0.86660212
shopper_0001549,0,0,0.57542474
shopper_0001550,0,0,0.19400473
shopper_0001551,0,0,0.28369229
shopper_0001552,0,1,0.18837719
shopper_0001553,0,0,0.72349286
shopper_0001554,0,0,0.48578858
shopper_0001555,1,0,0.44234102
shopper_0001556,1,0,0.20844352
shopper_0001557,0,0,0.25276686
shopper_0001558,0,1,0.56987144
shopper_0001559,0,0,0.25300952
shopper_0001560,0,0,0.57052411
shopper_0001561,0,0,0.27380075
shopper_0001562,1,0,0.18608732
shopper_0001563,0,1,0.77020810
shopper_0001564,1,0,0.69254430
shopper_0001565,1,0,0.44505685
shopper_0001566,0,0,0.51142134
shopper_0001567,0,0,0.68962920
shopper_0001568,0,0,0.39009191
shopper_0001569,0,0,0.69046639
shopper_0001570,1,0,0.13000167
shopper_0001571,1,0,0.22565581
shopper_0001572,0,0,0.85843247
shopper_0001573,1,0,0.68126111
shopper_0001574,1,0,0.61707932
shopper_0001575,1,0,0.40874621
shopper_0001576,0,0,0.13878413
shopper_0001577,0,0,0.81982749
shopper_0001578,1,0,0.73585540
shopper_0001579,0,0,0.16228516
shopper_0001580,1,0,0.57925755
shopper_0001581,0,0,0.36636616
shopper_0001582,0,0,0.21293342
shopper_0001583,1,0,0.87190873
shopper_0001584,0,0,0.54550268
shopper_0001585,1,0,0.48095042
shopper_0001586,0,1,0.54328769
shopper_0001587,0,0,0.46490829
shopper_0001588,0,0,0.27777912
shopper_0001589,0,0,0.79671023
shopper_0001590,1,0,0.48830386
shopper_0001591,1,0,0.69337631
shopper_0001592,0,0,0.39580954
shopper_0001593,1,0,0.67225536
shopper_0001594,1,0,0.13803909
shopper_0001595,1,0,0.42431625
shopper_0001596,0,0,0.61365928
shopper_0001597,0,0,0.43595739
shopper_0001598,0,0,0.44540467
shopper_0001599,1,0,0.57764707
shopper_0001600,0,0,0.45711050
shopper_0001601,0,0,0.81898305
shopper_0001602,0,0,0.38400184
shopper_0001603,1,0,0.22216581
shopper_0001604,0,0,0.50038612
shopper_0001605,1,0,0.36238989
shopper_0001606,0,0,0.10419593
shopper_0001607,0,0,0.68600432
shopper_0001608,1,0,0.78920515
shopper_0001609,1,0,0.46303798
shopper_0001610,1,1,0.33004740
shopper_0001611,1,0,0.64575603
shopper_0001612,1,0,0.07066031
shopper_0001613,0,0,0.31057995
shopper_0001614,0,0,0.47797222
shopper_0001615,1,0,0.59375128
shopper_0001616,1,0,0.62090676
shopper_0001617,1,0,0.37431065
shopper_0001618,0,0,0.41408308
shopper_0001619,0,0,0.61348915
shopper_0001620,0,0,0.17529978
shopper_0001621,0,0,0.41447205
shopper_0001622,1,0,0.51812826
shopper_0001623,1,0,0.45815579
shopper_0001624,1,0,0.42195847
shopper_0001625,0,0,0.57232509
shopper_0001626,0,0,0.39908384
shopper_0001627,1,0,0.54306267
shopper_0001628,1,0,0.61183212
shopper_0001629,0,0,0.49755811
shopper_0001630,0,0,0.74505801
shopper_0001631,1,0,0.43085571
shopper_0001632,1,0,0.50385603
shopper_0001633,1,0,0.27550210
shopper_0001634,0,0,0.74123574
shopper_0001635,0,0,0.73517752
shopper_0001636,0,1,0.50464793
shopper_0001637,1,0,0.47812325
shopper_0001638,1,0,0.76128887
shopper_0001639,0,0,0.21241973
shopper_0001640,1,1,0.56661049
shopper_0001641,1,0,0.30988080
shopper_0001642,0,0,0.51137094
shopper_0001643,0,0,0.25267508
shopper_0001644,1,0,0.40957200
shopper_0001645,1,0,0.71323655
shopper_0001646,0,0,0.78743654
shopper_0001647,0,1,0.85402236
shopper_0001648,0,0,0.78849378
shopper_0001649,1,0,0.22035119
shopper_0001650,1,0,0.56515784
shopper_0001651,0,0,0.77723888
shopper_0001652,0,0,0.19824427
shopper_0001653,0,0,0.60613928
shopper_0001654,1,0,0.10354914
shopper_0001655,0,0,0.68745222
shopper_0001656,1,0,0.57655728
shopper_0001657,1,1,0.30016192
shopper_0001658,1,0,0.27473440
shopper_0001659,0,0,0.54960797
shopper_0001660,0,0,0.55549172
shopper_0001661,1,0,0.45853458
shopper_0001662,1,0,0.89454468
shopper_0001663,0,0,0.65863155
shopper_0001664,1,0,0.39604888
shopper_0001665,1,0,0.09681311
shopper_0001666,0,0,0.50370493
shopper_0001667,1,1,0.29509936
shopper_0001668,1,0,0.15833991
shopper_0001669,0,0,0.58157189
shopper_0001670,1,0,0.82618547
shopper_0001671,1,0,0.50177489
shopper_0001672,1,0,0.41900711
shopper_0001673,1,0,0.68910903
shopper_0001674,0,1,0.45301587
shopper_0001675,1,0,0.53496047
shopper_0001676,1,0,0.11407186
shopper_0001677,0,0,0.54869065
shopper_0001678,0,1,0.34844277
shopper_0001679,0,0,0.48598082
shopper_0001680,1,0,0.37373525
shopper_0001681,0,0,0.10479751
shopper_0001682,0,0,0.92952671
shopper_0001683,1,0,0.66191823
shopper_0001684,1,0,0.49565155
shopper_0001685,0,0,0.91499509
shopper_0001686,0,0,0.27467886
shopper_0001687,0,0,0.34683235
shopper_0001688,1,0,0.62183600
shopper_0001689,1,0,0.54605394
shopper_0001690,1,0,0.35210435
shopper_0001691,0,0,0.61657791
shopper_0001692,0,0,0.17544617
shopper_0001693,1,0,0.84892228
shopper_0001694,1,0,0.72657257
shopper_0001695,1,0,0.48612591
shopper_0001696,0,0,0.41588376
shopper_0001697,0,0,0.04602459
shopper_0001698,0,0,0.64158956
shopper_0001699,0,0,0.71789950
shopper_0001700,0,0,0.25029862
shopper_0001701,1,0,0.23843067
shopper_0001702,0,0,0.59366954
shopper_0001703,0,0,0.55633324
shopper_0001704,0,0,0.35579383
shopper_0001705,0,0,0.70765316
shopper_0001706,1,0,0.59407742
shopper_0001707,1,0,0.41891840
shopper_0001708,1,0,0.32816544
shopper_0001709,0,0,0.32473448
shopper_0001710,0,1,0.46506295
shopper_0001711,1,0,0.34399683
shopper_0001712,0,0,0.45343549
shopper_0001713,0,0,0.75106869
shopper_0001714,0,0,0.43746682
shopper_0001715,0,0,0.54278806
shopper_0001716,1,0,0.42683215
shopper_0001717,1,1,0.49320502
shopper_0001718,1,0,0.52764960
shopper_0001719,1,0,0.38655364
shopper_0001720,1,0,0.64773588
shopper_0001721,1,1,0.67227474
shopper_0001722,0,0,0.60943286
shopper_0001723,0,0,0.49403658
shopper_0001724,1,0,0.57002246
shopper_0001725,1,0,0.52455027
shopper_0001726,1,0,0.39345113
shopper_0001727,1,0,0.22455135
shopper_0001728,0,0,0.32175475
shopper_0001729,1,0,0.23782325
shopper_0001730,0,0,0.79121420
shopper_0001731,1,0,0.42200522
shopper_0001732,1,0,0.46446697
shopper_0001733,0,0,0.11179971
shopper_0001734,1,0,0.18893856
shopper_0001735,1,0,0.22580364
shopper_0001736,0,0,0.63515495
shopper_0001737,1,0,0.09951607
shopper_0001738,1,1,0.18159552
shopper_0001739,1,0,0.66158785
shopper_0001740,0,0,0.70073844
shopper_0001741,0,0,0.84312292
shopper_0001742,0,0,0.59783456
shopper_0001743,1,0,0.60829134
shopper_0001744,1,0,0.39457382
shopper_0001745,0,0,0.42023837
shopper_0001746,0,0,0.25532136
shopper_0001747,0,0,0.58805962
shopper_0001748,0,0,0.24463740
shopper_0001749,1,0,0.56879521
shopper_0001750,1,0,0.33160919
shopper_0001751,0,0,0.56329293
shopper_0001752,1,0,0.49104826
shopper_0001753,0,0,0.32666704
shopper_0001754,0,0,0.45127867
shopper_0001755,0,0,0.71107166
shopper_0001756,1,1,0.83512675
shopper_0001757,0,0,0.55595016
shopper_0001758,1,0,0.24903842
shopper_0001759,1,0,0.32785353
shopper_0001760,0,1,0.27591846
shopper_0001761,1,0,0.54685601
shopper_0001762,0,0,0.12414875
shopper_0001763,1,0,0.35775854
shopper_0001764,1,0,0.63391162
shopper_0001765,1,0,0.85031009
shopper_0001766,0,0,0.92253556
shopper_0001767,0,1,0.55459740
shopper_0001768,1,0,0.88430407
shopper_0001769,1,0,0.79362733
shopper_0001770,1,0,0.12538780
shopper_0001771,1,0,0.61108174
shopper_0001772,1,0,0.15430744
shopper_0001773,0,0,0.21218604
shopper_0001774,0,0,0.40832799
shopper_0001775,0,0,0.35071713
shopper_0001776,0,0,0.84083896
shopper_0001777,0,0,0.21854775
shopper_0001778,1,0,0.54505651
shopper_0001779,1,0,0.49248723
shopper_0001780,1,0,0.48426111
shopper_0001781,1,0,0.29355140
shopper_0001782,0,0,0.65748254
shopper_0001783,0,0,0.69926890
shopper_0001784,0,0,0.16399542
shopper_0001785,1,0,0.59067966
shopper_0001786,1,0,0.51282046
shopper_0001787,0,0,0.27623138
shopper_0001788,0,1,0.61366059
shopper_0001789,0,0,0.11368921
shopper_0001790,1,0,0.70698627
shopper_0001791,1,0,0.46434440
shopper_0001792,1,0,0.18756323
shopper_0001793,1,0,0.78350743
shopper_0001794,1,0,0.67609839
shopper_0001795,0,0,0.88818878
shopper_0001796,1,0,0.64378084
shopper_0001797,0,0,0.24890604
shopper_0001798,1,0,0.37632958
shopper_0001799,1,0,0.10987306
shopper_0001800,1,0,0.66973844
shopper_0001801,1,0,0.61068792
shopper_0001802,1,0,0.65890454
shopper_0001803,1,0,0.11705820
shopper_0001804,0,1,0.53240071
shopper_0001805,0,0,0.33736922
shopper_0001806,0,0,0.16428794
shopper_0001807,1,0,0.30830375
shopper_0001808,0,0,0.50521011
shopper_0001809,1,0,0.52150601
shopper_0001810,1,0,0.27029394
shopper_0001811,0,0,0.70608858
shopper_0001812,1,0,0.65755791
shopper_0001813,0,0,0.29294542
shopper_0001814,1,0,0.49802393
shopper_0001815,0,0,0.74454114
shopper_0001816,0,0,0.25463457
shopper_0001817,1,0,0.44452809
shopper_0001818,1,0,0.39700629
shopper_0001819,0,0,0.58819637
shopper_0001820,1,0,0.56866224
shopper_0001821,1,0,0.84731765
shopper_0001822,0,0,0.47329586
shopper_0001823,1,1,0.59519213
shopper_0001824,0,0,0.46877578
shopper_0001825,0,0,0.40693236
shopper_0001826,1,0,0.75762235
shopper_0001827,1,0,0.63357152
shopper_0001828,0,0,0.10421216
shopper_0001829,1,0,0.36949501
shopper_0001830,0,0,0.40350199
shopper_0001831,1,0,0.72545719
shopper_0001832,1,0,0.18789356
shopper_0001833,1,0,0.39987946
shopper_0001834,0,0,0.73916693
shopper_0001835,0,0,0.20285986
shopper_0001836,1,0,0.70722543
shopper_0001837,1,0,0.30728042
shopper_0001838,0,0,0.31851749
shopper_0001839,1,0,0.34761730
shopper_0001840,1,0,0.44931620
shopper_0001841,1,0,0.13733839
shopper_0001842,0,1,0.69474131
shopper_0001843,0,0,0.89237637
shopper_0001844,1,0,0.17669116
shopper_0001845,1,0,0.53767372
shopper_0001846,0,0,0.84582815
shopper_0001847,1,0,0.75894439
shopper_0001848,0,0,0.42634163
shopper_0001849,1,1,0.77448471
shopper_0001850,1,0,0.43996419
shopper_0001851,0,0,0.73569091
shopper_0001852,0,0,0.53572191
shopper_0001853,0,0,0.34980168
shopper_0001854,0,0,0.77554401
shopper_0001855,0,0,0.04840035
shopper_0001856,0,0,0.44005132
shopper_0001857,1,0,0.34656642
shopper_0001858,0,0,0.27830831
shopper_0001859,0,0,0.23419878
shopper_0001860,1,0,0.22019534
shopper_0001861,1,0,0.25498133
shopper_0001862,0,0,0.41479803
shopper_0001863,0,0,0.95808203
shopper_0001864,1,0,0.39573597
shopper_0001865,1,0,0.53868259
shopper_0001866,1,0,0.65401227
shopper_0001867,0,0,0.41836243
shopper_0001868,0,0,0.19145359
shopper_0001869,1,0,0.25771780
shopper_0001870,0,0,0.18610155
shopper_0001871,0,0,0.12156029
shopper_0001872,1,0,0.18020384
shopper_0001873,1,0,0.24189040
shopper_0001874,1,0,0.69344149
shopper_0001875,0,0,0.12312253
shopper_0001876,1,0,0.46147818
shopper_0001877,0,0,0.67279836
shopper_0001878,1,0,0.52280200
shopper_0001879,0,0,0.59940388
shopper_0001880,0,0,0.68406413
shopper_0001881,0,0,0.44697148
shopper_0001882,0,0,0.76398265
shopper_0001883,0,1,0.85271273
shopper_0001884,1,0,0.26536356
shopper_0001885,0,0,0.14136932
shopper_0001886,0,0,0.19731745
shopper_0001887,1,0,0.36876938
shopper_0001888,0,0,0.73765085
shopper_0001889,1,0,0.13259427
shopper_0001890,1,0,0.87999633
shopper_0001891,0,0,0.76920990
shopper_0001892,0,0,0.41373395
shopper_0001893,0,0,0.38003440
shopper_0001894,1,1,0.84792199
shopper_0001895,0,1,0.88392618
shopper_0001896,0,0,0.60727933
shopper_0001897,1,0,0.41816451
shopper_0001898,1,1,0.68498910
shopper_0001899,0,0,0.54418231
shopper_0001900,0,0,0.25628602
shopper_0001901,0,0,0.67522444
shopper_0001902,1,0,0.32519609
shopper_0001903,0,0,0.85857561
shopper_0001904,0,0,0.39093069
shopper_0001905,1,0,0.28641105
shopper_0001906,0,0,0.70628175
shopper_0001907,0,0,0.55011614
shopper_0001908,1,0,0.13042621
shopper_0001909,0,0,0.37424790
shopper_0001910,1,1,0.81109118
shopper_0001911,1,0,0.84789749
shopper_0001912,0,0,0.68469385
shopper_0001913,1,0,0.27610906
shopper_0001914,1,0,0.56828748
shopper_0001915,1,0,0.42279126
shopper_0001916,0,0,0.98686580
shopper_0001917,1,0,0.94700879
shopper_0001918,1,0,0.80224067
shopper_0001919,0,0,0.12793623
shopper_0001920,1,0,0.26896215
shopper_0001921,1,0,0.36251443
shopper_0001922,1,0,0.73922217
shopper_0001923,1,0,0.50191228
shopper_0001924,1,0,0.92898826
shopper_0001925,1,0,0.84990128
shopper_0001926,0,0,0.60053702
shopper_0001927,0,0,0.47374332
shopper_0001928,0,0,0.51631749
shopper_0001929,0,0,0.72048793
shopper_0001930,1,0,0.52237933
shopper_0001931,0,0,0.59459333
shopper_0001932,1,0,0.50381963
shopper_0001933,1,0,0.72459818
shopper_0001934,1,0,0.80470988
shopper_0001935,0,0,0.60742887
shopper_0001936,0,0,0.58902716
shopper_0001937,0,1,0.61766729
shopper_0001938,0,0,0.40905930
shopper_0001939,1,0,0.90485368
shopper_0001940,0,0,0.12100871
shopper_0001941,0,0,0.36659302
shopper_0001942,1,0,0.81526746
shopper_0001943,0,0,0.30893786
shopper_0001944,0,0,0.67276913
shopper_0001945,1,0,0.61435797
shopper_0001946,1,0,0.34666621
shopper_0001947,0,0,0.42321120
shopper_0001948,1,0,0.79347303
shopper_0001949,1,0,0.29983341
shopper_0001950,0,0,0.35174828
shopper_0001951,0,0,0.50256392
shopper_0001952,0,0,0.23354809
shopper_0001953,0,1,0.63152607
shopper_0001954,1,1,0.57148420
shopper_0001955,0,0,0.54541603
shopper_0001956,1,0,0.71525135
shopper_0001957,1,0,0.67334569
shopper_0001958,0,0,0.11359739
shopper_0001959,0,0,0.77656755
shopper_0001960,0,1,0.44801023
shopper_0001961,1,0,0.19446348
shopper_0001962,0,0,0.35213405
shopper_0001963,1,1,0.95819958
shopper_0001964,0,0,0.76884264
shopper_0001965,0,0,0.65421825
shopper_0001966,0,0,0.33664226
shopper_0001967,0,0,0.60728749
shopper_0001968,0,0,0.45680704
shopper_0001969,0,0,0.15066978
shopper_0001970,0,0,0.75077738
shopper_0001971,1,0,0.53241253
shopper_0001972,1,0,0.51217643
shopper_0001973,1,1,0.69140010
shopper_0001974,1,1,0.66358705
shopper_0001975,1,0,0.66365725
shopper_0001976,0,0,0.56294565
shopper_0001977,0,0,0.66064657
shopper_0001978,0,0,0.93084860
shopper_0001979,1,0,0.46468519
shopper_0001980,1,0,0.25863023
shopper_0001981,0,0,0.29176489
shopper_0001982,0,0,0.57517060
shopper_0001983,1,0,0.31029297
shopper_0001984,1,0,0.74476377
shopper_0001985,1,0,0.67108545
shopper_0001986,0,0,0.25564599
shopper_0001987,0,0,0.77112179
shopper_0001988,0,0,0.74430029
shopper_0001989,1,0,0.37106970
shopper_0001990,1,0,0.17999497
shopper_0001991,0,0,0.66972337
shopper_0001992,0,1,0.50871662
shopper_0001993,1,0,0.54247922
shopper_0001994,0,0,0.32095764
shopper_0001995,1,0,0.53221356
shopper_0001996,1,1,0.71444287
shopper_0001997,0,0,0.56089923
shopper_0001998,1,0,0.66228389
shopper_0001999,1,0,0.37862784
shopper_0002000,0,0,0.41797456
shopper_0002001,0,0,0.73660351
shopper_0002002,0,0,0.70136682
shopper_0002003,0,0,0.83090365
shopper_0002004,1,0,0.41034372
shopper_0002005,1,0,0.91577382
shopper_0002006,0,0,0.18501527
shopper_0002007,0,0,0.57656131
shopper_0002008,0,0,0.85838516
shopper_0002009,1,0,0.58065277
shopper_0002010,0,0,0.79554674
shopper_0002011,0,0,0.59866228
shopper_0002012,0,1,0.23318171
shopper_0002013,1,0,0.57964582
shopper_0002014,0,0,0.14642652
shopper_0002015,0,0,0.19239996
shopper_0002016,0,0,0.37612472
shopper_0002017,1,0,0.08450668
shopper_0002018,1,0,0.25555178
shopper_0002019,0,0,0.71251010
shopper_0002020,1,0,0.39978250
shopper_0002021,0,0,0.79783252
shopper_0002022,1,1,0.21220610
shopper_0002023,0,0,0.15329665
shopper_0002024,1,0,0.71540589
shopper_0002025,1,0,0.70240424
shopper_0002026,1,0,0.45764376
shopper_0002027,1,0,0.63399955
shopper_0002028,0,1,0.42166349
shopper_0002029,1,0,0.42176853
shopper_0002030,1,0,0.55728231
shopper_0002031,0,0,0.78135273
shopper_0002032,1,0,0.40905502
shopper_0002033,0,0,0.41848705
shopper_0002034,1,1,0.29576556
shopper_0002035,1,0,0.44959194
shopper_0002036,0,0,0.38908482
shopper_0002037,0,0,0.29880716
shopper_0002038,0,0,0.54863157
shopper_0002039,0,0,0.54697656
shopper_0002040,1,1,0.92888278
shopper_0002041,0,0,0.44768129
shopper_0002042,0,0,0.19389922
shopper_0002043,0,1,0.30701425
shopper_0002044,0,1,0.54409314
shopper_0002045,0,0,0.56085713
shopper_0002046,1,0,0.81898191
shopper_0002047,0,1,0.58809189
shopper_0002048,1,0,0.43076599
shopper_0002049,0,0,0.34757362
shopper_0002050,0,0,0.29340958
shopper_0002051,0,0,0.25883377
shopper_0002052,0,0,0.67628060
shopper_0002053,0,0,0.85673674
shopper_0002054,0,0,0.33233151
shopper_0002055,1,0,0.48052790
shopper_0002056,0,0,0.67820597
shopper_0002057,0,0,0.46385804
shopper_0002058,0,0,0.25076760
shopper_0002059,0,0,0.30306345
shopper_0002060,0,0,0.48004950
shopper_0002061,1,0,0.56908689
shopper_0002062,0,0,0.46871152
shopper_0002063,1,0,0.75112193
shopper_0002064,1,0,0.39934316
shopper_0002065,1,0,0.61412968
shopper_0002066,0,0,0.97750589
shopper_0002067,0,0,0.67278858
shopper_0002068,1,0,0.11649715
shopper_0002069,1,0,0.50939691
shopper_0002070,0,0,0.42047513
shopper_0002071,0,0,0.70656839
shopper_0002072,1,0,0.70677847
shopper_0002073,0,0,0.65818716
shopper_0002074,1,0,0.46031386
shopper_0002075,0,0,0.54032351
shopper_0002076,1,0,0.87345172
shopper_0002077,1,0,0.57220982
shopper_0002078,1,0,0.26401845
shopper_0002079,0,0,0.58453961
shopper_0002080,0,0,0.51326406
shopper_0002081,0,1,0.89000540
shopper_0002082,1,0,0.54277262
shopper_0002083,1,0,0.60241265
shopper_0002084,0,0,0.65076383
shopper_0002085,0,0,0.78773304
shopper_0002086,0,0,0.63044478
shopper_0002087,0,0,0.14935853
shopper_0002088,0,0,0.65604836
shopper_0002089,0,0,0.30591860
shopper_0002090,0,0,0.14114230
shopper_0002091,0,0,0.79666487
shopper_0002092,1,0,0.19953434
shopper_0002093,1,1,0.71011678
shopper_0002094,0,0,0.67565373
shopper_0002095,0,0,0.58384467
shopper_0002096,0,0,0.13581242
shopper_0002097,0,0,0.74814949
shopper_0002098,1,0,0.87851687
shopper_0002099,1,0,0.48946571
shopper_0002100,1,0,0.64938363
shopper_0002101,1,0,0.88012402
shopper_0002102,0,0,0.09338483
shopper_0002103,0,0,0.76907463
shopper_0002104,0,0,0.52169901
shopper_0002105,1,0,0.25023754
shopper_0002106,1,0,0.08665348
shopper_0002107,1,0,0.45587494
shopper_0002108,0,0,0.43695280
shopper_0002109,1,0,0.48275664
shopper_0002110,1,1,0.27002387
shopper_0002111,0,0,0.77864968
shopper_0002112,1,0,0.40869265
shopper_0002113,1,0,0.97226728
shopper_0002114,1,0,0.82591349
shopper_0002115,1,0,0.22466875
shopper_0002116,1,0,0.15931712
shopper_0002117,0,1,0.34421272
shopper_0002118,1,0,0.09192046
shopper_0002119,0,0,0.61265996
shopper_0002120,0,0,0.20856611
shopper_0002121,0,0,0.70619391
shopper_0002122,1,1,0.92455761
shopper_0002123,1,0,0.71077507
shopper_0002124,1,0,0.78493179
shopper_0002125,1,0,0.25698663
shopper_0002126,0,0,0.63081862
shopper_0002127,0,0,0.45752373
shopper_0002128,0,0,0.45253804
shopper_0002129,0,0,0.25716003
shopper_0002130,0,0,0.70072829
shopper_0002131,1,0,0.47668883
shopper_0002132,0,0,0.83742688
shopper_0002133,0,0,0.19219074
shopper_0002134,0,0,0.18086467
shopper_0002135,1,0,0.77963578
shopper_0002136,0,0,0.60923844
shopper_0002137,1,0,0.18493289
shopper_0002138,1,1,0.38548118
shopper_0002139,0,0,0.30062708
shopper_0002140,0,1,0.72999722
shopper_0002141,1,0,0.32386246
shopper_0002142,1,0,0.71690721
shopper_0002143,0,0,0.63239709
shopper_0002144,0,0,0.41230959
shopper_0002145,1,0,0.18038254
shopper_0002146,1,0,0.17374033
shopper_0002147,0,0,0.79760758
shopper_0002148,1,0,0.48104180
shopper_0002149,0,0,0.43529314
shopper_0002150,0,0,0.50968869
shopper_0002151,0,0,0.63635577
shopper_0002152,1,0,0.43982358
shopper_0002153,0,0,0.89694351
shopper_0002154,0,0,0.48444220
shopper_0002155,1,0,0.51684079
shopper_0002156,0,0,0.80721780
shopper_0002157,0,0,0.34290558
shopper_0002158,1,0,0.84845136
shopper_0002159,1,0,0.47241222
shopper_0002160,1,1,0.69722205
shopper_0002161,1,0,0.61354918
shopper_0002162,1,0,0.32868361
shopper_0002163,1,0,0.45790120
shopper_0002164,1,0,0.53224669
shopper_0002165,1,0,0.34217932
shopper_0002166,0,0,0.33309466
shopper_0002167,0,0,0.15562012
shopper_0002168,1,0,0.24933632
shopper_0002169,0,0,0.60798048
shopper_0002170,1,0,0.41085841
shopper_0002171,1,0,0.24604610
shopper_0002172,1,0,0.22996007
shopper_0002173,0,0,0.31144834
shopper_0002174,1,1,0.83896048
shopper_0002175,1,0,0.22047597
shopper_0002176,0,0,0.31171081
shopper_0002177,1,0,0.50084499
shopper_0002178,0,0,0.04497706
shopper_0002179,0,0,0.46259890
shopper_0002180,1,0,0.43260737
shopper_0002181,0,0,0.45886734
shopper_0002182,0,0,0.89616991
shopper_0002183,0,0,0.81668836
shopper_0002184,1,0,0.56254054
shopper_0002185,0,0,0.30033112
shopper_0002186,1,0,0.97782744
shopper_0002187,0,0,0.71992486
shopper_0002188,0,0,0.26417675
shopper_0002189,1,0,0.73567143
shopper_0002190,0,0,0.81914805
shopper_0002191,0,0,0.84254132
shopper_0002192,1,0,0.89298008
shopper_0002193,1,0,0.35386648
shopper_0002194,1,1,0.44135124
shopper_0002195,1,0,0.46711384
shopper_0002196,0,0,0.84853411
shopper_0002197,1,0,0.43838585
shopper_0002198,1,0,0.79438570
shopper_0002199,1,0,0.45745176
shopper_0002200,1,0,0.47652630
shopper_0002201,1,0,0.03911282
shopper_0002202,1,0,0.64042601
shopper_0002203,1,0,0.51329136
shopper_0002204,1,0,0.60907676
shopper_0002205,0,0,0.48107038
shopper_0002206,0,0,0.45280305
shopper_0002207,1,0,0.89173048
shopper_0002208,0,0,0.11925418
shopper_0002209,0,0,0.42496269
shopper_0002210,0,0,0.49430644
shopper_0002211,1,0,0.61651814
shopper_0002212,0,1,0.67309715
shopper_0002213,1,1,0.74121787
shopper_0002214,0,0,0.32866863
shopper_0002215,0,0,0.36661885
shopper_0002216,1,1,0.02591124
shopper_0002217,1,0,0.80322272
shopper_0002218,1,1,0.24252773
shopper_0002219,1,0,0.81065991
shopper_0002220,0,0,0.17381633
shopper_0002221,0,0,0.74654827
shopper_0002222,1,0,0.53483950
shopper_0002223,1,0,0.10558726
shopper_0002224,0,0,0.51216618
shopper_0002225,0,0,0.97658396
shopper_0002226,1,0,0.54020761
shopper_0002227,0,0,0.94578894
shopper_0002228,1,0,0.49791969
shopper_0002229,0,0,0.82494794
shopper_0002230,1,1,0.64903899
shopper_0002231,0,0,0.47764274
shopper_0002232,1,0,0.41869516
shopper_0002233,0,0,0.46682072
shopper_0002234,0,0,0.71177610
shopper_0002235,1,0,0.46722057
shopper_0002236,1,0,0.66207829
shopper_0002237,0,0,0.17818767
shopper_0002238,0,0,0.65027907
shopper_0002239,1,0,0.14530669
shopper_0002240,0,0,0.09016589
shopper_0002241,0,0,0.32157408
shopper_0002242,0,0,0.28933461
shopper_0002243,0,0,0.55202965
shopper_0002244,0,0,0.76070216
shopper_0002245,0,0,0.46174533
shopper_0002246,0,0,0.36340797
shopper_0002247,1,0,0.69758380
shopper_0002248,1,0,0.25277022
shopper_0002249,1,0,0.80330407
shopper_0002250,0,0,0.11531466
shopper_0002251,1,0,0.34763810
shopper_0002252,0,0,0.68421573
shopper_0002253,1,0,0.61262631
shopper_0002254,0,0,0.52949107
shopper_0002255,1,0,0.03766072
shopper_0002256,1,0,0.48359497
shopper_0002257,1,0,0.14605876
shopper_0002258,1,0,0.50206924
shopper_0002259,1,0,0.19684492
shopper_0002260,0,0,0.18524540
shopper_0002261,1,0,0.26556492
shopper_0002262,1,0,0.50122507
shopper_0002263,1,0,0.40644371
shopper_0002264,0,0,0.25966379
shopper_0002265,1,0,0.86616852
shopper_0002266,0,0,0.68219279
shopper_0002267,0,0,0.87274145
shopper_0002268,1,0,0.87739161
shopper_0002269,0,1,0.57021532
shopper_0002270,0,0,0.25058126
shopper_0002271,1,0,0.63022034
shopper_0002272,1,0,0.51377890
shopper_0002273,1,0,0.87466203
shopper_0002274,1,1,0.32261273
shopper_0002275,1,1,0.74650307
shopper_0002276,1,1,0.17032658
shopper_0002277,0,0,0.83986810
shopper_0002278,1,0,0.43998939
shopper_0002279,0,0,0.91110431
shopper_0002280,0,0,0.22454426
shopper_0002281,1,0,0.27355137
shopper_0002282,1,1,0.69976017
shopper_0002283,1,0,0.52182608
shopper_0002284,1,0,0.28974653
shopper_0002285,1,0,0.34272087
shopper_0002286,0,0,0.86287193
shopper_0002287,1,0,0.28532283
shopper_0002288,1,0,0.83948531
shopper_0002289,1,0,0.24111501
shopper_0002290,0,0,0.25348813
shopper_0002291,1,0,0.41681768
shopper_0002292,0,0,0.17424116
shopper_0002293,0,0,0.37354946
shopper_0002294,0,0,0.46339710
shopper_0002295,1,0,0.63978473
shopper_0002296,0,0,0.24407085
shopper_0002297,0,0,0.13222383
shopper_0002298,0,0,0.47507945
shopper_0002299,0,0,0.26671546
shopper_0002300,1,0,0.59339290
shopper_0002301,1,0,0.72197083
shopper_0002302,1,0,0.55714871
shopper_0002303,0,0,0.67577374
shopper_0002304,1,0,0.51378348
shopper_0002305,1,0,0.17318898
shopper_0002306,1,0,0.80048386
shopper_0002307,1,1,0.91231588
shopper_0002308,0,0,0.45391889
shopper_0002309,0,0,0.34342510
shopper_0002310,0,0,0.30468417
shopper_0002311,1,0,0.55382206
shopper_0002312,0,0,0.50356605
shopper_0002313,1,0,0.26570687
shopper_0002314,1,0,0.61803970
shopper_0002315,0,0,0.88358296
shopper_0002316,0,0,0.77912427
shopper_0002317,0,0,0.60703397
shopper_0002318,0,0,0.36391580
shopper_0002319,1,0,0.51967538
shopper_0002320,1,0,0.10664644
shopper_0002321,1,0,0.40368519
shopper_0002322,0,0,0.34811346
shopper_0002323,0,0,0.44249828
shopper_0002324,0,0,0.38296052
shopper_0002325,0,0,0.34719435
shopper_0002326,1,0,0.75106266
shopper_0002327,0,0,0.29406000
shopper_0002328,0,0,0.85711482
shopper_0002329,1,0,0.38443674
shopper_0002330,0,0,0.56198779
shopper_0002331,1,0,0.22308808
shopper_0002332,0,0,0.65142713
shopper_0002333,1,0,0.49465975
shopper_0002334,0,1,0.54482544
shopper_0002335,0,0,0.38960514
shopper_0002336,1,0,0.22262006
shopper_0002337,1,1,0.66666437
shopper_0002338,0,0,0.24955179
shopper_0002339,0,0,0.25928431
shopper_0002340,1,1,0.75803692
shopper_0002341,0,1,0.53620709
shopper_0002342,0,0,0.25220798
shopper_0002343,1,0,0.50196355
shopper_0002344,0,0,0.39715404
shopper_0002345,1,0,0.72954062
shopper_0002346,0,0,0.62888956
shopper_0002347,0,0,0.64876657
shopper_0002348,1,0,0.44631327
shopper_0002349,1,0,0.33575404
shopper_0002350,0,0,0.12301791
shopper_0002351,0,0,0.27679408
shopper_0002352,1,0,0.90383489
shopper_0002353,1,0,0.48849138
shopper_0002354,0,1,0.93994959
shopper_0002355,1,0,0.89163203
shopper_0002356,1,0,0.38009559
shopper_0002357,1,0,0.15598877
shopper_0002358,0,0,0.11564886
shopper_0002359,0,0,0.22522558
shopper_0002360,0,0,0.56474212
shopper_0002361,1,0,0.65439962
shopper_0002362,0,1,0.36823139
shopper_0002363,0,0,0.43919028
shopper_0002364,0,1,0.13880088
shopper_0002365,0,0,0.45980956
shopper_0002366,1,0,0.53661844
shopper_0002367,0,0,0.96388020
shopper_0002368,1,0,0.05719773
shopper_0002369,0,0,0.72552537
shopper_0002370,0,0,0.50839108
shopper_0002371,0,0,0.50478491
shopper_0002372,0,0,0.31000317
shopper_0002373,0,0,0.58624931
shopper_0002374,1,0,0.59173749
shopper_0002375,1,0,0.75348161
shopper_0002376,0,0,0.79530119
shopper_0002377,1,0,0.60690888
shopper_0002378,1,0,0.95876711
shopper_0002379,0,0,0.64811904
shopper_0002380,0,0,0.77178321
shopper_0002381,0,0,0.63809773
shopper_0002382,0,0,0.38854815
shopper_0002383,0,0,0.51543977
shopper_0002384,1,0,0.47707805
shopper_0002385,1,0,0.48217472
shopper_0002386,1,1,0.28690168
shopper_0002387,0,0,0.86394234
shopper_0002388,0,0,0.38190300
shopper_0002389,1,0,0.07570584
shopper_0002390,0,0,0.87079954
shopper_0002391,1,0,0.20101303
shopper_0002392,1,1,0.56550277
shopper_0002393,0,1,0.12905684
shopper_0002394,0,0,0.30967156
shopper_0002395,1,0,0.19867340
shopper_0002396,1,0,0.53228852
shopper_0002397,1,0,0.41264386
shopper_0002398,1,0,0.31803953
shopper_0002399,0,0,0.41831646
shopper_0002400,1,0,0.62330333
shopper_0002401,0,0,0.21848225
shopper_0002402,1,1,0.08199419
shopper_0002403,1,0,0.71011540
shopper_0002404,0,0,0.33055431
shopper_0002405,1,0,0.31080943
shopper_0002406,0,0,0.16210946
shopper_0002407,0,0,0.23048800
shopper_0002408,1,0,0.19809370
shopper_0002409,1,0,0.46928412
shopper_0002410,0,1,0.71724704
shopper_0002411,0,0,0.39178633
shopper_0002412,1,0,0.72302382
shopper_0002413,0,0,0.84299551
shopper_0002414,0,0,0.50111024
shopper_0002415,0,0,0.59885158
shopper_0002416,1,0,0.18144046
shopper_0002417,1,0,0.86992217
shopper_0002418,1,0,0.43848327
shopper_0002419,0,0,0.07958708
shopper_0002420,1,0,0.44512017
shopper_0002421,1,0,0.47916481
shopper_0002422,1,0,0.61356266
shopper_0002423,0,0,0.44372716
shopper_0002424,0,0,0.70064951
shopper_0002425,1,0,0.24686501
shopper_0002426,0,0,0.09908166
shopper_0002427,0,0,0.32918986
shopper_0002428,1,0,0.48976182
shopper_0002429,0,0,0.51311352
shopper_0002430,0,1,0.54854822
shopper_0002431,0,0,0.82682172
shopper_0002432,1,1,0.67685811
shopper_0002433,0,0,0.30473306
shopper_0002434,0,0,0.46446413
shopper_0002435,1,0,0.27843685
shopper_0002436,1,0,0.56467849
shopper_0002437,1,0,0.84017923
shopper_0002438,0,1,0.58193028
shopper_0002439,0,0,0.84846398
shopper_0002440,1,0,0.45133928
shopper_0002441,1,0,0.55582716
shopper_0002442,0,0,0.13756094
shopper_0002443,0,0,0.33731390
shopper_0002444,0,0,0.56632710
shopper_0002445,1,0,0.42346842
shopper_0002446,1,0,0.62684315
shopper_0002447,1,0,0.42405566
shopper_0002448,0,0,0.20382609
shopper_0002449,0,0,0.68464469
shopper_0002450,0,1,0.62048614
shopper_0002451,0,0,0.29776941
shopper_0002452,0,0,0.40325200
shopper_0002453,1,0,0.68957070
shopper_0002454,1,1,0.22247052
shopper_0002455,1,0,0.26903524
shopper_0002456,1,0,0.62892340
shopper_0002457,0,0,0.45298562
shopper_0002458,1,0,0.34932539
shopper_0002459,0,0,0.67784799
shopper_0002460,1,0,0.66418076
shopper_0002461,1,0,0.38178301
shopper_0002462,1,0,0.16108278
shopper_0002463,1,0,0.41182767
shopper_0002464,0,0,0.39011170
shopper_0002465,0,0,0.21777767
shopper_0002466,0,0,0.35152512
shopper_0002467,0,1,0.80783346
shopper_0002468,1,1,0.34801001
shopper_0002469,1,0,0.76770421
shopper_0002470,0,1,0.73412203
shopper_0002471,0,0,0.51475797
shopper_0002472,0,0,0.44180419
shopper_0002473,1,0,0.36510216
shopper_0002474,0,0,0.47060724
shopper_0002475,1,0,0.65748346
shopper_0002476,0,0,0.57275313
shopper_0002477,0,0,0.87833354
shopper_0002478,1,0,0.79669266
shopper_0002479,0,0,0.19173403
shopper_0002480,1,0,0.69495057
shopper_0002481,0,0,0.76796782
shopper_0002482,0,0,0.74490733
shopper_0002483,1,0,0.32438233
shopper_0002484,0,0,0.35203870
shopper_0002485,0,0,0.54043835
shopper_0002486,0,0,0.25038148
shopper_0002487,1,0,0.38234266
shopper_0002488,1,0,0.67842534
shopper_0002489,1,0,0.15410263
shopper_0002490,1,0,0.25749790
shopper_0002491,0,0,0.86295902
shopper_0002492,0,0,0.69346676
shopper_0002493,0,0,0.54654817
shopper_0002494,0,0,0.37444192
shopper_0002495,1,0,0.73542552
shopper_0002496,0,0,0.37978505
shopper_0002497,0,0,0.87687338
shopper_0002498,0,0,0.43647239
shopper_0002499,0,0,0.56264493
shopper_0002500,1,1,0.51472174
shopper_0002501,1,0,0.44705492
shopper_0002502,1,0,0.64218419
shopper_0002503,0,0,0.33778044
shopper_0002504,1,1,0.56030107
shopper_0002505,0,0,0.52417012
shopper_0002506,1,0,0.25679189
shopper_0002507,1,1,0.70424396
shopper_0002508,0,0,0.19576869
shopper_0002509,0,0,0.26282003
shopper_0002510,0,0,0.68041579
shopper_0002511,1,0,0.30546419
shopper_0002512,0,0,0.62821906
shopper_0002513,0,0,0.43606709
shopper_0002514,0,0,0.60060841
shopper_0002515,0,0,0.45516541
shopper_0002516,1,0,0.49290267
shopper_0002517,1,0,0.81931328
shopper_0002518,1,0,0.45183218
shopper_0002519,0,0,0.39137468
shopper_0002520,1,0,0.57888383
shopper_0002521,0,0,0.07565884
shopper_0002522,1,0,0.61969306
shopper_0002523,1,0,0.52846438
shopper_0002524,0,0,0.37318093
shopper_0002525,0,0,0.33882659
shopper_0002526,0,0,0.37789868
shopper_0002527,0,0,0.69019350
shopper_0002528,0,0,0.85280420
shopper_0002529,0,0,0.90743106
shopper_0002530,1,0,0.48276031
shopper_0002531,0,0,0.82545981
shopper_0002532,0,0,0.83471477
shopper_0002533,0,0,0.41791857
shopper_0002534,0,0,0.97990846
shopper_0002535,0,0,0.57145085
shopper_0002536,0,0,0.06586012
shopper_0002537,0,0,0.66661932
shopper_0002538,0,0,0.21110496
shopper_0002539,1,0,0.53081167
shopper_0002540,1,0,0.69238155
shopper_0002541,1,1,0.17235161
shopper_0002542,0,1,0.68136344
shopper_0002543,1,0,0.64321585
shopper_0002544,1,1,0.66382696
shopper_0002545,0,0,0.20141651
shopper_0002546,0,0,0.36374455
shopper_0002547,0,1,0.78825053
shopper_0002548,1,0,0.41423973
shopper_0002549,1,0,0.68145995
shopper_0002550,1,0,0.38965831
shopper_0002551,0,0,0.10771559
shopper_0002552,0,0,0.47563075
shopper_0002553,1,0,0.48732193
shopper_0002554,0,0,0.75363658
shopper_0002555,0,0,0.54662332
shopper_0002556,0,0,0.26703957
shopper_0002557,1,0,0.72945861
shopper_0002558,1,0,0.69655230
shopper_0002559,0,0,0.61178751
shopper_0002560,0,0,0.79069101
shopper_0002561,1,0,0.45821766
shopper_0002562,1,0,0.60750739
shopper_0002563,1,1,0.27793915
shopper_0002564,1,1,0.19833215
shopper_0002565,1,0,0.76253859
shopper_0002566,1,0,0.86613684
shopper_0002567,1,0,0.31395679
shopper_0002568,0,0,0.67158624
shopper_0002569,1,1,0.28974779
shopper_0002570,1,0,0.34638806
shopper_0002571,1,0,0.30076047
shopper_0002572,1,0,0.21513522
shopper_0002573,1,0,0.42092943
shopper_0002574,1,0,0.43493609
shopper_0002575,1,0,0.11344721
shopper_0002576,0,0,0.09975084
shopper_0002577,0,1,0.49984194
shopper_0002578,0,0,0.66976821
shopper_0002579,0,0,0.69688455
shopper_0002580,0,0,0.52098155
shopper_0002581,1,0,0.45658063
shopper_0002582,1,0,0.48950253
shopper_0002583,0,0,0.32551376
shopper_0002584,0,0,0.59034593
shopper_0002585,0,0,0.75890715
shopper_0002586,0,0,0.41472849
shopper_0002587,1,0,0.08815145
shopper_0002588,0,0,0.83747697
shopper_0002589,1,1,0.61290750
shopper_0002590,0,0,0.57386623
shopper_0002591,0,0,0.27078224
shopper_0002592,0,0,0.45857425
shopper_0002593,1,0,0.87624781
shopper_0002594,0,0,0.54448727
shopper_0002595,1,0,0.71264088
shopper_0002596,1,0,0.75722712
shopper_0002597,1,0,0.71132186
shopper_0002598,1,0,0.62977871
shopper_0002599,1,0,0.27551545
shopper_0002600,1,0,0.15253752
shopper_0002601,1,0,0.03103175
shopper_0002602,1,1,0.38525673
shopper_0002603,1,0,0.29370975
shopper_0002604,0,0,0.55556136
shopper_0002605,1,0,0.78055421
shopper_0002606,1,0,0.49216241
shopper_0002607,0,0,0.69339023
shopper_0002608,0,0,0.31000057
shopper_0002609,1,0,0.51519538
shopper_0002610,0,0,0.36758179
shopper_0002611,1,0,0.49358414
shopper_0002612,0,0,0.48488099
shopper_0002613,1,0,0.44415639
shopper_0002614,1,0,0.10352853
shopper_0002615,1,0,0.41891561
shopper_0002616,0,0,0.28334931
shopper_0002617,0,1,0.15234795
shopper_0002618,1,0,0.26385680
shopper_0002619,0,1,0.66477526
shopper_0002620,0,0,0.66842841
shopper_0002621,0,1,0.47102004
shopper_0002622,0,0,0.43778318
shopper_0002623,0,0,0.74774820
shopper_0002624,1,0,0.28783462
shopper_0002625,1,0,0.56612989
shopper_0002626,0,0,0.57614924
shopper_0002627,1,0,0.03052751
shopper_0002628,0,0,0.88160630
shopper_0002629,0,0,0.42122262
shopper_0002630,0,0,0.30826448
shopper_0002631,1,0,0.34415911
shopper_0002632,0,0,0.52065984
shopper_0002633,0,0,0.26591732
shopper_0002634,0,0,0.32971820
shopper_0002635,1,0,0.86405763
shopper_0002636,1,0,0.92473569
shopper_0002637,0,0,0.50429353
shopper_0002638,1,0,0.39137365
shopper_0002639,1,0,0.82896246
shopper_0002640,1,0,0.59807387
shopper_0002641,0,0,0.56400556
shopper_0002642,0,0,0.64425397
shopper_0002643,0,1,0.26131419
shopper_0002644,0,1,0.46264657
shopper_0002645,0,0,0.47090898
shopper_0002646,0,0,0.76115324
shopper_0002647,0,0,0.58990141
shopper_0002648,0,0,0.72321340
shopper_0002649,0,0,0.76228302
shopper_0002650,1,0,0.66882752
shopper_0002651,0,0,0.51799530
shopper_0002652,1,0,0.65226353
shopper_0002653,1,0,0.51683112
shopper_0002654,1,0,0.49753671
shopper_0002655,1,0,0.22461629
shopper_0002656,1,0,0.19069330
shopper_0002657,1,0,0.47201023
shopper_0002658,0,0,0.21944638
shopper_0002659,0,0,0.55357702
shopper_0002660,0,0,0.04193547
shopper_0002661,1,0,0.34130562
shopper_0002662,1,0,0.10855497
shopper_0002663,0,0,0.62010082
shopper_0002664,0,0,0.51051219
shopper_0002665,0,0,0.43611796
shopper_0002666,0,0,0.53841163
shopper_0002667,1,1,0.71189079
shopper_0002668,0,0,0.27186024
shopper_0002669,0,0,0.28817002
shopper_0002670,0,0,0.18646884
shopper_0002671,0,0,0.38826424
shopper_0002672,1,0,0.82113442
shopper_0002673,0,0,0.62095447
shopper_0002674,0,0,0.73064558
shopper_0002675,1,0,0.73105550
shopper_0002676,1,0,0.50773688
shopper_0002677,0,0,0.66033640
shopper_0002678,0,0,0.54263193
shopper_0002679,0,0,0.31359720
shopper_0002680,1,0,0.25839929
shopper_0002681,0,0,0.69204994
shopper_0002682,1,0,0.24360013
shopper_0002683,1,0,0.57754033
shopper_0002684,0,0,0.58694997
shopper_0002685,1,0,0.42351924
shopper_0002686,1,0,0.55023280
shopper_0002687,0,0,0.50163591
shopper_0002688,0,0,0.31924445
shopper_0002689,1,0,0.86124785
shopper_0002690,0,0,0.72785472
shopper_0002691,1,0,0.45097182
shopper_0002692,1,0,0.10034326
shopper_0002693,1,0,0.25801832
shopper_0002694,0,0,0.36624292
shopper_0002695,0,0,0.32161158
shopper_0002696,1,0,0.36608937
shopper_0002697,0,0,0.51239264
shopper_0002698,0,0,0.61821173
shopper_0002699,1,1,0.09674650
shopper_0002700,1,1,0.35639185
shopper_0002701,0,0,0.46463197
shopper_0002702,0,0,0.29535737
shopper_0002703,0,0,0.90600279
shopper_0002704,0,0,0.53999338
shopper_0002705,1,0,0.80154495
shopper_0002706,0,0,0.34145511
shopper_0002707,0,1,0.84919366
shopper_0002708,0,1,0.17424483
shopper_0002709,0,0,0.61481894
shopper_0002710,1,0,0.85156377
shopper_0002711,0,0,0.59301006
shopper_0002712,1,0,0.55628222
shopper_0002713,0,0,0.32082059
shopper_0002714,0,0,0.42332245
shopper_0002715,0,0,0.33678538
shopper_0002716,1,0,0.54483502
shopper_0002717,0,0,0.30976235
shopper_0002718,1,0,0.28843344
shopper_0002719,0,0,0.49955027
shopper_0002720,1,0,0.53186041
shopper_0002721,0,1,0.80137061
shopper_0002722,1,0,0.55817584
shopper_0002723,0,1,0.54857899
shopper_0002724,0,0,0.47355254
shopper_0002725,1,0,0.81424510
shopper_0002726,1,0,0.56988243
shopper_0002727,1,0,0.42221577
shopper_0002728,1,0,0.73768474
shopper_0002729,0,0,0.33227818
shopper_0002730,1,0,0.41973358
shopper_0002731,1,0,0.77362259
shopper_0002732,1,0,0.44704528
shopper_0002733,0,0,0.23652993
shopper_0002734,1,1,0.69539129
shopper_0002735,1,1,0.77389525
shopper_0002736,0,0,0.82227111
shopper_0002737,0,0,0.13407094
shopper_0002738,1,0,0.59638633
shopper_0002739,1,0,0.78753485
shopper_0002740,0,0,0.50793783
shopper_0002741,0,0,0.52945466
shopper_0002742,0,0,0.52606984
shopper_0002743,0,0,0.50134143
shopper_0002744,0,0,0.54856632
shopper_0002745,0,0,0.46024665
shopper_0002746,1,0,0.31454961
shopper_0002747,0,0,0.67897454
shopper_0002748,0,0,0.63835568
shopper_0002749,0,0,0.72983681
shopper_0002750,1,0,0.57833655
shopper_0002751,1,0,0.82656541
shopper_0002752,0,0,0.75036008
shopper_0002753,0,0,0.66523770
shopper_0002754,0,0,0.54911169
shopper_0002755,0,1,0.68416800
shopper_0002756,1,0,0.53996434
shopper_0002757,1,0,0.39582624
shopper_0002758,1,0,0.33603683
shopper_0002759,1,0,0.07601984
shopper_0002760,0,0,0.81291529
shopper_0002761,0,0,0.32984560
shopper_0002762,0,0,0.10264357
shopper_0002763,1,0,0.44601874
shopper_0002764,1,0,0.42295917
shopper_0002765,0,0,0.81297863
shopper_0002766,0,0,0.65169688
shopper_0002767,0,1,0.58460285
shopper_0002768,1,0,0.58197983
shopper_0002769,1,0,0.33726348
shopper_0002770,0,0,0.36091833
shopper_0002771,0,0,0.78905037
shopper_0002772,1,0,0.24427153
shopper_0002773,1,0,0.51108808
shopper_0002774,0,0,0.28996363
shopper_0002775,0,0,0.70605359
shopper_0002776,1,0,0.65581645
shopper_0002777,1,0,0.52417030
shopper_0002778,0,0,0.39033249
shopper_0002779,1,0,0.85574144
shopper_0002780,1,1,0.62885931
shopper_0002781,1,0,0.70375129
shopper_0002782,0,0,0.90965440
shopper_0002783,1,0,0.19085679
shopper_0002784,1,0,0.76540675
shopper_0002785,1,0,0.18149347
shopper_0002786,0,0,0.35246513
shopper_0002787,1,0,0.15843627
shopper_0002788,1,1,0.62326984
shopper_0002789,1,0,0.77257390
shopper_0002790,0,0,0.65835080
shopper_0002791,0,0,0.19205672
shopper_0002792,1,0,0.52357098
shopper_0002793,0,0,0.32588937
shopper_0002794,0,0,0.13030156
shopper_0002795,1,0,0.34145274
shopper_0002796,1,0,0.88628428
shopper_0002797,0,0,0.33507764
shopper_0002798,1,0,0.61598076
shopper_0002799,1,0,0.53871768
shopper_0002800,1,0,0.30258520
shopper_0002801,0,0,0.11599204
shopper_0002802,0,0,0.27815315
shopper_0002803,1,0,0.78674897
shopper_0002804,0,0,0.34199794
shopper_0002805,0,0,0.61487197
shopper_0002806,1,0,0.09326705
shopper_0002807,0,0,0.05547828
shopper_0002808,1,0,0.38493419
shopper_0002809,1,0,0.39855467
shopper_0002810,0,0,0.37707605
shopper_0002811,0,0,0.50286048
shopper_0002812,1,0,0.55038978
shopper_0002813,0,0,0.48408309
shopper_0002814,1,0,0.97305427
shopper_0002815,1,0,0.25581682
shopper_0002816,1,0,0.54036314
shopper_0002817,1,1,0.92694812
shopper_0002818,1,0,0.89281748
shopper_0002819,0,0,0.38346136
shopper_0002820,0,0,0.28587138
shopper_0002821,0,0,0.74291974
shopper_0002822,1,0,0.35656535
shopper_0002823,0,0,0.59732539
shopper_0002824,0,1,0.46819077
shopper_0002825,1,1,0.22224301
shopper_0002826,1,0,0.40863588
shopper_0002827,1,0,0.50088214
shopper_0002828,0,0,0.43184187
shopper_0002829,0,0,0.48108131
shopper_0002830,0,0,0.61523304
shopper_0002831,1,0,0.33634134
shopper_0002832,1,0,0.21272888
shopper_0002833,0,0,0.17306127
shopper_0002834,0,0,0.21708075
shopper_0002835,1,1,0.63167539
shopper_0002836,1,0,0.15951026
shopper_0002837,1,0,0.49729856
shopper_0002838,0,1,0.12202995
shopper_0002839,1,0,0.65664274
shopper_0002840,0,0,0.66129078
shopper_0002841,1,0,0.89204017
shopper_0002842,1,0,0.44479666
shopper_0002843,0,0,0.71481995
shopper_0002844,1,0,0.38639975
shopper_0002845,1,0,0.40678229
shopper_0002846,0,0,0.55050966
shopper_0002847,0,0,0.27621835
shopper_0002848,1,0,0.52304490
shopper_0002849,0,0,0.08963799
shopper_0002850,0,0,0.25591128
shopper_0002851,1,1,0.54740016
shopper_0002852,0,0,0.66827528
shopper_0002853,1,0,0.38138046
shopper_0002854,0,0,0.06262450
shopper_0002855,0,1,0.27916607
shopper_0002856,0,0,0.76676918
shopper_0002857,1,1,0.45465426
shopper_0002858,0,0,0.45823074
shopper_0002859,1,0,0.23782733
shopper_0002860,0,1,0.30255657
shopper_0002861,0,0,0.56811165
shopper_0002862,1,0,0.67420554
shopper_0002863,0,0,0.58448927
shopper_0002864,1,0,0.16981657
shopper_0002865,0,0,0.09356465
shopper_0002866,0,0,0.48118678
shopper_0002867,1,0,0.67316063
shopper_0002868,1,0,0.79439732
shopper_0002869,1,0,0.18368434
shopper_0002870,0,0,0.41835756
shopper_0002871,0,0,0.34716159
shopper_0002872,1,0,0.40956587
shopper_0002873,0,0,0.63420089
shopper_0002874,1,0,0.43838639
shopper_0002875,0,0,0.44819021
shopper_0002876,1,0,0.17722621
shopper_0002877,0,0,0.65515023
shopper_0002878,1,0,0.40439936
shopper_0002879,1,0,0.85603504
shopper_0002880,1,0,0.43851473
shopper_0002881,1,0,0.13031989
shopper_0002882,0,0,0.72305285
shopper_0002883,1,0,0.34754556
shopper_0002884,0,0,0.58054412
shopper_0002885,0,0,0.31161845
shopper_0002886,0,0,0.44950968
shopper_0002887,1,0,0.52510336
shopper_0002888,0,0,0.50533225
shopper_0002889,1,0,0.53639612
shopper_0002890,1,0,0.46009826
shopper_0002891,1,0,0.82480912
shopper_0002892,1,0,0.36055467
shopper_0002893,0,0,0.53034648
shopper_0002894,1,0,0.36790789
shopper_0002895,1,0,0.73815708
shopper_0002896,1,0,0.63971036
shopper_0002897,1,0,0.52833695
shopper_0002898,1,0,0.37223204
shopper_0002899,1,0,0.35733200
shopper_0002900,0,0,0.51646430
shopper_0002901,1,0,0.67500170
shopper_0002902,0,0,0.63457657
shopper_0002903,0,0,0.57196897
shopper_0002904,1,0,0.49202007
shopper_0002905,1,0,0.49125601
shopper_0002906,0,0,0.93980896
shopper_0002907,1,0,0.24042751
shopper_0002908,0,1,0.13539504
shopper_0002909,1,0,0.27916399
shopper_0002910,0,0,0.62445868
shopper_0002911,1,1,0.79729381
shopper_0002912,1,0,0.34809238
shopper_0002913,1,0,0.29037572
shopper_0002914,0,0,0.15146512
shopper_0002915,1,0,0.46543153
shopper_0002916,0,0,0.54071059
shopper_0002917,0,0,0.06149637
shopper_0002918,1,0,0.89565278
shopper_0002919,1,0,0.74871356
shopper_0002920,1,0,0.35943984
shopper_0002921,1,0,0.79767926
shopper_0002922,1,0,0.84989955
shopper_0002923,1,0,0.43621484
shopper_0002924,1,0,0.28079157
shopper_0002925,1,0,0.53843905
shopper_0002926,0,0,0.40344200
shopper_0002927,1,0,0.67527636
shopper_0002928,1,0,0.27012979
shopper_0002929,0,0,0.85803292
shopper_0002930,0,0,0.51310477
shopper_0002931,0,1,0.12713548
shopper_0002932,1,0,0.08521287
shopper_0002933,0,0,0.72819271
shopper_0002934,1,0,0.25774106
shopper_0002935,0,0,0.67369388
shopper_0002936,0,0,0.40338601
shopper_0002937,0,0,0.70017394
shopper_0002938,1,0,0.47683974
shopper_0002939,0,0,0.78140038
shopper_0002940,0,0,0.36216647
shopper_0002941,1,0,0.59465781
shopper_0002942,1,0,0.51540866
shopper_0002943,0,0,0.13868512
shopper_0002944,1,0,0.32678239
shopper_0002945,0,0,0.71091162
shopper_0002946,1,0,0.86117405
shopper_0002947,1,1,0.49865813
shopper_0002948,1,0,0.60879525
shopper_0002949,1,0,0.72888778
shopper_0002950,1,0,0.33181630
shopper_0002951,0,0,0.57563793
shopper_0002952,1,0,0.19251473
shopper_0002953,1,1,0.74951258
shopper_0002954,1,0,0.46438707
shopper_0002955,0,0,0.79995091
shopper_0002956,0,0,0.30236081
shopper_0002957,1,0,0.36945311
shopper_0002958,1,0,0.92542826
shopper_0002959,1,0,0.28988721
shopper_0002960,0,0,0.32268811
shopper_0002961,0,0,0.14394906
shopper_0002962,1,0,0.47671971
shopper_0002963,1,0,0.69903809
shopper_0002964,1,0,0.27958858
shopper_0002965,0,0,0.51831910
shopper_0002966,1,0,0.53440008
shopper_0002967,1,0,0.40271430
shopper_0002968,1,0,0.62142400
shopper_0002969,0,1,0.36667301
shopper_0002970,0,0,0.55972841
shopper_0002971,0,0,0.88810690
shopper_0002972,0,0,0.44629679
shopper_0002973,1,1,0.75684209
shopper_0002974,1,0,0.38986110
shopper_0002975,0,0,0.38511692
shopper_0002976,1,0,0.45688034
shopper_0002977,0,0,0.40196001
shopper_0002978,0,0,0.47732475
shopper_0002979,1,0,0.40141488
shopper_0002980,0,0,0.46043582
shopper_0002981,0,1,0.53942603
shopper_0002982,1,0,0.43244281
shopper_0002983,0,0,0.65070642
shopper_0002984,0,0,0.62689230
shopper_0002985,1,0,0.46948533
shopper_0002986,1,0,0.66953661
shopper_0002987,0,1,0.82269819
shopper_0002988,1,0,0.14699582
shopper_0002989,1,0,0.79007284
shopper_0002990,1,0,0.25475366
shopper_0002991,0,0,0.31643233
shopper_0002992,1,0,0.60581096
shopper_0002993,0,0,0.45642536
shopper_0002994,1,0,0.44888605
shopper_0002995,0,0,0.38559694
shopper_0002996,0,0,0.38197554
shopper_0002997,0,0,0.22137556
shopper_0002998,0,0,0.27248246
shopper_0002999,1,0,0.41135089
shopper_0003000,1,0,0.65874314
shopper_0003001,1,0,0.75400945
shopper_0003002,0,0,0.82735564
shopper_0003003,1,0,0.56668586
shopper_0003004,1,0,0.21062295
shopper_0003005,0,0,0.71693110
shopper_0003006,0,0,0.44966415
shopper_0003007,0,1,0.72307910
shopper_0003008,0,0,0.11834765
shopper_0003009,1,0,0.73268925
shopper_0003010,0,0,0.40872108
shopper_0003011,0,0,0.53921679
shopper_0003012,0,0,0.48964705
shopper_0003013,0,0,0.87428929
shopper_0003014,1,0,0.81587878
shopper_0003015,1,0,0.42372672
shopper_0003016,0,0,0.70741839
shopper_0003017,0,0,0.44950477
shopper_0003018,1,0,0.52381015
shopper_0003019,0,0,0.35177202
shopper_0003020,0,0,0.89663025
shopper_0003021,1,0,0.35675281
shopper_0003022,0,0,0.55146770
shopper_0003023,0,0,0.41507613
shopper_0003024,1,0,0.42399837
shopper_0003025,1,0,0.37236638
shopper_0003026,1,0,0.59884002
shopper_0003027,1,1,0.14080202
shopper_0003028,0,0,0.27826362
shopper_0003029,0,0,0.11121955
shopper_0003030,1,0,0.25988561
shopper_0003031,0,0,0.21468248
shopper_0003032,1,0,0.50533251
shopper_0003033,0,0,0.10507261
shopper_0003034,0,0,0.32186089
shopper_0003035,0,0,0.54288382
shopper_0003036,1,0,0.49440161
shopper_0003037,0,0,0.26765194
shopper_0003038,0,0,0.32561060
shopper_0003039,1,0,0.80937268
shopper_0003040,1,0,0.71499199
shopper_0003041,1,0,0.68573220
shopper_0003042,0,0,0.58907699
shopper_0003043,1,0,0.74500225
shopper_0003044,1,0,0.19684110
shopper_0003045,0,0,0.85482983
shopper_0003046,1,0,0.57568718
shopper_0003047,1,1,0.32558782
shopper_0003048,1,0,0.79879966
shopper_0003049,0,0,0.35550927
shopper_0003050,0,0,0.48329326
shopper_0003051,0,0,0.23307590
shopper_0003052,0,0,0.43842920
shopper_0003053,0,0,0.61671855
shopper_0003054,1,0,0.29107170
shopper_0003055,0,0,0.94167730
shopper_0003056,0,0,0.53155540
shopper_0003057,0,0,0.36712478
shopper_0003058,1,0,0.94845903
shopper_0003059,1,0,0.66818410
shopper_0003060,1,0,0.46669390
shopper_0003061,1,0,0.40235817
shopper_0003062,0,0,0.05220343
shopper_0003063,1,0,0.45561230
shopper_0003064,0,0,0.81631590
shopper_0003065,0,0,0.35768600
shopper_0003066,1,0,0.38382937
shopper_0003067,1,0,0.46181317
shopper_0003068,1,0,0.61435064
shopper_0003069,1,0,0.57994100
shopper_0003070,1,0,0.69678958
shopper_0003071,0,0,0.72955002
shopper_0003072,1,0,0.60937211
shopper_0003073,1,0,0.68281593
shopper_0003074,0,0,0.20739865
shopper_0003075,1,0,0.36107070
shopper_0003076,0,0,0.23801929
shopper_0003077,1,0,0.21835499
shopper_0003078,1,0,0.61569048
shopper_0003079,0,0,0.03507734
shopper_0003080,1,0,0.58688494
shopper_0003081,0,0,0.16550888
shopper_0003082,1,0,0.27972299
shopper_0003083,1,0,0.38406380
shopper_0003084,1,0,0.54234938
shopper_0003085,1,0,0.60578404
shopper_0003086,0,1,0.66727860
shopper_0003087,0,0,0.66418425
shopper_0003088,0,0,0.52904768
shopper_0003089,1,0,0.87759513
shopper_0003090,1,0,0.57349318
shopper_0003091,0,0,0.91392938
shopper_0003092,1,0,0.49966637
shopper_0003093,0,0,0.48515843
shopper_0003094,1,0,0.50567893
shopper_0003095,1,1,0.66304020
shopper_0003096,0,0,0.43942601
shopper_0003097,0,0,0.82170044
shopper_0003098,1,0,0.63793205
shopper_0003099,0,0,0.44176279
shopper_0003100,1,0,0.21514006
shopper_0003101,0,0,0.33323780
shopper_0003102,1,0,0.39450826
shopper_0003103,0,0,0.45295072
shopper_0003104,0,0,0.28275396
shopper_0003105,0,0,0.57762206
shopper_0003106,1,0,0.34327101
shopper_0003107,1,0,0.83188181
shopper_0003108,0,0,0.13306769
shopper_0003109,1,1,0.39617184
shopper_0003110,0,0,0.24079512
shopper_0003111,1,0,0.65174988
shopper_0003112,0,0,0.74914621
shopper_0003113,0,0,0.67722390
shopper_0003114,0,0,0.19835048
shopper_0003115,1,0,0.67586758
shopper_0003116,0,1,0.82337850
shopper_0003117,1,0,0.62150433
shopper_0003118,0,0,0.13570303
shopper_0003119,0,0,0.79869967
shopper_0003120,1,0,0.69337203
shopper_0003121,1,0,0.50344584
shopper_0003122,0,0,0.30898965
shopper_0003123,0,0,0.55033827
shopper_0003124,1,0,0.38208777
shopper_0003125,0,0,0.22293330
shopper_0003126,0,1,0.37509669
shopper_0003127,1,0,0.76227716
shopper_0003128,0,0,0.14826820
shopper_0003129,1,0,0.58536076
shopper_0003130,0,0,0.76743767
shopper_0003131,1,0,0.17527168
shopper_0003132,0,0,0.12201438
shopper_0003133,0,0,0.40925660
shopper_0003134,0,0,0.53442691
shopper_0003135,1,0,0.62493359
shopper_0003136,0,0,0.64834255
shopper_0003137,1,0,0.34259509
shopper_0003138,0,0,0.83532506
shopper_0003139,1,0,0.33408315
shopper_0003140,0,0,0.89187878
shopper_0003141,1,0,0.41178443
shopper_0003142,1,0,0.69194315
shopper_0003143,0,0,0.24735774
shopper_0003144,0,0,0.25685789
shopper_0003145,1,0,0.41486032
shopper_0003146,1,0,0.30821298
shopper_0003147,1,0,0.22747445
shopper_0003148,1,0,0.40415516
shopper_0003149,1,0,0.81581223
shopper_0003150,0,1,0.69931077
shopper_0003151,1,1,0.47950003
shopper_0003152,1,0,0.39451051
shopper_0003153,1,0,0.31905882
shopper_0003154,0,0,0.40465589
shopper_0003155,1,0,0.89633029
shopper_0003156,0,0,0.37697046
shopper_0003157,1,0,0.15694691
shopper_0003158,0,0,0.12938641
shopper_0003159,0,0,0.66992221
shopper_0003160,0,0,0.79908665
shopper_0003161,1,0,0.73433730
shopper_0003162,1,0,0.28003296
shopper_0003163,1,0,0.03971710
shopper_0003164,1,0,0.00683235
shopper_0003165,1,0,0.21851509
shopper_0003166,1,0,0.68669684
shopper_0003167,1,0,0.56542260
shopper_0003168,0,0,0.88918613
shopper_0003169,1,0,0.64830163
shopper_0003170,1,0,0.95043967
shopper_0003171,0,0,0.51751415
shopper_0003172,1,0,0.66209397
shopper_0003173,0,0,0.41084291
shopper_0003174,1,0,0.49713052
shopper_0003175,1,0,0.37653227
shopper_0003176,0,0,0.65736674
shopper_0003177,0,0,0.50245909
shopper_0003178,1,0,0.83981563
shopper_0003179,0,0,0.70009301
shopper_0003180,0,0,0.59351441
shopper_0003181,1,0,0.58300900
shopper_0003182,0,0,0.29759272
shopper_0003183,1,0,0.31097584
shopper_0003184,0,1,0.37486741
shopper_0003185,1,0,0.43954976
shopper_0003186,0,0,0.58603850
shopper_0003187,1,0,0.58714635
shopper_0003188,1,1,0.57782757
shopper_0003189,1,1,0.13370831
shopper_0003190,1,0,0.34063278
shopper_0003191,1,0,0.79071569
shopper_0003192,1,0,0.42044012
shopper_0003193,1,0,0.64650413
shopper_0003194,1,0,0.32501936
shopper_0003195,1,0,0.64119399
shopper_0003196,1,0,0.55189704
shopper_0003197,0,0,0.68420787
shopper_0003198,0,0,0.48109528
shopper_0003199,1,0,0.72065060
shopper_0003200,1,0,0.58481095
shopper_0003201,1,1,0.48010090
shopper_0003202,0,0,0.24550110
shopper_0003203,0,0,0.28451549
shopper_0003204,1,0,0.53196735
shopper_0003205,1,0,0.58057780
shopper_0003206,0,0,0.63365683
shopper_0003207,0,0,0.24592320
shopper_0003208,1,0,0.20147328
shopper_0003209,1,0,0.49031192
shopper_0003210,0,0,0.34981470
shopper_0003211,1,1,0.49556645
shopper_0003212,0,1,0.50187187
shopper_0003213,1,0,0.60080708
shopper_0003214,0,0,0.57366571
shopper_0003215,0,0,0.55430350
shopper_0003216,0,0,0.19077533
shopper_0003217,0,0,0.61829697
shopper_0003218,0,0,0.56257062
shopper_0003219,1,1,0.31865332
shopper_0003220,1,0,0.65170692
shopper_0003221,0,1,0.63403269
shopper_0003222,1,1,0.15988541
shopper_0003223,1,0,0.28920136
shopper_0003224,0,0,0.59653619
shopper_0003225,0,0,0.65086014
shopper_0003226,0,0,0.21471873
shopper_0003227,0,1,0.38597713
shopper_0003228,1,0,0.06898891
shopper_0003229,0,0,0.42537234
shopper_0003230,1,0,0.44028366
shopper_0003231,1,1,0.76110535
shopper_0003232,0,0,0.93865678
shopper_0003233,0,0,0.17208096
shopper_0003234,1,0,0.34648670
shopper_0003235,1,0,0.09183710
shopper_0003236,0,0,0.60128327
shopper_0003237,1,0,0.63280838
shopper_0003238,1,1,0.44253628
shopper_0003239,1,0,0.91565408
shopper_0003240,0,0,0.48178912
shopper_0003241,1,1,0.23083184
shopper_0003242,1,0,0.92674890
shopper_0003243,1,0,0.29223635
shopper_0003244,1,0,0.63242622
shopper_0003245,0,0,0.32935503
shopper_0003246,1,0,0.77866092
shopper_0003247,1,0,0.33786044
shopper_0003248,1,0,0.00749441
shopper_0003249,1,0,0.60278302
shopper_0003250,1,0,0.27504944
shopper_0003251,0,0,0.82131256
shopper_0003252,0,0,0.77851054
shopper_0003253,0,0,0.92719345
shopper_0003254,0,0,0.24856584
shopper_0003255,1,0,0.63363367
shopper_0003256,1,0,0.75821220
shopper_0003257,1,0,0.20685879
shopper_0003258,0,0,0.63722787
shopper_0003259,0,0,0.35504566
shopper_0003260,1,0,0.05224125
shopper_0003261,0,0,0.37273823
shopper_0003262,0,0,0.29938123
shopper_0003263,0,0,0.10704572
shopper_0003264,0,0,0.71479215
shopper_0003265,1,0,0.71809468
shopper_0003266,1,0,0.04648484
shopper_0003267,0,0,0.40907214
shopper_0003268,1,0,0.15992979
shopper_0003269,0,0,0.51683607
shopper_0003270,1,0,0.13231468
shopper_0003271,0,0,0.45653829
shopper_0003272,1,0,0.47953985
shopper_0003273,1,0,0.38827534
shopper_0003274,1,0,0.67078991
shopper_0003275,1,0,0.23071081
shopper_0003276,0,0,0.51175099
shopper_0003277,1,0,0.25828654
shopper_0003278,0,0,0.19616471
shopper_0003279,0,0,0.50597756
shopper_0003280,0,0,0.53878507
shopper_0003281,1,0,0.35302592
shopper_0003282,0,0,0.42585056
shopper_0003283,1,0,0.87650441
shopper_0003284,1,1,0.52333486
shopper_0003285,1,0,0.69356033
shopper_0003286,1,0,0.37047275
shopper_0003287,0,0,0.28115372
shopper_0003288,0,0,0.64649665
shopper_0003289,0,0,0.35698421
shopper_0003290,0,0,0.57845476
shopper_0003291,0,0,0.84372161
shopper_0003292,0,0,0.47353711
shopper_0003293,1,0,0.32802806
shopper_0003294,1,0,0.40181985
shopper_0003295,0,0,0.66028196
shopper_0003296,1,0,0.43805928
shopper_0003297,0,0,0.69977677
shopper_0003298,1,0,0.16077332
shopper_0003299,1,0,0.95846123
shopper_0003300,1,0,0.63111400
shopper_0003301,0,0,0.73031121
shopper_0003302,1,0,0.26644967
shopper_0003303,1,0,0.66323487
shopper_0003304,0,0,0.21054318
shopper_0003305,0,1,0.71088527
shopper_0003306,1,0,0.31607769
shopper_0003307,1,0,0.85253386
shopper_0003308,0,0,0.27182567
shopper_0003309,0,0,0.50607078
shopper_0003310,0,0,0.39075175
shopper_0003311,0,0,0.48125836
shopper_0003312,0,0,0.59065268
shopper_0003313,1,0,0.20094254
shopper_0003314,1,0,0.54344886
shopper_0003315,0,1,0.43046372
shopper_0003316,1,0,0.77490449
shopper_0003317,0,0,0.43880533
shopper_0003318,1,0,0.59719219
shopper_0003319,1,0,0.76410246
shopper_0003320,1,0,0.60020313
shopper_0003321,1,0,0.35462508
shopper_0003322,1,1,0.22157082
shopper_0003323,1,0,0.40984577
shopper_0003324,0,0,0.42094188
shopper_0003325,0,0,0.32240215
shopper_0003326,1,1,0.63341882
shopper_0003327,1,1,0.53969652
shopper_0003328,0,0,0.28557980
shopper_0003329,1,0,0.13620562
shopper_0003330,0,0,0.77700590
shopper_0003331,1,0,0.50075167
shopper_0003332,0,0,0.71933529
shopper_0003333,1,0,0.94399533
shopper_0003334,1,1,0.79756658
shopper_0003335,1,0,0.47599146
shopper_0003336,0,0,0.60191180
shopper_0003337,1,1,0.53800813
shopper_0003338,1,0,0.55635161
shopper_0003339,0,0,0.65849748
shopper_0003340,0,0,0.47255491
shopper_0003341,0,0,0.33812731
shopper_0003342,1,0,0.20464269
shopper_0003343,0,0,0.36540318
shopper_0003344,1,1,0.31982351
shopper_0003345,1,0,0.19042966
shopper_0003346,0,0,0.54783143
shopper_0003347,1,0,0.54084794
shopper_0003348,0,0,0.52436745
shopper_0003349,0,0,0.58322816
shopper_0003350,0,0,0.49769217
shopper_0003351,1,1,0.41490059
shopper_0003352,1,1,0.61936307
shopper_0003353,0,0,0.15548912
shopper_0003354,0,0,0.10845633
shopper_0003355,1,0,0.81011028
shopper_0003356,1,0,0.56552521
shopper_0003357,0,0,0.36892239
shopper_0003358,0,0,0.56932035
shopper_0003359,1,0,0.72233127
shopper_0003360,1,0,0.31330586
shopper_0003361,1,0,0.11313650
shopper_0003362,1,0,0.54660325
shopper_0003363,1,0,0.78555828
shopper_0003364,1,0,0.23246438
shopper_0003365,1,0,0.75414332
shopper_0003366,1,0,0.78141047
shopper_0003367,0,0,0.88461902
shopper_0003368,0,0,0.43677653
shopper_0003369,0,0,0.87817877
shopper_0003370,1,0,0.39777105
shopper_0003371,0,0,0.51296864
shopper_0003372,0,0,0.81513859
shopper_0003373,0,1,0.25993258
shopper_0003374,1,0,0.12032209
shopper_0003375,1,0,0.34578243
shopper_0003376,0,0,0.41760523
shopper_0003377,1,0,0.64812728
shopper_0003378,1,1,0.82431909
shopper_0003379,1,0,0.57428294
shopper_0003380,0,0,0.23258936
shopper_0003381,1,0,0.85533939
shopper_0003382,1,1,0.88136574
shopper_0003383,0,0,0.63860248
shopper_0003384,1,0,0.29111487
shopper_0003385,1,0,0.91235629
shopper_0003386,0,0,0.69154958
shopper_0003387,0,0,0.88874293
shopper_0003388,0,1,0.83957665
shopper_0003389,1,0,0.71563958
shopper_0003390,0,0,0.54583493
shopper_0003391,0,0,0.22984813
shopper_0003392,1,1,0.56510843
shopper_0003393,1,0,0.44953629
shopper_0003394,0,0,0.41374734
shopper_0003395,1,1,0.13257257
shopper_0003396,0,0,0.02851647
shopper_0003397,0,0,0.73376437
shopper_0003398,1,0,0.65285561
shopper_0003399,0,0,0.16082601
shopper_0003400,0,1,0.40912664
shopper_0003401,1,0,0.74663853
shopper_0003402,1,0,0.87866695
shopper_0003403,1,0,0.64843894
shopper_0003404,1,0,0.71616178
shopper_0003405,0,0,0.32740313
shopper_0003406,1,0,0.53690040
shopper_0003407,1,0,0.53323900
shopper_0003408,1,0,0.46128817
shopper_0003409,1,0,0.48547110
shopper_0003410,0,0,0.89444106
shopper_0003411,0,0,0.82292573
shopper_0003412,1,0,0.63702975
shopper_0003413,0,0,0.30259275
shopper_0003414,0,0,0.65730661
shopper_0003415,0,0,0.41032945
shopper_0003416,0,1,0.72012069
shopper_0003417,0,1,0.53130033
shopper_0003418,0,0,0.63648264
shopper_0003419,1,0,0.52714163
shopper_0003420,1,0,0.89830360
shopper_0003421,1,1,0.45305127
shopper_0003422,0,0,0.96612984
shopper_0003423,0,0,0.85382776
shopper_0003424,0,0,0.52741070
shopper_0003425,1,0,0.68128560
shopper_0003426,0,0,0.44123343
shopper_0003427,1,0,0.69246641
shopper_0003428,1,0,0.21510081
shopper_0003429,0,0,0.94877809
shopper_0003430,0,0,0.43125196
shopper_0003431,0,0,0.30001470
shopper_0003432,0,0,0.80247602
shopper_0003433,0,0,0.36369533
shopper_0003434,1,0,0.97963073
shopper_0003435,0,0,0.24812256
shopper_0003436,0,0,0.31667235
shopper_0003437,0,1,0.58105609
shopper_0003438,0,1,0.93284998
shopper_0003439,1,0,0.42012444
shopper_0003440,1,0,0.28512451
shopper_0003441,0,0,0.26969124
shopper_0003442,0,0,0.45936144
shopper_0003443,1,0,0.19242129
shopper_0003444,0,0,0.15516117
shopper_0003445,0,0,0.10068720
shopper_0003446,0,1,0.86903029
shopper_0003447,0,1,0.48541866
shopper_0003448,1,0,0.53876639
shopper_0003449,0,0,0.77368401
shopper_0003450,0,0,0.69399409
shopper_0003451,1,0,0.52313897
shopper_0003452,0,0,0.21722037
shopper_0003453,0,0,0.75590988
shopper_0003454,1,0,0.57218188
shopper_0003455,0,1,0.64103453
shopper_0003456,0,0,0.74631313
shopper_0003457,1,0,0.86235707
shopper_0003458,0,0,0.51764899
shopper_0003459,0,0,0.13925960
shopper_0003460,0,0,0.80952001
shopper_0003461,0,0,0.47563993
shopper_0003462,0,0,0.68618939
shopper_0003463,0,0,0.23373303
shopper_0003464,1,0,0.73105005
shopper_0003465,1,0,0.17283419
shopper_0003466,0,0,0.92723542
shopper_0003467,1,0,0.75120124
shopper_0003468,0,0,0.13731943
shopper_0003469,1,0,0.61305240
shopper_0003470,1,0,0.40769424
shopper_0003471,0,0,0.49986736
shopper_0003472,0,0,0.51311593
shopper_0003473,1,0,0.43393427
shopper_0003474,0,0,0.20808036
shopper_0003475,1,0,0.81582890
shopper_0003476,0,0,0.16634880
shopper_0003477,1,0,0.13511468
shopper_0003478,0,0,0.73477361
shopper_0003479,1,0,0.69548996
shopper_0003480,1,0,0.48647398
shopper_0003481,0,0,0.49098815
shopper_0003482,0,0,0.54081461
shopper_0003483,1,0,0.58276144
shopper_0003484,0,0,0.04090375
shopper_0003485,1,1,0.43019444
shopper_0003486,0,0,0.54418129
shopper_0003487,1,1,0.90817779
shopper_0003488,1,0,0.76777876
shopper_0003489,1,1,0.33817921
shopper_0003490,1,0,0.32895922
shopper_0003491,0,0,0.30755967
shopper_0003492,0,0,0.66695816
shopper_0003493,1,0,0.43463330
shopper_0003494,1,0,0.38658872
shopper_0003495,0,0,0.61947446
shopper_0003496,0,1,0.74780311
shopper_0003497,0,1,0.52837690
shopper_0003498,1,1,0.44254139
shopper_0003499,0,1,0.73983042
shopper_0003500,1,1,0.48708473
shopper_0003501,0,0,0.27876178
shopper_0003502,1,0,0.71785849
shopper_0003503,1,0,0.58723317
shopper_0003504,0,1,0.44932438
shopper_0003505,0,0,0.87938755
shopper_0003506,0,0,0.21135024
shopper_0003507,0,0,0.26786861
shopper_0003508,1,0,0.41493746
shopper_0003509,0,0,0.71411024
shopper_0003510,1,0,0.38764278
shopper_0003511,1,0,0.28181916
shopper_0003512,1,0,0.75676522
shopper_0003513,1,0,0.76789584
shopper_0003514,1,0,0.20510272
shopper_0003515,0,0,0.62479381
shopper_0003516,0,0,0.65134710
shopper_0003517,0,0,0.39443733
shopper_0003518,1,0,0.28405933
shopper_0003519,0,0,0.79001989
shopper_0003520,0,1,0.57557215
shopper_0003521,1,0,0.55744962
shopper_0003522,1,0,0.75735821
shopper_0003523,1,0,0.72311739
shopper_0003524,1,0,0.42363990
shopper_0003525,0,0,0.35903789
shopper_0003526,0,0,0.96926903
shopper_0003527,0,0,0.52083778
shopper_0003528,0,0,0.61061765
shopper_0003529,0,0,0.49274264
shopper_0003530,0,1,0.78005484
shopper_0003531,0,0,0.53160312
shopper_0003532,0,0,0.40036177
shopper_0003533,0,0,0.31423561
shopper_0003534,0,0,0.13081690
shopper_0003535,0,0,0.69751753
shopper_0003536,0,0,0.60275120
shopper_0003537,0,0,0.38289321
shopper_0003538,1,0,0.33645067
shopper_0003539,0,0,0.86512537
shopper_0003540,0,0,0.16097773
shopper_0003541,1,0,0.21530597
shopper_0003542,0,0,0.51582770
shopper_0003543,0,0,0.65313839
shopper_0003544,1,0,0.45710009
shopper_0003545,1,0,0.53005303
shopper_0003546,1,0,0.40146121
shopper_0003547,0,0,0.44456195
shopper_0003548,0,0,0.63224871
shopper_0003549,0,0,0.08511451
shopper_0003550,1,0,0.49608645
shopper_0003551,1,1,0.81499302
shopper_0003552,0,1,0.46816901
shopper_0003553,1,0,0.38365490
shopper_0003554,1,0,0.24840939
shopper_0003555,0,0,0.59745743
shopper_0003556,1,0,0.75539595
shopper_0003557,0,0,0.59105644
shopper_0003558,0,0,0.29749768
shopper_0003559,0,0,0.79373727
shopper_0003560,1,0,0.57356501
shopper_0003561,0,0,0.72160868
shopper_0003562,1,0,0.23992998
shopper_0003563,0,0,0.59533813
shopper_0003564,0,1,0.72534606
shopper_0003565,0,0,0.90766180
shopper_0003566,1,1,0.53680911
shopper_0003567,1,0,0.63184721
shopper_0003568,0,0,0.49101406
shopper_0003569,0,0,0.15473883
shopper_0003570,0,0,0.31102698
shopper_0003571,1,0,0.54693884
shopper_0003572,0,0,0.69593129
shopper_0003573,1,0,0.83704429
shopper_0003574,0,0,0.87099012
shopper_0003575,1,0,0.50005547
shopper_0003576,1,0,0.68374444
shopper_0003577,0,0,0.17999353
shopper_0003578,0,0,0.71622481
shopper_0003579,1,0,0.45979718
shopper_0003580,0,0,0.62580095
shopper_0003581,0,0,0.13072883
shopper_0003582,1,0,0.33449565
shopper_0003583,0,0,0.44779192
shopper_0003584,0,0,0.70345302
shopper_0003585,0,0,0.45852707
shopper_0003586,1,0,0.31323754
shopper_0003587,1,0,0.28797584
shopper_0003588,1,0,0.39574701
shopper_0003589,0,0,0.51693874
shopper_0003590,0,0,0.43566403
shopper_0003591,0,0,0.00487547
shopper_0003592,0,1,0.34807281
shopper_0003593,0,0,0.90954449
shopper_0003594,0,1,0.51124240
shopper_0003595,0,0,0.95854747
shopper_0003596,0,0,0.08387902
shopper_0003597,0,0,0.30040569
shopper_0003598,1,0,0.67505627
shopper_0003599,0,0,0.53746900
shopper_0003600,0,0,0.34290030
shopper_0003601,0,0,0.69184192
shopper_0003602,0,0,0.42877209
shopper_0003603,0,0,0.76964228
shopper_0003604,0,1,0.19721586
shopper_0003605,0,0,0.72701567
shopper_0003606,0,0,0.26571011
shopper_0003607,0,0,0.34277149
shopper_0003608,0,0,0.57007091
shopper_0003609,1,0,0.43077304
shopper_0003610,1,0,0.24892807
shopper_0003611,0,0,0.56308936
shopper_0003612,1,0,0.38316198
shopper_0003613,0,1,0.78886091
shopper_0003614,1,0,0.59701284
shopper_0003615,0,0,0.68760592
shopper_0003616,0,0,0.56845904
shopper_0003617,1,0,0.55368122
shopper_0003618,0,0,0.38690360
shopper_0003619,0,0,0.73774036
shopper_0003620,1,0,0.16964319
shopper_0003621,1,0,0.59148386
shopper_0003622,1,1,0.53577140
shopper_0003623,0,0,0.09138871
shopper_0003624,1,1,0.56750352
shopper_0003625,0,0,0.50133065
shopper_0003626,1,0,0.51010900
shopper_0003627,0,0,0.65316388
shopper_0003628,1,0,0.46292579
shopper_0003629,0,0,0.13418212
shopper_0003630,1,0,0.73360798
shopper_0003631,1,1,0.52797526
shopper_0003632,1,1,0.58708419
shopper_0003633,0,0,0.70773694
shopper_0003634,1,0,0.19736259
shopper_0003635,1,0,0.43880895
shopper_0003636,1,0,0.32395704
shopper_0003637,1,1,0.92385240
shopper_0003638,1,0,0.26045475
shopper_0003639,0,0,0.23543746
shopper_0003640,1,0,0.54339550
shopper_0003641,0,0,0.47622376
shopper_0003642,1,0,0.61818404
shopper_0003643,0,0,0.35505964
shopper_0003644,0,0,0.55799291
shopper_0003645,0,0,0.59290184
shopper_0003646,0,1,0.70117164
shopper_0003647,0,0,0.20507429
shopper_0003648,1,0,0.20656361
shopper_0003649,1,1,0.24294200
shopper_0003650,0,0,0.82986993
shopper_0003651,1,0,0.35612075
shopper_0003652,1,0,0.18819485
shopper_0003653,1,0,0.51810715
shopper_0003654,0,0,0.85249849
shopper_0003655,0,1,0.48972940
shopper_0003656,0,0,0.53574989
shopper_0003657,1,0,0.51173516
shopper_0003658,0,0,0.30634831
shopper_0003659,0,0,0.76179868
shopper_0003660,0,0,0.90062543
shopper_0003661,0,0,0.47540594
shopper_0003662,1,0,0.71042793
shopper_0003663,0,0,0.61458894
shopper_0003664,0,0,0.58497282
shopper_0003665,1,0,0.48847664
shopper_0003666,0,0,0.69065397
shopper_0003667,0,0,0.31116686
shopper_0003668,1,0,0.65568280
shopper_0003669,0,0,0.60229609
shopper_0003670,1,0,0.75474695
shopper_0003671,0,0,0.54272654
shopper_0003672,1,0,0.43221246
shopper_0003673,0,0,0.18119356
shopper_0003674,0,0,0.35674419
shopper_0003675,1,0,0.61296711
shopper_0003676,1,0,0.39722421
shopper_0003677,1,0,0.71663390
shopper_0003678,0,0,0.32116416
shopper_0003679,0,0,0.68882603
shopper_0003680,1,0,0.35595094
shopper_0003681,1,0,0.84086933
shopper_0003682,1,0,0.24093546
shopper_0003683,0,1,0.59028851
shopper_0003684,0,0,0.11800514
shopper_0003685,1,0,0.07056153
shopper_0003686,0,0,0.49072565
shopper_0003687,1,0,0.37557984
shopper_0003688,0,0,0.73187923
shopper_0003689,0,0,0.35449348
shopper_0003690,1,0,0.87069956
shopper_0003691,1,0,0.47174915
shopper_0003692,1,0,0.82310843
shopper_0003693,1,0,0.40661480
shopper_0003694,0,1,0.67458416
shopper_0003695,0,0,0.76143397
shopper_0003696,0,0,0.60948774
shopper_0003697,0,0,0.75686575
shopper_0003698,0,0,0.66582412
shopper_0003699,1,0,0.35344574
shopper_0003700,0,0,0.29917293
shopper_0003701,0,0,0.68085855
shopper_0003702,0,0,0.04027326
shopper_0003703,1,0,0.36740842
shopper_0003704,1,0,0.26339403
shopper_0003705,0,0,0.70463260
shopper_0003706,0,0,0.27583552
shopper_0003707,0,0,0.46416135
shopper_0003708,1,0,0.53189861
shopper_0003709,0,0,0.28198509
shopper_0003710,1,0,0.42785428
shopper_0003711,0,0,0.45914833
shopper_0003712,1,0,0.50244479
shopper_0003713,0,1,0.37602305
shopper_0003714,1,0,0.74432813
shopper_0003715,1,0,0.40761427
shopper_0003716,0,0,0.28681518
shopper_0003717,1,0,0.36566288
shopper_0003718,1,1,0.64960680
shopper_0003719,1,0,0.49161930
shopper_0003720,1,0,0.09382379
shopper_0003721,1,0,0.58709591
shopper_0003722,1,0,0.43601114
shopper_0003723,1,0,0.77226183
shopper_0003724,0,0,0.45264066
shopper_0003725,1,0,0.17706463
shopper_0003726,1,0,0.29091465
shopper_0003727,1,0,0.43801860
shopper_0003728,1,0,0.94272513
shopper_0003729,0,0,0.55970818
shopper_0003730,0,0,0.05552790
shopper_0003731,0,0,0.47733974
shopper_0003732,0,0,0.51368473
shopper_0003733,1,0,0.90149280
shopper_0003734,1,0,0.22106374
shopper_0003735,0,1,0.78649395
shopper_0003736,0,0,0.83196132
shopper_0003737,1,1,0.29082993
shopper_0003738,0,0,0.66862534
shopper_0003739,1,1,0.58867817
shopper_0003740,0,1,0.89111708
shopper_0003741,0,0,0.40405752
shopper_0003742,1,0,0.78582668
shopper_0003743,1,1,0.45138648
shopper_0003744,1,0,0.61291245
shopper_0003745,0,0,0.32922155
shopper_0003746,1,0,0.14647786
shopper_0003747,1,0,0.42801703
shopper_0003748,1,0,0.78042553
shopper_0003749,0,0,0.12312596
shopper_0003750,0,0,0.13243672
shopper_0003751,1,0,0.94435815
shopper_0003752,1,0,0.65635279
shopper_0003753,1,0,0.19848824
shopper_0003754,0,0,0.53665881
shopper_0003755,0,0,0.25385727
shopper_0003756,0,0,0.73780036
shopper_0003757,0,0,0.60150360
shopper_0003758,1,0,0.49399786
shopper_0003759,0,0,0.50130545
shopper_0003760,0,0,0.79596475
shopper_0003761,1,0,0.25549992
shopper_0003762,0,1,0.49020307
shopper_0003763,1,1,0.61094228
shopper_0003764,1,0,0.64262287
shopper_0003765,0,0,0.60535563
shopper_0003766,1,0,0.59449886
shopper_0003767,1,0,0.52664724
shopper_0003768,1,0,0.59032226
shopper_0003769,1,0,0.67993407
shopper_0003770,1,0,0.45029429
shopper_0003771,0,0,0.36386425
shopper_0003772,0,0,0.84860953
shopper_0003773,0,0,0.53254836
shopper_0003774,1,0,0.54284478
shopper_0003775,0,0,0.44847718
shopper_0003776,0,0,0.55731518
shopper_0003777,1,0,0.67957466
shopper_0003778,1,0,0.56774715
shopper_0003779,1,0,0.56707720
shopper_0003780,0,0,0.41217327
shopper_0003781,0,0,0.17650225
shopper_0003782,0,0,0.71945488
shopper_0003783,0,0,0.93088740
shopper_0003784,1,0,0.16527509
shopper_0003785,0,0,0.56493789
shopper_0003786,0,0,0.73232721
shopper_0003787,1,0,0.82509098
shopper_0003788,0,0,0.34301090
shopper_0003789,0,0,0.90142251
shopper_0003790,1,1,0.51484532
shopper_0003791,1,0,0.77996436
shopper_0003792,0,0,0.41671015
shopper_0003793,1,0,0.89933237
shopper_0003794,0,0,0.08504002
shopper_0003795,1,1,0.44482156
shopper_0003796,0,0,0.66900905
shopper_0003797,0,0,0.31014554
shopper_0003798,1,0,0.02098371
shopper_0003799,1,0,0.47765857
shopper_0003800,1,0,0.42499394
shopper_0003801,1,0,0.30357742
shopper_0003802,1,0,0.52777729
shopper_0003803,0,0,0.21313272
shopper_0003804,0,0,0.79172143
shopper_0003805,1,0,0.61337478
shopper_0003806,0,0,0.47058683
shopper_0003807,0,0,0.32998167
shopper_0003808,0,0,0.87612362
shopper_0003809,0,0,0.58562267
shopper_0003810,0,0,0.52433191
shopper_0003811,0,0,0.27137952
shopper_0003812,1,0,0.70818776
shopper_0003813,1,0,0.28448968
shopper_0003814,1,0,0.37395162
shopper_0003815,0,0,0.37173064
shopper_0003816,1,0,0.73243018
shopper_0003817,1,0,0.46425358
shopper_0003818,1,0,0.78776882
shopper_0003819,1,1,0.74983805
shopper_0003820,0,0,0.50915038
shopper_0003821,0,0,0.32674330
shopper_0003822,0,0,0.17959835
shopper_0003823,0,0,0.14242904
shopper_0003824,1,0,0.50662437
shopper_0003825,1,0,0.78206019
shopper_0003826,0,0,0.64631024
shopper_0003827,0,0,0.10125705
shopper_0003828,0,0,0.77962513
shopper_0003829,0,0,0.62624276
shopper_0003830,0,0,0.49033958
shopper_0003831,1,0,0.34399730
shopper_0003832,0,1,0.45434849
shopper_0003833,0,0,0.11706004
shopper_0003834,1,0,0.93996433
shopper_0003835,0,0,0.43219455
shopper_0003836,0,0,0.63724708
shopper_0003837,0,0,0.13684683
shopper_0003838,0,0,0.40024568
shopper_0003839,0,0,0.91940275
shopper_0003840,0,0,0.53321610
shopper_0003841,0,0,0.55643811
shopper_0003842,1,0,0.44211618
shopper_0003843,1,0,0.69892352
shopper_0003844,1,0,0.47514320
shopper_0003845,1,0,0.54383266
shopper_0003846,0,0,0.24386609
shopper_0003847,0,0,0.22392057
shopper_0003848,0,0,0.13071804
shopper_0003849,1,0,0.78189768
shopper_0003850,0,0,0.62755722
shopper_0003851,0,0,0.60355895
shopper_0003852,1,0,0.68079675
shopper_0003853,1,0,0.73732741
shopper_0003854,1,1,0.17383728
shopper_0003855,1,0,0.72604748
shopper_0003856,1,1,0.80989796
shopper_0003857,0,0,0.26344813
shopper_0003858,1,0,0.34423448
shopper_0003859,1,0,0.40920966
shopper_0003860,0,0,0.46105254
shopper_0003861,0,0,0.11777332
shopper_0003862,1,0,0.15204430
shopper_0003863,0,0,0.91285834
shopper_0003864,1,0,0.83546638
shopper_0003865,1,0,0.23475669
shopper_0003866,0,0,0.72486366
shopper_0003867,0,0,0.87761196
shopper_0003868,1,0,0.43820705
shopper_0003869,0,0,0.61930681
shopper_0003870,0,0,0.47595998
shopper_0003871,1,0,0.27526759
shopper_0003872,1,0,0.30945128
shopper_0003873,1,0,0.34980873
shopper_0003874,0,0,0.52723869
shopper_0003875,1,0,0.67857720
shopper_0003876,0,0,0.50598513
shopper_0003877,1,0,0.62666322
shopper_0003878,0,0,0.34409184
shopper_0003879,0,0,0.35324487
shopper_0003880,0,0,0.91931113
shopper_0003881,1,0,0.62940746
shopper_0003882,0,0,0.18399889
shopper_0003883,1,0,0.34294331
shopper_0003884,1,0,0.21863660
shopper_0003885,1,0,0.56870803
shopper_0003886,0,0,0.19279610
shopper_0003887,1,0,0.66034607
shopper_0003888,0,0,0.56785205
shopper_0003889,0,0,0.16436081
shopper_0003890,0,1,0.46985484
shopper_0003891,0,0,0.20824103
shopper_0003892,1,0,0.48026793
shopper_0003893,1,0,0.66645089
shopper_0003894,1,0,0.68199461
shopper_0003895,1,0,0.56019646
shopper_0003896,1,1,0.49937725
shopper_0003897,1,1,0.59564771
shopper_0003898,1,0,0.42338693
shopper_0003899,1,0,0.57690245
shopper_0003900,0,0,0.42549979
shopper_0003901,1,0,0.66541103
shopper_0003902,1,1,0.24158153
shopper_0003903,1,0,0.80101465
shopper_0003904,0,0,0.62252660
shopper_0003905,1,0,0.91286551
shopper_0003906,1,0,0.38404451
shopper_0003907,0,0,0.33296418
shopper_0003908,1,0,0.82003766
shopper_0003909,1,0,0.63451159
shopper_0003910,0,0,0.66545165
shopper_0003911,1,0,0.51737173
shopper_0003912,0,0,0.32411910
shopper_0003913,0,1,0.95446810
shopper_0003914,0,0,0.16931403
shopper_0003915,1,0,0.73714936
shopper_0003916,0,0,0.57443869
shopper_0003917,1,0,0.54167272
shopper_0003918,1,0,0.26482619
shopper_0003919,0,0,0.60635426
shopper_0003920,1,0,0.45418551
shopper_0003921,1,0,0.32813841
shopper_0003922,0,0,0.36182864
shopper_0003923,0,0,0.70399581
shopper_0003924,0,1,0.33956232
shopper_0003925,0,0,0.28335728
shopper_0003926,1,0,0.96303698
shopper_0003927,1,0,0.30090968
shopper_0003928,0,0,0.47743689
shopper_0003929,1,1,0.26172129
shopper_0003930,0,0,0.53766803
shopper_0003931,1,0,0.27797134
shopper_0003932,1,0,0.79344610
shopper_0003933,0,0,0.21758914
shopper_0003934,1,0,0.78908347
shopper_0003935,0,0,0.96152843
shopper_0003936,0,0,0.55503089
shopper_0003937,0,0,0.66340978
shopper_0003938,1,0,0.52652186
shopper_0003939,1,0,0.24202085
shopper_0003940,0,0,0.65522216
shopper_0003941,1,0,0.31701821
shopper_0003942,1,0,0.47689216
shopper_0003943,1,0,0.70716744
shopper_0003944,1,1,0.43081464
shopper_0003945,1,0,0.74932910
shopper_0003946,1,0,0.52305634
shopper_0003947,0,0,0.15066595
shopper_0003948,1,0,0.67125620
shopper_0003949,0,0,0.82725107
shopper_0003950,1,0,0.24055992
shopper_0003951,0,0,0.88507195
shopper_0003952,0,0,0.63838876
shopper_0003953,1,0,0.44491288
shopper_0003954,1,1,0.65358738
shopper_0003955,1,0,0.33413292
shopper_0003956,0,0,0.35658245
shopper_0003957,0,0,0.80159615
shopper_0003958,1,0,0.24555515
shopper_0003959,1,1,0.49100506
shopper_0003960,1,0,0.73113831
shopper_0003961,0,0,0.41688166
shopper_0003962,1,1,0.02353697
shopper_0003963,1,0,0.49343246
shopper_0003964,1,0,0.69227615
shopper_0003965,1,0,0.14899134
shopper_0003966,1,0,0.58075823
shopper_0003967,0,0,0.07972793
shopper_0003968,1,0,0.55245011
shopper_0003969,0,0,0.50840032
shopper_0003970,0,0,0.66530118
shopper_0003971,0,0,0.34972749
shopper_0003972,1,0,0.37733814
shopper_0003973,1,0,0.22161119
shopper_0003974,1,0,0.60521174
shopper_0003975,1,0,0.97203473
shopper_0003976,0,0,0.73758377
shopper_0003977,1,0,0.01721874
shopper_0003978,1,0,0.43268181
shopper_0003979,1,0,0.39093002
shopper_0003980,1,0,0.19998106
shopper_0003981,0,0,0.16587652
shopper_0003982,1,0,0.34608509
shopper_0003983,0,1,0.93144096
shopper_0003984,0,0,0.51426672
shopper_0003985,0,0,0.14092478
shopper_0003986,1,0,0.54274734
shopper_0003987,0,0,0.29268260
shopper_0003988,1,0,0.65121958
shopper_0003989,1,0,0.29768390
shopper_0003990,0,0,0.64850605
shopper_0003991,0,1,0.95371056
shopper_0003992,1,1,0.42430646
shopper_0003993,1,1,0.68937073
shopper_0003994,1,0,0.30049505
shopper_0003995,0,0,0.69239353
shopper_0003996,0,0,0.43791839
shopper_0003997,1,0,0.79909122
shopper_0003998,0,1,0.51638791
shopper_0003999,0,0,0.37947237
shopper_0004000,1,0,0.54523561
shopper_0004001,1,0,0.61728406
shopper_0004002,0,0,0.82460562
shopper_0004003,1,0,0.35649155
shopper_0004004,0,0,0.46878530
shopper_0004005,1,0,0.85779366
shopper_0004006,0,0,0.83895119
shopper_0004007,1,0,0.91896767
shopper_0004008,0,0,0.74415472
shopper_0004009,1,0,0.71218392
shopper_0004010,1,0,0.33297713
shopper_0004011,1,0,0.60014498
shopper_0004012,0,1,0.74925552
shopper_0004013,1,0,0.10952443
shopper_0004014,0,1,0.65632703
shopper_0004015,1,0,0.28904663
shopper_0004016,0,0,0.72282079
shopper_0004017,1,0,0.79134564
shopper_0004018,0,0,0.22846027
shopper_0004019,0,0,0.64363855
shopper_0004020,1,0,0.31302946
shopper_0004021,1,1,0.54284931
shopper_0004022,0,0,0.25981947
shopper_0004023,0,1,0.86709998
shopper_0004024,0,0,0.65269047
shopper_0004025,1,0,0.26112108
shopper_0004026,0,0,0.25979609
shopper_0004027,0,0,0.50426765
shopper_0004028,0,1,0.39743276
shopper_0004029,0,0,0.83321407
shopper_0004030,0,0,0.24690888
shopper_0004031,1,0,0.71831667
shopper_0004032,1,0,0.33624781
shopper_0004033,0,0,0.43041852
shopper_0004034,0,0,0.73029068
shopper_0004035,1,0,0.47099787
shopper_0004036,1,0,0.51564332
shopper_0004037,0,0,0.38819124
shopper_0004038,0,0,0.74687245
shopper_0004039,0,0,0.08542292
shopper_0004040,0,0,0.53329342
shopper_0004041,1,0,0.28519000
shopper_0004042,0,0,0.68504966
shopper_0004043,1,0,0.95705758
shopper_0004044,1,0,0.80143064
shopper_0004045,1,0,0.50704399
shopper_0004046,1,1,0.17348673
shopper_0004047,1,0,0.54552638
shopper_0004048,0,0,0.85918654
shopper_0004049,0,0,0.68414376
shopper_0004050,0,0,0.78754218
shopper_0004051,1,0,0.08896825
shopper_0004052,0,0,0.13370726
shopper_0004053,0,0,0.03218259
shopper_0004054,1,0,0.43341626
shopper_0004055,1,0,0.69922076
shopper_0004056,1,0,0.12175460
shopper_0004057,1,0,0.78591663
shopper_0004058,1,0,0.49133148
shopper_0004059,0,0,0.67709307
shopper_0004060,1,0,0.53742129
shopper_0004061,1,0,0.23831676
shopper_0004062,1,0,0.31716621
shopper_0004063,0,1,0.13826259
shopper_0004064,0,0,0.35062737
shopper_0004065,1,0,0.87212286
shopper_0004066,1,0,0.32485652
shopper_0004067,0,1,0.54131305
shopper_0004068,0,0,0.25397515
shopper_0004069,0,0,0.42976563
shopper_0004070,1,0,0.11213825
shopper_0004071,1,0,0.58744715
shopper_0004072,1,1,0.47449047
shopper_0004073,1,1,0.73871164
shopper_0004074,1,0,0.44616406
shopper_0004075,1,0,0.81770636
shopper_0004076,1,0,0.36904922
shopper_0004077,1,0,0.46663474
shopper_0004078,1,0,0.74406988
shopper_0004079,1,0,0.60369853
shopper_0004080,0,0,0.24488518
shopper_0004081,0,0,0.88086375
shopper_0004082,1,1,0.92660684
shopper_0004083,1,0,0.65577794
shopper_0004084,0,0,0.86526842
shopper_0004085,1,0,0.42211430
shopper_0004086,0,0,0.42293847
shopper_0004087,1,0,0.51347982
shopper_0004088,1,0,0.61767362
shopper_0004089,1,0,0.53234844
shopper_0004090,0,0,0.46560388
shopper_0004091,0,0,0.51121906
shopper_0004092,0,0,0.42121519
shopper_0004093,1,0,0.33340644
shopper_0004094,1,0,0.44635990
shopper_0004095,1,0,0.37916729
shopper_0004096,0,0,0.20691025
shopper_0004097,1,0,0.53768219
shopper_0004098,1,0,0.65658514
shopper_0004099,1,0,0.17908387
shopper_0004100,1,0,0.72653812
shopper_0004101,1,0,0.61214842
shopper_0004102,0,0,0.39677495
shopper_0004103,0,0,0.22006198
shopper_0004104,1,1,0.22906277
shopper_0004105,1,0,0.61540601
shopper_0004106,0,1,0.59166652
shopper_0004107,1,1,0.59027693
shopper_0004108,0,0,0.69209025
shopper_0004109,1,0,0.21109316
shopper_0004110,1,0,0.10943288
shopper_0004111,1,0,0.85059348
shopper_0004112,1,0,0.48920179
shopper_0004113,0,0,0.48239849
shopper_0004114,0,0,0.21598201
shopper_0004115,0,0,0.60007880
shopper_0004116,1,0,0.33774594
shopper_0004117,0,0,0.25634799
shopper_0004118,1,0,0.29900195
shopper_0004119,1,0,0.24110838
shopper_0004120,0,0,0.78819671
shopper_0004121,1,0,0.76168302
shopper_0004122,0,0,0.63659022
shopper_0004123,0,0,0.50872674
shopper_0004124,0,0,0.15662962
shopper_0004125,1,0,0.33168524
shopper_0004126,1,0,0.60342212
shopper_0004127,0,0,0.29275530
shopper_0004128,1,0,0.49837793
shopper_0004129,0,0,0.52393262
shopper_0004130,1,0,0.17767430
shopper_0004131,0,0,0.16441071
shopper_0004132,1,1,0.75548685
shopper_0004133,0,0,0.18709136
shopper_0004134,1,0,0.75095235
shopper_0004135,1,0,0.23479068
shopper_0004136,0,0,0.79442824
shopper_0004137,1,0,0.54665676
shopper_0004138,0,0,0.11640692
shopper_0004139,1,0,0.51184027
shopper_0004140,0,1,0.55060933
shopper_0004141,0,0,0.19903216
shopper_0004142,1,0,0.67593966
shopper_0004143,0,1,0.91636251
shopper_0004144,0,0,0.57983478
shopper_0004145,1,0,0.68271306
shopper_0004146,1,0,0.26838328
shopper_0004147,0,0,0.78455578
shopper_0004148,1,0,0.61350038
shopper_0004149,0,0,0.20805490
shopper_0004150,1,0,0.52334121
shopper_0004151,1,0,0.77503784
shopper_0004152,0,0,0.39394749
shopper_0004153,1,0,0.31354520
shopper_0004154,0,0,0.59150322
shopper_0004155,1,0,0.79361165
shopper_0004156,1,0,0.38471165
shopper_0004157,0,0,0.36317515
shopper_0004158,1,0,0.76291549
shopper_0004159,1,0,0.42548593
shopper_0004160,1,0,0.74809235
shopper_0004161,1,0,0.91424426
shopper_0004162,0,0,0.49359758
shopper_0004163,0,0,0.58280041
shopper_0004164,1,0,0.74674736
shopper_0004165,1,0,0.65260749
shopper_0004166,1,0,0.59425115
shopper_0004167,1,0,0.29022852
shopper_0004168,1,0,0.37339310
shopper_0004169,0,0,0.73476518
shopper_0004170,1,1,0.23026539
shopper_0004171,0,0,0.30878946
shopper_0004172,0,0,0.68812065
shopper_0004173,1,0,0.76615444
shopper_0004174,0,0,0.39669718
shopper_0004175,0,0,0.41294192
shopper_0004176,0,0,0.73887222
shopper_0004177,0,0,0.16963697
shopper_0004178,1,0,0.55584422
shopper_0004179,1,0,0.22197050
shopper_0004180,1,0,0.60029758
shopper_0004181,0,0,0.23886294
shopper_0004182,0,0,0.38532496
shopper_0004183,0,0,0.44088862
shopper_0004184,1,0,0.47296809
shopper_0004185,0,0,0.36819279
shopper_0004186,0,0,0.61077670
shopper_0004187,1,0,0.05622287
shopper_0004188,0,0,0.53204873
shopper_0004189,1,0,0.66077184
shopper_0004190,1,0,0.11616658
shopper_0004191,1,0,0.71325783
shopper_0004192,0,0,0.21468362
shopper_0004193,0,0,0.25523592
shopper_0004194,1,0,0.89445801
shopper_0004195,1,0,0.25132798
shopper_0004196,0,0,0.41834924
shopper_0004197,0,0,0.48459935
shopper_0004198,0,0,0.46920648
shopper_0004199,0,0,0.76963070
shopper_0004200,1,0,0.40323921
shopper_0004201,0,0,0.48058590
shopper_0004202,1,0,0.88389321
shopper_0004203,0,0,0.10113101
shopper_0004204,1,0,0.33443823
shopper_0004205,1,1,0.41672616
shopper_0004206,0,0,0.41434655
shopper_0004207,1,0,0.28511247
shopper_0004208,0,0,0.73906946
shopper_0004209,0,0,0.69301830
shopper_0004210,0,0,0.80843992
shopper_0004211,1,0,0.90090793
shopper_0004212,0,0,0.01061352
shopper_0004213,0,1,0.55992961
shopper_0004214,0,0,0.92210136
shopper_0004215,1,0,0.61042188
shopper_0004216,0,0,0.05890019
shopper_0004217,1,0,0.42482720
shopper_0004218,0,1,0.61894753
shopper_0004219,1,0,0.75005578
shopper_0004220,1,0,0.67158031
shopper_0004221,1,0,0.83576330
shopper_0004222,1,0,0.85831668
shopper_0004223,0,0,0.62817125
shopper_0004224,0,0,0.61412721
shopper_0004225,1,0,0.22712456
shopper_0004226,1,0,0.28200692
shopper_0004227,0,0,0.56920282
shopper_0004228,0,1,0.46522173
shopper_0004229,1,1,0.41445507
shopper_0004230,0,0,0.25894762
shopper_0004231,1,0,0.91499266
shopper_0004232,0,0,0.83403439
shopper_0004233,1,0,0.78790823
shopper_0004234,0,0,0.58708243
shopper_0004235,0,0,0.47001346
shopper_0004236,1,0,0.67078564
shopper_0004237,0,0,0.34774997
shopper_0004238,0,0,0.03103188
shopper_0004239,0,0,0.71415130
shopper_0004240,0,0,0.69278656
shopper_0004241,1,1,0.22384264
shopper_0004242,1,0,0.78436007
shopper_0004243,1,0,0.64140726
shopper_0004244,1,0,0.79003977
shopper_0004245,1,0,0.20979009
shopper_0004246,0,0,0.92587758
shopper_0004247,1,0,0.73216809
shopper_0004248,1,0,0.36037524
shopper_0004249,1,0,0.66093594
shopper_0004250,1,0,0.69831825
shopper_0004251,0,1,0.32566956
shopper_0004252,1,0,0.51792414
shopper_0004253,1,0,0.31439497
shopper_0004254,1,0,0.65973872
shopper_0004255,0,0,0.67608770
shopper_0004256,1,0,0.35634693
shopper_0004257,1,0,0.94452687
shopper_0004258,1,1,0.41778814
shopper_0004259,0,0,0.58577110
shopper_0004260,0,0,0.50140974
shopper_0004261,0,1,0.34044083
shopper_0004262,1,0,0.70713793
shopper_0004263,0,0,0.53806153
shopper_0004264,1,0,0.73823241
shopper_0004265,1,0,0.22579511
shopper_0004266,0,0,0.84868414
shopper_0004267,0,0,0.90371126
shopper_0004268,1,0,0.72741768
shopper_0004269,1,0,0.15508984
shopper_0004270,0,0,0.44116064
shopper_0004271,1,0,0.55817182
shopper_0004272,0,0,0.71509934
shopper_0004273,1,0,0.52481262
shopper_0004274,0,0,0.80379094
shopper_0004275,0,0,0.48089835
shopper_0004276,1,0,0.45145558
shopper_0004277,1,0,0.13477224
shopper_0004278,0,0,0.70156996
shopper_0004279,0,0,0.52997109
shopper_0004280,1,0,0.40531721
shopper_0004281,1,1,0.92182897
shopper_0004282,1,0,0.84603867
shopper_0004283,1,0,0.32859297
shopper_0004284,1,0,0.48323776
shopper_0004285,1,0,0.21346579
shopper_0004286,1,0,0.77040801
shopper_0004287,0,1,0.34566647
shopper_0004288,0,0,0.71817356
shopper_0004289,1,0,0.91599651
shopper_0004290,1,0,0.71789826
shopper_0004291,0,0,0.85569083
shopper_0004292,0,0,0.38721255
shopper_0004293,1,0,0.69573876
shopper_0004294,1,0,0.49310544
shopper_0004295,0,0,0.43047319
shopper_0004296,1,0,0.65714541
shopper_0004297,1,0,0.31496156
shopper_0004298,0,0,0.43684271
shopper_0004299,0,0,0.66844167
shopper_0004300,0,0,0.08716182
shopper_0004301,0,0,0.41102875
shopper_0004302,1,0,0.44399064
shopper_0004303,1,0,0.35152927
shopper_0004304,0,0,0.69317566
shopper_0004305,1,0,0.08390140
shopper_0004306,1,0,0.67340944
shopper_0004307,1,0,0.80908553
shopper_0004308,0,0,0.61416995
shopper_0004309,0,0,0.09658074
shopper_0004310,0,0,0.53858601
shopper_0004311,0,0,0.36967960
shopper_0004312,0,0,0.20783078
shopper_0004313,0,0,0.62193013
shopper_0004314,1,0,0.65505968
shopper_0004315,1,0,0.73612379
shopper_0004316,0,0,0.16906652
shopper_0004317,1,0,0.31229278
shopper_0004318,1,0,0.11133838
shopper_0004319,0,0,0.24747122
shopper_0004320,0,0,0.57774520
shopper_0004321,1,0,0.30528945
shopper_0004322,1,0,0.23520345
shopper_0004323,0,1,0.42695276
shopper_0004324,0,0,0.47562161
shopper_0004325,0,0,0.75405588
shopper_0004326,0,0,0.34289705
shopper_0004327,0,0,0.15784549
shopper_0004328,0,0,0.94386652
shopper_0004329,1,0,0.56665373
shopper_0004330,1,0,0.32587407
shopper_0004331,1,0,0.37692002
shopper_0004332,0,0,0.26557399
shopper_0004333,1,0,0.44305848
shopper_0004334,1,0,0.42431349
shopper_0004335,1,0,0.47299249
shopper_0004336,1,0,0.05496961
shopper_0004337,1,0,0.33865792
shopper_0004338,0,0,0.27319782
shopper_0004339,1,0,0.28922500
shopper_0004340,0,0,0.50272060
shopper_0004341,1,0,0.20286432
shopper_0004342,1,1,0.74167569
shopper_0004343,1,0,0.46056379
shopper_0004344,0,0,0.76002369
shopper_0004345,0,0,0.65345633
shopper_0004346,0,0,0.72088466
shopper_0004347,1,0,0.18122608
shopper_0004348,0,0,0.85808299
shopper_0004349,1,0,0.28045095
shopper_0004350,0,0,0.59449070
shopper_0004351,1,0,0.53604961
shopper_0004352,1,0,0.14283822
shopper_0004353,1,0,0.90900688
shopper_0004354,1,0,0.22553468
shopper_0004355,1,0,0.22752047
shopper_0004356,1,0,0.51296974
shopper_0004357,1,0,0.49141252
shopper_0004358,1,0,0.71071933
shopper_0004359,1,0,0.15948212
shopper_0004360,1,0,0.61126521
shopper_0004361,0,0,0.69662537
shopper_0004362,0,0,0.41829501
shopper_0004363,1,0,0.82102199
shopper_0004364,1,0,0.11990399
shopper_0004365,1,0,0.68279061
shopper_0004366,1,0,0.50377438
shopper_0004367,1,0,0.36844792
shopper_0004368,0,1,0.64508027
shopper_0004369,1,0,0.45063741
shopper_0004370,1,1,0.37333119
shopper_0004371,1,0,0.69139005
shopper_0004372,0,0,0.67161836
shopper_0004373,0,0,0.76834950
shopper_0004374,1,1,0.88744145
shopper_0004375,1,0,0.43525181
shopper_0004376,0,0,0.51965179
shopper_0004377,1,0,0.66926157
shopper_0004378,1,0,0.36882018
shopper_0004379,0,0,0.50480956
shopper_0004380,1,0,0.40454393
shopper_0004381,0,0,0.19616287
shopper_0004382,0,0,0.53836597
shopper_0004383,1,1,0.42033471
shopper_0004384,1,0,0.75514517
shopper_0004385,0,0,0.46009571
shopper_0004386,0,0,0.74241514
shopper_0004387,1,0,0.28707235
shopper_0004388,1,1,0.75824306
shopper_0004389,1,0,0.67890982
shopper_0004390,1,0,0.60268488
shopper_0004391,0,0,0.55763764
shopper_0004392,0,0,0.49073300
shopper_0004393,0,0,0.43699378
shopper_0004394,1,0,0.19234361
shopper_0004395,1,0,0.46277445
shopper_0004396,0,0,0.29894653
shopper_0004397,1,0,0.68124072
shopper_0004398,1,1,0.63772661
shopper_0004399,0,0,0.20855903
shopper_0004400,1,0,0.56782650
shopper_0004401,1,0,0.41956086
shopper_0004402,1,0,0.42987054
shopper_0004403,1,1,0.57975995
shopper_0004404,1,0,0.19293487
shopper_0004405,0,0,0.75599272
shopper_0004406,0,0,0.34578574
shopper_0004407,1,0,0.22794591
shopper_0004408,1,0,0.63549072
shopper_0004409,1,0,0.57031868
shopper_0004410,0,0,0.71648233
shopper_0004411,0,0,0.57139245
shopper_0004412,0,0,0.47997557
shopper_0004413,0,0,0.40606453
shopper_0004414,1,0,0.28874133
shopper_0004415,1,0,0.57972884
shopper_0004416,0,0,0.44565985
shopper_0004417,1,0,0.60712667
shopper_0004418,1,0,0.45103862
shopper_0004419,0,0,0.05683490
shopper_0004420,1,0,0.61378579
shopper_0004421,0,0,0.34012143
shopper_0004422,0,1,0.58756810
shopper_0004423,0,0,0.58222412
shopper_0004424,0,0,0.49844404
shopper_0004425,0,1,0.66631065
shopper_0004426,0,0,0.50410731
shopper_0004427,1,0,0.64565166
shopper_0004428,1,1,0.34864991
shopper_0004429,1,0,0.58161014
shopper_0004430,1,0,0.14385229
shopper_0004431,0,0,0.38746752
shopper_0004432,1,0,0.37389881
shopper_0004433,0,1,0.60443583
shopper_0004434,1,0,0.36778486
shopper_0004435,0,0,0.77855899
shopper_0004436,0,0,0.35441167
shopper_0004437,0,1,0.36231955
shopper_0004438,1,0,0.46426823
shopper_0004439,1,1,0.33306882
shopper_0004440,1,0,0.81545836
shopper_0004441,1,0,0.23830933
shopper_0004442,1,0,0.80827400
shopper_0004443,1,0,0.43490908
shopper_0004444,0,0,0.53734665
shopper_0004445,1,1,0.51423268
shopper_0004446,0,0,0.14760383
shopper_0004447,1,0,0.47345787
shopper_0004448,1,0,0.81107635
shopper_0004449,1,0,0.24046692
shopper_0004450,0,0,0.78177900
shopper_0004451,0,0,0.36405254
shopper_0004452,0,0,0.29704419
shopper_0004453,1,1,0.31129639
shopper_0004454,0,0,0.30994263
shopper_0004455,0,0,0.27969857
shopper_0004456,0,0,0.67044698
shopper_0004457,0,0,0.52576717
shopper_0004458,1,1,0.30509922
shopper_0004459,1,0,0.60811170
shopper_0004460,1,0,0.30449903
shopper_0004461,1,0,0.27115212
shopper_0004462,1,0,0.11176303
shopper_0004463,1,0,0.21936196
shopper_0004464,0,0,0.61456277
shopper_0004465,1,0,0.62809574
shopper_0004466,1,0,0.67319727
shopper_0004467,0,0,0.28730792
shopper_0004468,1,0,0.46758889
shopper_0004469,1,0,0.67102126
shopper_0004470,0,1,0.75058173
shopper_0004471,1,0,0.56750046
shopper_0004472,0,0,0.27883969
shopper_0004473,0,0,0.26145439
shopper_0004474,1,0,0.32461573
shopper_0004475,1,0,0.51473999
shopper_0004476,1,0,0.39520909
shopper_0004477,1,1,0.23403303
shopper_0004478,1,0,0.59851511
shopper_0004479,0,0,0.62156753
shopper_0004480,1,1,0.42120534
shopper_0004481,1,0,0.71433537
shopper_0004482,1,0,0.64223589
shopper_0004483,1,0,0.47258586
shopper_0004484,0,0,0.46110133
shopper_0004485,0,0,0.68762953
shopper_0004486,1,0,0.63716177
shopper_0004487,0,0,0.80000926
shopper_0004488,0,0,0.44992038
shopper_0004489,1,0,0.80396235
shopper_0004490,0,1,0.52031070
shopper_0004491,0,0,0.85539935
shopper_0004492,0,0,0.79454190
shopper_0004493,0,1,0.79379352
shopper_0004494,0,0,0.42199491
shopper_0004495,1,1,0.66140823
shopper_0004496,1,0,0.73803507
shopper_0004497,0,0,0.70072982
shopper_0004498,1,0,0.84151694
shopper_0004499,0,0,0.33397900
shopper_0004500,1,0,0.45214695
shopper_0004501,1,0,0.06164486
shopper_0004502,1,0,0.61755459
shopper_0004503,1,0,0.65763739
shopper_0004504,0,0,0.00706518
shopper_0004505,0,0,0.20185531
shopper_0004506,0,0,0.72066012
shopper_0004507,1,0,0.14916690
shopper_0004508,1,0,0.40751104
shopper_0004509,0,0,0.45532820
shopper_0004510,0,1,0.59020780
shopper_0004511,0,0,0.06529441
shopper_0004512,1,0,0.30980310
shopper_0004513,0,1,0.60979390
shopper_0004514,1,0,0.44171736
shopper_0004515,1,0,0.67021958
shopper_0004516,0,0,0.95979192
shopper_0004517,0,0,0.21695599
shopper_0004518,1,1,0.61142652
shopper_0004519,0,0,0.67570590
shopper_0004520,0,0,0.84947217
shopper_0004521,0,1,0.56599894
shopper_0004522,0,0,0.31405715
shopper_0004523,0,0,0.55586350
shopper_0004524,0,0,0.68151008
shopper_0004525,1,1,0.45791760
shopper_0004526,0,0,0.39861874
shopper_0004527,1,0,0.88253218
shopper_0004528,0,0,0.10533736
shopper_0004529,1,0,0.89856304
shopper_0004530,1,0,0.24293306
shopper_0004531,0,0,0.87901060
shopper_0004532,1,0,0.94029675
shopper_0004533,0,0,0.06282816
shopper_0004534,0,1,0.50074832
shopper_0004535,1,0,0.23052088
shopper_0004536,1,0,0.70400743
shopper_0004537,1,0,0.48589302
shopper_0004538,1,0,0.07511988
shopper_0004539,0,0,0.48415532
shopper_0004540,1,0,0.25034595
shopper_0004541,0,0,0.95570046
shopper_0004542,0,0,0.65103919
shopper_0004543,0,0,0.71837175
shopper_0004544,1,0,0.34865362
shopper_0004545,1,1,0.33891710
shopper_0004546,0,0,0.51015528
shopper_0004547,1,0,0.39212494
shopper_0004548,1,0,0.35566459
shopper_0004549,0,0,0.64406908
shopper_0004550,1,1,0.83831995
shopper_0004551,1,0,0.07557459
shopper_0004552,0,0,0.47996651
shopper_0004553,1,0,0.31077847
shopper_0004554,0,0,0.46695807
shopper_0004555,0,1,0.72971752
shopper_0004556,0,0,0.18118471
shopper_0004557,0,0,0.43223389
shopper_0004558,1,1,0.78039816
shopper_0004559,1,0,0.35652592
shopper_0004560,1,0,0.45328587
shopper_0004561,0,0,0.65211608
shopper_0004562,1,0,0.77887708
shopper_0004563,1,0,0.30814712
shopper_0004564,0,0,0.75526259
shopper_0004565,0,0,0.73719111
shopper_0004566,0,0,0.17829379
shopper_0004567,1,0,0.72427321
shopper_0004568,1,0,0.39376769
shopper_0004569,1,0,0.17225609
shopper_0004570,0,0,0.54160537
shopper_0004571,1,0,0.55846084
shopper_0004572,1,0,0.28373856
shopper_0004573,1,0,0.59721192
shopper_0004574,1,0,0.37716820
shopper_0004575,1,0,0.84724520
shopper_0004576,1,0,0.90969841
shopper_0004577,1,1,0.78255834
shopper_0004578,1,1,0.44668412
shopper_0004579,1,0,0.56476706
shopper_0004580,1,0,0.52847662
shopper_0004581,0,1,0.88200529
shopper_0004582,1,0,0.27668301
shopper_0004583,1,0,0.84195150
shopper_0004584,0,0,0.63825581
shopper_0004585,0,0,0.46775290
shopper_0004586,0,0,0.82515605
shopper_0004587,1,1,0.47686621
shopper_0004588,0,0,0.57597858
shopper_0004589,0,0,0.50603621
shopper_0004590,1,0,0.65591297
shopper_0004591,1,0,0.62642020
shopper_0004592,0,0,0.31746954
shopper_0004593,1,0,0.73545579
shopper_0004594,0,0,0.15766082
shopper_0004595,0,0,0.73291158
shopper_0004596,1,0,0.55363549
shopper_0004597,0,1,0.49233375
shopper_0004598,0,0,0.63069170
shopper_0004599,0,0,0.21732486
shopper_0004600,1,0,0.56716539
shopper_0004601,0,0,0.44541552
shopper_0004602,1,0,0.43201718
shopper_0004603,0,1,0.38171938
shopper_0004604,1,1,0.67767233
shopper_0004605,1,0,0.05911708
shopper_0004606,0,0,0.77177104
shopper_0004607,1,0,0.76574415
shopper_0004608,1,0,0.86824896
shopper_0004609,0,0,0.64677327
shopper_0004610,0,0,0.58120670
shopper_0004611,0,1,0.32803426
shopper_0004612,0,0,0.11281861
shopper_0004613,0,0,0.49550806
shopper_0004614,1,0,0.34227849
shopper_0004615,0,0,0.73372894
shopper_0004616,0,0,0.15216529
shopper_0004617,0,1,0.11046454
shopper_0004618,1,0,0.22588317
shopper_0004619,1,0,0.62064389
shopper_0004620,0,0,0.25139861
shopper_0004621,0,0,0.80870223
shopper_0004622,0,0,0.82335320
shopper_0004623,0,1,0.56028440
shopper_0004624,1,0,0.32829534
shopper_0004625,0,0,0.88685732
shopper_0004626,1,0,0.47982167
shopper_0004627,0,0,0.67562115
shopper_0004628,0,0,0.61876682
shopper_0004629,0,0,0.20980751
shopper_0004630,0,0,0.73612458
shopper_0004631,1,0,0.44006310
shopper_0004632,0,0,0.58050890
shopper_0004633,1,1,0.61965749
shopper_0004634,1,0,0.66264807
shopper_0004635,0,0,0.81449176
shopper_0004636,1,0,0.76097056
shopper_0004637,0,0,0.32106429
shopper_0004638,1,0,0.17261307
shopper_0004639,0,0,0.20533446
shopper_0004640,1,0,0.22118817
shopper_0004641,0,0,0.65369529
shopper_0004642,0,0,0.84808264
shopper_0004643,1,0,0.28217070
shopper_0004644,1,0,0.59219196
shopper_0004645,0,0,0.85414574
shopper_0004646,1,0,0.17491686
shopper_0004647,0,0,0.26411588
shopper_0004648,1,0,0.06013856
shopper_0004649,0,0,0.69560693
shopper_0004650,0,1,0.58095945
shopper_0004651,1,0,0.58105726
shopper_0004652,1,0,0.35269443
shopper_0004653,0,1,0.63311452
shopper_0004654,0,0,0.48720515
shopper_0004655,0,0,0.24665948
shopper_0004656,0,0,0.08802149
shopper_0004657,0,0,0.43337850
shopper_0004658,0,0,0.14617983
shopper_0004659,1,0,0.58010198
shopper_0004660,1,1,0.18460480
shopper_0004661,1,0,0.57809110
shopper_0004662,0,0,0.67469440
shopper_0004663,1,0,0.19086804
shopper_0004664,0,0,0.80459827
shopper_0004665,1,0,0.60731833
shopper_0004666,0,0,0.22505946
shopper_0004667,0,0,0.84922631
shopper_0004668,0,0,0.79981452
shopper_0004669,1,0,0.33458175
shopper_0004670,0,0,0.42214624
shopper_0004671,0,0,0.71876755
shopper_0004672,0,0,0.87127129
shopper_0004673,0,1,0.26150861
shopper_0004674,1,0,0.58568748
shopper_0004675,1,0,0.55492224
shopper_0004676,1,0,0.08924614
shopper_0004677,1,0,0.69170761
shopper_0004678,1,0,0.53189417
shopper_0004679,0,1,0.69623026
shopper_0004680,0,0,0.53739474
shopper_0004681,1,0,0.50721323
shopper_0004682,0,0,0.15133793
shopper_0004683,0,0,0.22727784
shopper_0004684,1,1,0.86036834
shopper_0004685,0,0,0.59856371
shopper_0004686,1,0,0.42215248
shopper_0004687,0,0,0.63936701
shopper_0004688,0,0,0.53156411
shopper_0004689,0,1,0.43789321
shopper_0004690,1,0,0.63016518
shopper_0004691,0,0,0.66108206
shopper_0004692,1,0,0.28157668
shopper_0004693,0,0,0.46839473
shopper_0004694,0,0,0.44019813
shopper_0004695,1,0,0.49971024
shopper_0004696,1,0,0.84265351
shopper_0004697,0,0,0.28070678
shopper_0004698,0,0,0.45012500
shopper_0004699,1,1,0.09533799
shopper_0004700,1,0,0.35992539
shopper_0004701,0,0,0.68977286
shopper_0004702,0,0,0.65025695
shopper_0004703,1,0,0.60112262
shopper_0004704,1,0,0.50476205
shopper_0004705,1,0,0.25352961
shopper_0004706,1,0,0.62454800
shopper_0004707,0,0,0.20112054
shopper_0004708,1,0,0.27033037
shopper_0004709,1,0,0.79375919
shopper_0004710,1,0,0.27535695
shopper_0004711,1,0,0.44518114
shopper_0004712,1,0,0.86803576
shopper_0004713,0,0,0.73272022
shopper_0004714,1,0,0.36874311
shopper_0004715,1,0,0.25731810
shopper_0004716,1,0,0.16886068
shopper_0004717,0,0,0.69932589
shopper_0004718,0,0,0.38483481
shopper_0004719,1,0,0.70594178
shopper_0004720,1,0,0.41933252
shopper_0004721,1,0,0.71228708
shopper_0004722,1,1,0.86475384
shopper_0004723,0,0,0.28252006
shopper_0004724,1,0,0.35029090
shopper_0004725,0,0,0.80022425
shopper_0004726,1,0,0.17477000
shopper_0004727,0,0,0.71350867
shopper_0004728,0,0,0.48552680
shopper_0004729,1,0,0.20240461
shopper_0004730,0,0,0.48817697
shopper_0004731,0,0,0.83323829
shopper_0004732,1,0,0.79515968
shopper_0004733,1,0,0.47383124
shopper_0004734,0,0,0.32373202
shopper_0004735,0,0,0.75477284
shopper_0004736,0,0,0.65401234
shopper_0004737,0,0,0.30530664
shopper_0004738,0,0,0.40628210
shopper_0004739,0,0,0.57374793
shopper_0004740,1,0,0.53480800
shopper_0004741,1,0,0.80415348
shopper_0004742,1,0,0.29556646
shopper_0004743,1,0,0.72087334
shopper_0004744,0,0,0.16332420
shopper_0004745,0,0,0.58668306
shopper_0004746,0,0,0.22124940
shopper_0004747,1,0,0.48299849
shopper_0004748,1,0,0.48957962
shopper_0004749,1,0,0.23856081
shopper_0004750,0,0,0.37608411
shopper_0004751,0,0,0.30703499
shopper_0004752,0,0,0.15279850
shopper_0004753,0,0,0.65306212
shopper_0004754,0,0,0.59366858
shopper_0004755,0,0,0.20404302
shopper_0004756,1,0,0.36140244
shopper_0004757,0,1,0.34253204
shopper_0004758,1,0,0.41059099
shopper_0004759,1,0,0.67808347
shopper_0004760,0,0,0.50255045
shopper_0004761,1,0,0.51523933
shopper_0004762,0,0,0.19288790
shopper_0004763,0,0,0.25544789
shopper_0004764,0,0,0.81387670
shopper_0004765,0,0,0.08371140
shopper_0004766,0,0,0.34501460
shopper_0004767,1,0,0.43908705
shopper_0004768,0,0,0.59651083
shopper_0004769,1,0,0.88761264
shopper_0004770,0,0,0.24257389
shopper_0004771,1,0,0.47580336
shopper_0004772,1,0,0.75717651
shopper_0004773,0,0,0.35609004
shopper_0004774,1,0,0.57169031
shopper_0004775,1,0,0.53511875
shopper_0004776,0,0,0.76004140
shopper_0004777,0,0,0.15322492
shopper_0004778,1,0,0.48308427
shopper_0004779,0,0,0.44742627
shopper_0004780,0,0,0.64658172
shopper_0004781,1,0,0.37931246
shopper_0004782,1,0,0.34819301
shopper_0004783,0,0,0.42737374
shopper_0004784,0,0,0.37071909
shopper_0004785,0,1,0.61247670
shopper_0004786,1,0,0.62906619
shopper_0004787,1,1,0.46187638
shopper_0004788,1,0,0.48032782
shopper_0004789,1,0,0.75898074
shopper_0004790,1,0,0.55790808
shopper_0004791,0,0,0.22813411
shopper_0004792,0,0,0.35812065
shopper_0004793,0,0,0.41365310
shopper_0004794,0,0,0.76405189
shopper_0004795,0,0,0.45821315
shopper_0004796,0,0,0.31653632
shopper_0004797,0,0,0.77768898
shopper_0004798,0,0,0.73415852
shopper_0004799,1,0,0.79481395
shopper_0004800,1,1,0.15563687
shopper_0004801,1,1,0.62530448
shopper_0004802,0,0,0.54906285
shopper_0004803,1,1,0.29170600
shopper_0004804,0,0,0.43300138
shopper_0004805,0,0,0.72468760
shopper_0004806,1,0,0.75122544
shopper_0004807,0,0,0.44962358
shopper_0004808,0,0,0.45692501
shopper_0004809,0,0,0.60275755
shopper_0004810,1,0,0.31553716
shopper_0004811,0,1,0.27461225
shopper_0004812,0,0,0.79562524
shopper_0004813,1,0,0.38163846
shopper_0004814,0,0,0.62517782
shopper_0004815,0,0,0.45667993
shopper_0004816,0,0,0.53186777
shopper_0004817,1,0,0.13196369
shopper_0004818,1,0,0.70162624
shopper_0004819,0,0,0.54863384
shopper_0004820,1,0,0.31328749
shopper_0004821,0,1,0.27515479
shopper_0004822,1,1,0.43254546
shopper_0004823,0,0,0.80223577
shopper_0004824,1,0,0.51434175
shopper_0004825,0,0,0.37453636
shopper_0004826,1,0,0.39248237
shopper_0004827,1,0,0.69543110
shopper_0004828,1,1,0.44013045
shopper_0004829,1,0,0.32119801
shopper_0004830,1,0,0.78344064
shopper_0004831,1,0,0.65151961
shopper_0004832,0,0,0.75031701
shopper_0004833,0,0,0.47788793
shopper_0004834,0,0,0.30850651
shopper_0004835,0,0,0.45245203
shopper_0004836,0,0,0.97572277
shopper_0004837,1,0,0.36727598
shopper_0004838,1,0,0.46476758
shopper_0004839,0,0,0.61093172
shopper_0004840,0,0,0.56018768
shopper_0004841,1,0,0.46039742
shopper_0004842,1,1,0.41733652
shopper_0004843,1,0,0.05535281
shopper_0004844,1,0,0.42321813
shopper_0004845,0,0,0.52301742
shopper_0004846,0,0,0.34776800
shopper_0004847,1,0,0.35205191
shopper_0004848,0,0,0.17837558
shopper_0004849,1,0,0.47243724
shopper_0004850,0,0,0.83433939
shopper_0004851,0,0,0.72254853
shopper_0004852,0,0,0.15335752
shopper_0004853,0,0,0.85275926
shopper_0004854,0,0,0.60242206
shopper_0004855,1,0,0.80338917
shopper_0004856,1,0,0.70539647
shopper_0004857,0,0,0.62139591
shopper_0004858,1,1,0.63759936
shopper_0004859,0,0,0.47010376
shopper_0004860,0,0,0.22867918
shopper_0004861,1,0,0.24063720
shopper_0004862,0,0,0.06112732
shopper_0004863,1,0,0.14139118
shopper_0004864,1,0,0.45170931
shopper_0004865,1,0,0.39222830
shopper_0004866,0,0,0.69644537
shopper_0004867,0,0,0.31371593
shopper_0004868,1,0,0.32893986
shopper_0004869,0,0,0.38212827
shopper_0004870,1,0,0.26138815
shopper_0004871,1,0,0.72944519
shopper_0004872,0,0,0.83448549
shopper_0004873,1,0,0.39420079
shopper_0004874,0,0,0.49614784
shopper_0004875,1,0,0.60425711
shopper_0004876,1,0,0.48796175
shopper_0004877,1,0,0.24220009
shopper_0004878,1,1,0.78359502
shopper_0004879,1,0,0.37631021
shopper_0004880,1,0,0.48198415
shopper_0004881,0,0,0.40101247
shopper_0004882,1,0,0.74264471
shopper_0004883,0,0,0.27308177
shopper_0004884,1,0,0.89935557
shopper_0004885,1,0,0.43908435
shopper_0004886,0,0,0.86882244
shopper_0004887,1,0,0.84153207
shopper_0004888,1,0,0.38569148
shopper_0004889,1,0,0.15768927
shopper_0004890,1,0,0.58722246
shopper_0004891,1,0,0.58945335
shopper_0004892,0,0,0.85362810
shopper_0004893,0,0,0.48086952
shopper_0004894,1,0,0.72962838
shopper_0004895,0,0,0.67186214
shopper_0004896,0,0,0.52167243
shopper_0004897,0,0,0.85926010
shopper_0004898,1,0,0.52152922
shopper_0004899,1,1,0.10865027
shopper_0004900,1,0,0.41378919
shopper_0004901,0,0,0.41061788
shopper_0004902,1,0,0.27210309
shopper_0004903,1,1,0.48691510
shopper_0004904,0,0,0.25679342
shopper_0004905,1,0,0.55252611
shopper_0004906,1,1,0.70837185
shopper_0004907,0,0,0.11553626
shopper_0004908,0,0,0.09944363
shopper_0004909,0,0,0.45759148
shopper_0004910,1,0,0.58051643
shopper_0004911,0,0,0.73473386
shopper_0004912,1,1,0.43083438
shopper_0004913,1,0,0.60392729
shopper_0004914,0,0,0.92393356
shopper_0004915,1,0,0.09917459
shopper_0004916,1,0,0.23460430
shopper_0004917,1,0,0.36454286
shopper_0004918,0,0,0.74851502
shopper_0004919,1,0,0.43821417
shopper_0004920,1,0,0.33355873
shopper_0004921,0,0,0.46449116
shopper_0004922,1,0,0.93127074
shopper_0004923,0,0,0.66443177
shopper_0004924,0,0,0.86387184
shopper_0004925,0,1,0.53049229
shopper_0004926,1,0,0.36346440
shopper_0004927,0,0,0.56141171
shopper_0004928,1,0,0.79784924
shopper_0004929,0,0,0.60317696
shopper_0004930,0,0,0.28421518
shopper_0004931,0,0,0.65555108
shopper_0004932,1,0,0.55540165
shopper_0004933,1,0,0.35905334
shopper_0004934,0,0,0.16085662
shopper_0004935,1,0,0.32062911
shopper_0004936,0,0,0.79765888
shopper_0004937,1,0,0.47531793
shopper_0004938,0,0,0.55551201
shopper_0004939,0,0,0.19116460
shopper_0004940,1,0,0.90529840
shopper_0004941,0,0,0.56601888
shopper_0004942,0,0,0.46588623
shopper_0004943,1,0,0.30868216
shopper_0004944,1,0,0.13144426
shopper_0004945,1,0,0.54002611
shopper_0004946,0,0,0.35557068
shopper_0004947,0,0,0.45592258
shopper_0004948,1,0,0.61749732
shopper_0004949,1,0,0.48539436
shopper_0004950,1,0,0.49394478
shopper_0004951,0,0,0.58624437
shopper_0004952,1,0,0.12602588
shopper_0004953,0,0,0.28462781
shopper_0004954,1,0,0.75387188
shopper_0004955,1,0,0.27843951
shopper_0004956,0,0,0.49459322
shopper_0004957,1,0,0.80557582
shopper_0004958,1,1,0.35257999
shopper_0004959,0,0,0.31490056
shopper_0004960,1,0,0.62096563
shopper_0004961,1,0,0.46765999
shopper_0004962,0,0,0.64449931
shopper_0004963,0,0,0.18260811
shopper_0004964,0,1,0.27291395
shopper_0004965,0,0,0.47607286
shopper_0004966,1,0,0.78974245
shopper_0004967,0,0,0.12210856
shopper_0004968,1,0,0.26542481
shopper_0004969,0,0,0.63462244
shopper_0004970,1,1,0.37617325
shopper_0004971,0,0,0.73856808
shopper_0004972,1,0,0.31532790
shopper_0004973,0,1,0.89179549
shopper_0004974,0,0,0.15939834
shopper_0004975,1,0,0.37317993
shopper_0004976,1,0,0.45467887
shopper_0004977,1,0,0.49995285
shopper_0004978,0,0,0.31650557
shopper_0004979,0,0,0.45425533
shopper_0004980,0,0,0.43255067
shopper_0004981,0,0,0.53349560
shopper_0004982,1,0,0.60358343
shopper_0004983,0,0,0.42394683
shopper_0004984,0,0,0.40037821
shopper_0004985,1,0,0.54722019
shopper_0004986,1,1,0.31512453
shopper_0004987,1,0,0.64280823
shopper_0004988,1,0,0.35955028
shopper_0004989,0,0,0.55683712
shopper_0004990,0,0,0.23296769
shopper_0004991,1,0,0.47408692
shopper_0004992,0,0,0.51755181
shopper_0004993,0,0,0.21440280
shopper_0004994,0,0,0.66671449
shopper_0004995,0,0,0.11963149
shopper_0004996,0,0,0.19485124
shopper_0004997,0,0,0.55125302
shopper_0004998,0,0,0.47487758
shopper_0004999,1,0,0.46627969
shopper_0005000,0,0,0.20851765
shopper_0005001,1,0,0.72557837
shopper_0005002,1,0,0.46957363
shopper_0005003,0,0,0.38771244
shopper_0005004,1,0,0.77675778
shopper_0005005,1,0,0.52262070
shopper_0005006,1,0,0.16609064
shopper_0005007,0,0,0.84865823
shopper_0005008,1,0,0.45181748
shopper_0005009,1,0,0.74529317
shopper_0005010,0,1,0.21374216
shopper_0005011,1,0,0.40493504
shopper_0005012,1,0,0.45708697
shopper_0005013,1,0,0.55615174
shopper_0005014,1,0,0.53870333
shopper_0005015,0,0,0.35672564
shopper_0005016,0,0,0.70597584
shopper_0005017,1,1,0.22041501
shopper_0005018,1,0,0.47313905
shopper_0005019,1,0,0.14828899
shopper_0005020,1,0,0.14657591
shopper_0005021,0,0,0.32974587
shopper_0005022,0,0,0.19703404
shopper_0005023,0,0,0.52154500
shopper_0005024,1,1,0.85002819
shopper_0005025,1,0,0.61430043
shopper_0005026,0,0,0.84594374
shopper_0005027,0,0,0.11776223
shopper_0005028,1,0,0.26815278
shopper_0005029,1,0,0.56107607
shopper_0005030,0,0,0.36658713
shopper_0005031,1,1,0.60468426
shopper_0005032,1,1,0.47048758
shopper_0005033,1,0,0.35736456
shopper_0005034,0,0,0.83955564
shopper_0005035,0,0,0.81031888
shopper_0005036,1,0,0.76890633
shopper_0005037,1,0,0.55982299
shopper_0005038,1,1,0.75964707
shopper_0005039,0,0,0.36148181
shopper_0005040,0,1,0.84727161
shopper_0005041,0,0,0.31298384
shopper_0005042,0,0,0.47868338
shopper_0005043,0,0,0.73815627
shopper_0005044,0,0,0.75862090
shopper_0005045,0,0,0.41565156
shopper_0005046,0,0,0.27069635
shopper_0005047,1,0,0.53716533
shopper_0005048,0,0,0.36521999
shopper_0005049,1,0,0.56430599
shopper_0005050,1,0,0.48376502
shopper_0005051,0,0,0.61861946
shopper_0005052,1,0,0.57793704
shopper_0005053,0,0,0.19735389
shopper_0005054,0,1,0.30139588
shopper_0005055,0,0,0.67687704
shopper_0005056,1,0,0.62697594
shopper_0005057,0,0,0.21735989
shopper_0005058,0,0,0.29862998
shopper_0005059,0,0,0.63435454
shopper_0005060,0,0,0.79339702
shopper_0005061,0,1,0.20348773
shopper_0005062,0,0,0.21207476
shopper_0005063,0,0,0.71246543
shopper_0005064,1,0,0.54000865
shopper_0005065,0,0,0.33187667
shopper_0005066,0,0,0.58406510
shopper_0005067,1,1,0.75563186
shopper_0005068,0,0,0.81612245
shopper_0005069,0,0,0.31528319
shopper_0005070,0,0,0.38797396
shopper_0005071,0,0,0.62833201
shopper_0005072,1,0,0.12953368
shopper_0005073,1,0,0.64701149
shopper_0005074,1,0,0.78489501
shopper_0005075,0,0,0.15294537
shopper_0005076,0,0,0.11666917
shopper_0005077,0,0,0.20245406
shopper_0005078,1,0,0.36579298
shopper_0005079,0,0,0.50618649
shopper_0005080,1,0,0.42885559
shopper_0005081,1,0,0.42429529
shopper_0005082,0,0,0.34301772
shopper_0005083,1,0,0.29029678
shopper_0005084,0,0,0.90384322
shopper_0005085,1,0,0.69430238
shopper_0005086,1,1,0.85648299
shopper_0005087,0,1,0.46705251
shopper_0005088,1,0,0.54878699
shopper_0005089,1,0,0.10799426
shopper_0005090,1,0,0.37782490
shopper_0005091,1,0,0.35377326
shopper_0005092,0,0,0.45617667
shopper_0005093,0,0,0.59926527
shopper_0005094,1,0,0.83535564
shopper_0005095,1,1,0.69327425
shopper_0005096,1,0,0.69495579
shopper_0005097,1,0,0.25011342
shopper_0005098,1,0,0.60490452
shopper_0005099,1,0,0.45799296
shopper_0005100,1,0,0.47001772
shopper_0005101,1,0,0.31516392
shopper_0005102,1,0,0.41579204
shopper_0005103,0,0,0.68145566
shopper_0005104,0,0,0.40860280
shopper_0005105,1,0,0.50268148
shopper_0005106,0,0,0.57680350
shopper_0005107,0,0,0.72778888
shopper_0005108,1,0,0.50238889
shopper_0005109,0,0,0.11983882
shopper_0005110,1,0,0.66626216
shopper_0005111,0,0,0.64595943
shopper_0005112,0,0,0.45189304
shopper_0005113,1,0,0.78169218
shopper_0005114,0,0,0.24460697
shopper_0005115,1,0,0.61098233
shopper_0005116,0,0,0.38967722
shopper_0005117,0,0,0.80144781
shopper_0005118,0,0,0.42719249
shopper_0005119,1,0,0.47078508
shopper_0005120,1,0,0.36192013
shopper_0005121,1,0,0.68392648
shopper_0005122,0,0,0.86785065
shopper_0005123,0,0,0.66401150
shopper_0005124,0,0,0.63173942
shopper_0005125,1,0,0.20777979
shopper_0005126,0,0,0.38226854
shopper_0005127,0,0,0.68731268
shopper_0005128,0,0,0.83629169
shopper_0005129,0,0,0.74240736
shopper_0005130,1,1,0.29091625
shopper_0005131,0,0,0.80831451
shopper_0005132,1,0,0.74636857
shopper_0005133,0,0,0.09389850
shopper_0005134,1,0,0.63980393
shopper_0005135,1,0,0.14575060
shopper_0005136,0,1,0.07914315
shopper_0005137,0,0,0.52900294
shopper_0005138,0,0,0.59234358
shopper_0005139,1,0,0.80317718
shopper_0005140,1,0,0.43053661
shopper_0005141,1,0,0.26809025
shopper_0005142,0,0,0.44878785
shopper_0005143,0,0,0.18729238
shopper_0005144,1,1,0.36308136
shopper_0005145,0,1,0.64911141
shopper_0005146,0,0,0.82485177
shopper_0005147,1,0,0.18330936
shopper_0005148,1,0,0.64755976
shopper_0005149,0,0,0.52154981
shopper_0005150,0,1,0.46840331
shopper_0005151,1,0,0.58206027
shopper_0005152,1,0,0.79541553
shopper_0005153,0,0,0.16360564
shopper_0005154,1,0,0.72354869
shopper_0005155,0,0,0.59930143
shopper_0005156,0,0,0.42848604
shopper_0005157,0,0,0.31922713
shopper_0005158,0,0,0.41460021
shopper_0005159,0,0,0.09422707
shopper_0005160,1,0,0.77526506
shopper_0005161,0,0,0.77356760
shopper_0005162,1,0,0.27497977
shopper_0005163,0,0,0.42781113
shopper_0005164,0,0,0.45949806
shopper_0005165,0,1,0.48810473
shopper_0005166,1,0,0.69837877
shopper_0005167,0,0,0.84850984
shopper_0005168,1,0,0.64475024
shopper_0005169,0,0,0.54135684
shopper_0005170,1,0,0.66465165
shopper_0005171,0,0,0.58502540
shopper_0005172,1,0,0.24397815
shopper_0005173,1,0,0.72173408
shopper_0005174,1,0,0.52215629
shopper_0005175,0,0,0.48207986
shopper_0005176,1,0,0.44208871
shopper_0005177,0,0,0.29223543
shopper_0005178,1,1,0.38192166
shopper_0005179,0,0,0.84517858
shopper_0005180,0,0,0.10095075
shopper_0005181,1,0,0.79957557
shopper_0005182,1,0,0.53205958
shopper_0005183,1,1,0.66226945
shopper_0005184,0,0,0.09038740
shopper_0005185,1,1,0.45786997
shopper_0005186,1,1,0.65080680
shopper_0005187,1,0,0.22242598
shopper_0005188,0,1,0.79980948
shopper_0005189,1,0,0.47691973
shopper_0005190,1,0,0.64405363
shopper_0005191,0,0,0.28432518
shopper_0005192,0,0,0.46914497
shopper_0005193,0,0,0.41692430
shopper_0005194,1,0,0.36044105
shopper_0005195,0,1,0.41599731
shopper_0005196,1,0,0.06842451
shopper_0005197,0,0,0.33356809
shopper_0005198,1,0,0.66714213
shopper_0005199,1,0,0.60158207
shopper_0005200,0,0,0.35692333
shopper_0005201,1,1,0.70461961
shopper_0005202,0,0,0.25048477
shopper_0005203,0,0,0.69111272
shopper_0005204,0,1,0.41726591
shopper_0005205,0,0,0.87797446
shopper_0005206,1,0,0.05789835
shopper_0005207,0,0,0.77947454
shopper_0005208,1,0,0.78711278
shopper_0005209,1,0,0.85401300
shopper_0005210,0,0,0.77641403
shopper_0005211,1,0,0.06208880
shopper_0005212,0,1,0.33428733
shopper_0005213,1,0,0.84298212
shopper_0005214,0,0,0.47820499
shopper_0005215,0,0,0.44231016
shopper_0005216,1,0,0.43701476
shopper_0005217,1,0,0.53034628
shopper_0005218,0,0,0.30626645
shopper_0005219,1,0,0.80951643
shopper_0005220,1,0,0.35751590
shopper_0005221,1,0,0.45977166
shopper_0005222,0,0,0.66392334
shopper_0005223,1,0,0.60548828
shopper_0005224,0,0,0.25718723
shopper_0005225,0,0,0.55662409
shopper_0005226,0,0,0.48070457
shopper_0005227,0,0,0.68672932
shopper_0005228,1,0,0.51163663
shopper_0005229,1,0,0.96433736
shopper_0005230,0,0,0.64417644
shopper_0005231,0,1,0.53968261
shopper_0005232,1,0,0.18497903
shopper_0005233,0,0,0.71588385
shopper_0005234,1,0,0.67065411
shopper_0005235,1,0,0.81375462
shopper_0005236,1,0,0.62058979
shopper_0005237,0,0,0.59826020
shopper_0005238,1,0,0.17369586
shopper_0005239,1,1,0.53175004
shopper_0005240,1,0,0.85519674
shopper_0005241,1,1,0.80005032
shopper_0005242,1,0,0.46354110
shopper_0005243,1,0,0.16963778
shopper_0005244,1,0,0.67524694
shopper_0005245,1,0,0.79352406
shopper_0005246,0,0,0.71804285
shopper_0005247,1,0,0.81090273
shopper_0005248,0,0,0.17694046
shopper_0005249,1,0,0.82809852
shopper_0005250,0,0,0.53028206
shopper_0005251,1,0,0.48874925
shopper_0005252,1,0,0.65117039
shopper_0005253,0,0,0.45228599
shopper_0005254,0,0,0.51032461
shopper_0005255,0,0,0.05558537
shopper_0005256,1,0,0.62786754
shopper_0005257,1,0,0.17814855
shopper_0005258,0,0,0.70774576
shopper_0005259,0,0,0.61150149
shopper_0005260,1,0,0.53728026
shopper_0005261,1,0,0.42824204
shopper_0005262,1,0,0.78016318
shopper_0005263,0,0,0.13264012
shopper_0005264,1,0,0.51608605
shopper_0005265,1,0,0.24186263
shopper_0005266,1,0,0.47814131
shopper_0005267,0,0,0.73911763
shopper_0005268,0,0,0.70202323
shopper_0005269,1,1,0.37157555
shopper_0005270,0,0,0.26908211
shopper_0005271,1,0,0.42118626
shopper_0005272,1,0,0.46250500
shopper_0005273,1,1,0.61427771
shopper_0005274,1,0,0.39877616
shopper_0005275,1,0,0.36473047
shopper_0005276,1,0,0.56160023
shopper_0005277,1,0,0.82479296
shopper_0005278,0,0,0.88191734
shopper_0005279,0,0,0.46127904
shopper_0005280,0,0,0.87288509
shopper_0005281,1,0,0.08351086
shopper_0005282,1,1,0.31276128
shopper_0005283,1,0,0.49537989
shopper_0005284,1,0,0.71333275
shopper_0005285,1,0,0.37751797
shopper_0005286,0,0,0.58751745
shopper_0005287,0,0,0.52508537
shopper_0005288,1,0,0.52378453
shopper_0005289,0,0,0.15603247
shopper_0005290,1,0,0.80799379
shopper_0005291,0,0,0.73614811
shopper_0005292,1,0,0.85114961
shopper_0005293,1,0,0.89424632
shopper_0005294,1,0,0.64675094
shopper_0005295,1,0,0.58921949
shopper_0005296,0,0,0.43214194
shopper_0005297,1,0,0.14621501
shopper_0005298,0,1,0.26944446
shopper_0005299,1,0,0.35629582
shopper_0005300,0,1,0.25451709
shopper_0005301,0,0,0.12774151
shopper_0005302,1,0,0.69945179
shopper_0005303,0,0,0.16074219
shopper_0005304,1,0,0.15913866
shopper_0005305,1,0,0.60877251
shopper_0005306,0,0,0.35291144
shopper_0005307,1,0,0.27217312
shopper_0005308,0,0,0.09834531
shopper_0005309,1,0,0.75883410
shopper_0005310,0,0,0.31994304
shopper_0005311,1,0,0.16141716
shopper_0005312,1,1,0.25679054
shopper_0005313,0,0,0.22969196
shopper_0005314,1,0,0.12673569
shopper_0005315,1,0,0.58844627
shopper_0005316,1,0,0.38935575
shopper_0005317,0,0,0.34077333
shopper_0005318,1,0,0.75497111
shopper_0005319,0,0,0.45093809
shopper_0005320,1,0,0.14860302
shopper_0005321,1,0,0.40631156
shopper_0005322,0,0,0.39064051
shopper_0005323,1,0,0.48302705
shopper_0005324,0,0,0.87937772
shopper_0005325,1,0,0.76880539
shopper_0005326,0,0,0.35550285
shopper_0005327,1,0,0.48303681
shopper_0005328,0,0,0.40386421
shopper_0005329,0,0,0.23426278
shopper_0005330,1,1,0.75590114
shopper_0005331,1,0,0.54425531
shopper_0005332,0,0,0.17114139
shopper_0005333,0,0,0.30414175
shopper_0005334,0,0,0.68865671
shopper_0005335,1,0,0.57632160
shopper_0005336,1,1,0.90101725
shopper_0005337,1,0,0.34199866
shopper_0005338,0,0,0.44621361
shopper_0005339,0,0,0.65277981
shopper_0005340,1,0,0.85080078
shopper_0005341,0,0,0.26139997
shopper_0005342,1,0,0.60121655
shopper_0005343,1,0,0.25171939
shopper_0005344,0,0,0.30333024
shopper_0005345,0,0,0.53919131
shopper_0005346,1,0,0.52701283
shopper_0005347,1,0,0.28209828
shopper_0005348,0,0,0.35098202
shopper_0005349,1,1,0.88131054
shopper_0005350,1,0,0.23241262
shopper_0005351,1,0,0.46395967
shopper_0005352,1,0,0.05523917
shopper_0005353,0,0,0.30058925
shopper_0005354,1,0,0.52623496
shopper_0005355,0,0,0.33654018
shopper_0005356,1,0,0.46552866
shopper_0005357,1,0,0.16659894
shopper_0005358,1,0,0.84999615
shopper_0005359,1,0,0.44936560
shopper_0005360,0,1,0.84121381
shopper_0005361,0,0,0.67113836
shopper_0005362,0,0,0.70126481
shopper_0005363,0,0,0.11507127
shopper_0005364,1,0,0.44349983
shopper_0005365,0,0,0.34220758
shopper_0005366,1,0,0.52227006
shopper_0005367,1,1,0.87572242
shopper_0005368,0,0,0.39879794
shopper_0005369,0,0,0.79677953
shopper_0005370,1,0,0.58925342
shopper_0005371,1,0,0.54830299
shopper_0005372,1,1,0.56848576
shopper_0005373,0,0,0.63801097
shopper_0005374,1,0,0.84514004
shopper_0005375,1,0,0.09251007
shopper_0005376,1,0,0.52899041
shopper_0005377,0,0,0.70751713
shopper_0005378,0,0,0.65193880
shopper_0005379,1,0,0.05567010
shopper_0005380,0,0,0.08742779
shopper_0005381,1,0,0.31887728
shopper_0005382,1,0,0.17519942
shopper_0005383,0,0,0.37523990
shopper_0005384,0,0,0.66638125
shopper_0005385,0,0,0.59159131
shopper_0005386,1,0,0.36987968
shopper_0005387,0,0,0.78252751
shopper_0005388,0,0,0.75232533
shopper_0005389,0,0,0.42294712
shopper_0005390,1,0,0.66206381
shopper_0005391,0,0,0.24323928
shopper_0005392,0,0,0.36763263
shopper_0005393,1,1,0.75920207
shopper_0005394,0,0,0.69899223
shopper_0005395,0,1,0.66911966
shopper_0005396,0,0,0.68917762
shopper_0005397,1,0,0.46310534
shopper_0005398,0,0,0.61767242
shopper_0005399,0,0,0.09946806
shopper_0005400,0,0,0.55480938
shopper_0005401,1,0,0.42117060
shopper_0005402,1,0,0.22210784
shopper_0005403,0,0,0.39788283
shopper_0005404,1,0,0.56207882
shopper_0005405,0,0,0.09429619
shopper_0005406,0,1,0.52295581
shopper_0005407,1,0,0.25609957
shopper_0005408,0,0,0.43906340
shopper_0005409,0,0,0.42505197
shopper_0005410,0,0,0.14247129
shopper_0005411,1,0,0.73671476
shopper_0005412,0,0,0.30071118
shopper_0005413,1,0,0.85076481
shopper_0005414,0,0,0.55230588
shopper_0005415,0,0,0.27600752
shopper_0005416,0,1,0.34311772
shopper_0005417,1,0,0.29383854
shopper_0005418,1,0,0.20907831
shopper_0005419,0,0,0.42197265
shopper_0005420,0,0,0.84440818
shopper_0005421,0,0,0.47889391
shopper_0005422,0,0,0.19786936
shopper_0005423,0,0,0.62101102
shopper_0005424,1,0,0.63576750
shopper_0005425,1,0,0.57918189
shopper_0005426,0,0,0.30191334
shopper_0005427,0,0,0.71874579
shopper_0005428,0,0,0.91894549
shopper_0005429,0,0,0.12603878
shopper_0005430,1,0,0.40784947
shopper_0005431,0,0,0.39621503
shopper_0005432,1,0,0.63894015
shopper_0005433,0,0,0.53810745
shopper_0005434,0,0,0.47938082
shopper_0005435,1,0,0.57355816
shopper_0005436,1,0,0.61565630
shopper_0005437,1,0,0.74104948
shopper_0005438,1,0,0.42166557
shopper_0005439,0,1,0.23220118
shopper_0005440,1,0,0.40703054
shopper_0005441,0,0,0.32358545
shopper_0005442,0,0,0.79750604
shopper_0005443,1,0,0.41219394
shopper_0005444,1,0,0.69137892
shopper_0005445,1,0,0.62638389
shopper_0005446,1,0,0.33057442
shopper_0005447,1,0,0.59442027
shopper_0005448,0,0,0.49553528
shopper_0005449,0,0,0.59999169
shopper_0005450,1,0,0.21457418
shopper_0005451,0,0,0.51874091
shopper_0005452,0,0,0.61656329
shopper_0005453,1,0,0.02052160
shopper_0005454,0,0,0.40853342
shopper_0005455,1,0,0.78479622
shopper_0005456,1,0,0.43712518
shopper_0005457,0,0,0.66696074
shopper_0005458,0,1,0.67109285
shopper_0005459,0,0,0.57714692
shopper_0005460,1,0,0.21597791
shopper_0005461,1,1,0.87734460
shopper_0005462,0,0,0.40668347
shopper_0005463,0,0,0.34083834
shopper_0005464,0,1,0.82833616
shopper_0005465,0,0,0.30692963
shopper_0005466,0,1,0.89975929
shopper_0005467,1,0,0.62140789
shopper_0005468,0,1,0.15118641
shopper_0005469,1,0,0.29729216
shopper_0005470,0,0,0.60964230
shopper_0005471,0,0,0.25713623
shopper_0005472,1,0,0.67401923
shopper_0005473,0,0,0.38927622
shopper_0005474,1,0,0.51881865
shopper_0005475,1,0,0.70464289
shopper_0005476,1,0,0.42969470
shopper_0005477,0,0,0.87629966
shopper_0005478,0,0,0.39326476
shopper_0005479,1,0,0.28514572
shopper_0005480,0,0,0.35326668
shopper_0005481,0,0,0.58258888
shopper_0005482,1,0,0.22535775
shopper_0005483,1,0,0.18505653
shopper_0005484,1,0,0.81243377
shopper_0005485,1,0,0.67606645
shopper_0005486,1,0,0.74976513
shopper_0005487,1,0,0.83175820
shopper_0005488,0,0,0.29848906
shopper_0005489,0,0,0.14250209
shopper_0005490,1,0,0.54512086
shopper_0005491,1,0,0.27131913
shopper_0005492,1,0,0.19246153
shopper_0005493,1,1,0.49853930
shopper_0005494,1,1,0.49356569
shopper_0005495,1,1,0.51627767
shopper_0005496,1,1,0.52484831
shopper_0005497,0,0,0.62868684
shopper_0005498,1,0,0.29209191
shopper_0005499,1,0,0.38749751
shopper_0005500,0,0,0.16850954
shopper_0005501,1,0,0.28252317
shopper_0005502,1,0,0.88640257
shopper_0005503,1,0,0.46596777
shopper_0005504,1,0,0.76620832
shopper_0005505,1,1,0.44085358
shopper_0005506,1,0,0.48118834
shopper_0005507,0,0,0.09999725
shopper_0005508,0,0,0.33352180
shopper_0005509,0,0,0.22154216
shopper_0005510,1,0,0.49327650
shopper_0005511,1,0,0.68840662
shopper_0005512,0,1,0.57701446
shopper_0005513,1,0,0.67862137
shopper_0005514,1,0,0.61553828
shopper_0005515,1,0,0.24968827
shopper_0005516,0,0,0.13454412
shopper_0005517,0,0,0.40279038
shopper_0005518,0,0,0.71588124
shopper_0005519,1,0,0.71745055
shopper_0005520,1,0,0.33147472
shopper_0005521,1,0,0.44965415
shopper_0005522,0,0,0.34927315
shopper_0005523,0,0,0.21347933
shopper_0005524,0,1,0.49897877
shopper_0005525,0,0,0.13338114
shopper_0005526,0,0,0.32634459
shopper_0005527,1,0,0.24220204
shopper_0005528,0,0,0.67983372
shopper_0005529,1,0,0.35656757
shopper_0005530,0,0,0.27096452
shopper_0005531,0,0,0.69303419
shopper_0005532,1,0,0.77982682
shopper_0005533,0,0,0.79752201
shopper_0005534,1,0,0.92451674
shopper_0005535,1,0,0.66240110
shopper_0005536,1,1,0.87803401
shopper_0005537,1,0,0.53162766
shopper_0005538,0,0,0.76450496
shopper_0005539,1,0,0.86115886
shopper_0005540,1,0,0.40974644
shopper_0005541,0,0,0.76806106
shopper_0005542,1,0,0.26537506
shopper_0005543,1,0,0.13257579
shopper_0005544,1,0,0.38785502
shopper_0005545,1,0,0.38635915
shopper_0005546,1,0,0.40056853
shopper_0005547,0,0,0.51043964
shopper_0005548,0,0,0.94117747
shopper_0005549,0,0,0.58098572
shopper_0005550,0,0,0.84757753
shopper_0005551,0,0,0.80442891
shopper_0005552,1,1,0.90127966
shopper_0005553,0,0,0.82000333
shopper_0005554,0,0,0.75641261
shopper_0005555,1,0,0.26574351
shopper_0005556,0,0,0.30764465
shopper_0005557,1,0,0.38723136
shopper_0005558,1,0,0.23779006
shopper_0005559,0,0,0.49080499
shopper_0005560,1,0,0.70543081
shopper_0005561,0,0,0.52046409
shopper_0005562,1,0,0.41807310
shopper_0005563,0,0,0.55982608
shopper_0005564,1,0,0.13464880
shopper_0005565,0,0,0.64157476
shopper_0005566,1,1,0.70091544
shopper_0005567,0,0,0.30982876
shopper_0005568,0,1,0.45885971
shopper_0005569,0,0,0.09768395
shopper_0005570,0,0,0.73319646
shopper_0005571,1,0,0.46788610
shopper_0005572,0,0,0.10733900
shopper_0005573,1,1,0.40847230
shopper_0005574,1,0,0.23654005
shopper_0005575,0,0,0.83305677
shopper_0005576,1,0,0.65819920
shopper_0005577,1,0,0.65236727
shopper_0005578,0,0,0.33480371
shopper_0005579,0,0,0.39386594
shopper_0005580,1,0,0.39705489
shopper_0005581,0,0,0.54774248
shopper_0005582,0,0,0.22711751
shopper_0005583,1,0,0.39978266
shopper_0005584,1,1,0.91163026
shopper_0005585,0,0,0.46709491
shopper_0005586,1,0,0.40128470
shopper_0005587,1,0,0.78783559
shopper_0005588,1,0,0.98080699
shopper_0005589,0,0,0.55899814
shopper_0005590,1,1,0.85745480
shopper_0005591,0,0,0.52447681
shopper_0005592,0,0,0.86821729
shopper_0005593,0,0,0.57437423
shopper_0005594,1,0,0.73741433
shopper_0005595,0,0,0.23143613
shopper_0005596,1,0,0.41033509
shopper_0005597,1,0,0.76626464
shopper_0005598,0,0,0.47650514
shopper_0005599,0,0,0.48078693
shopper_0005600,1,0,0.09885319
shopper_0005601,1,1,0.77404862
shopper_0005602,1,0,0.68585511
shopper_0005603,1,0,0.52854203
shopper_0005604,0,0,0.27692239
shopper_0005605,1,0,0.51416535
shopper_0005606,1,0,0.77552690
shopper_0005607,1,0,0.28044815
shopper_0005608,0,0,0.21885227
shopper_0005609,1,0,0.29859028
shopper_0005610,1,0,0.59631450
shopper_0005611,0,0,0.48777524
shopper_0005612,0,0,0.72783144
shopper_0005613,0,0,0.69861198
shopper_0005614,1,0,0.44822004
shopper_0005615,0,0,0.88296098
shopper_0005616,0,0,0.46193634
shopper_0005617,1,0,0.16318053
shopper_0005618,1,0,0.32656605
shopper_0005619,0,0,0.72907547
shopper_0005620,1,0,0.07090139
shopper_0005621,0,0,0.40229956
shopper_0005622,1,0,0.18910666
shopper_0005623,1,0,0.53540552
shopper_0005624,1,1,0.54961291
shopper_0005625,1,0,0.63450213
shopper_0005626,1,0,0.18112459
shopper_0005627,0,0,0.58284850
shopper_0005628,0,0,0.80003500
shopper_0005629,0,0,0.41851428
shopper_0005630,1,0,0.77076141
shopper_0005631,0,0,0.28440722
shopper_0005632,1,0,0.41641668
shopper_0005633,0,1,0.89422139
shopper_0005634,0,0,0.12768678
shopper_0005635,0,0,0.58665571
shopper_0005636,0,0,0.68575436
shopper_0005637,0,0,0.41600399
shopper_0005638,0,0,0.54772386
shopper_0005639,0,0,0.20982143
shopper_0005640,1,0,0.05352037
shopper_0005641,1,0,0.52798339
shopper_0005642,1,0,0.51032594
shopper_0005643,1,0,0.11817563
shopper_0005644,1,1,0.16961627
shopper_0005645,1,0,0.43527856
shopper_0005646,0,0,0.83608567
shopper_0005647,1,0,0.80137104
shopper_0005648,1,0,0.67387037
shopper_0005649,1,0,0.57664285
shopper_0005650,0,0,0.36527018
shopper_0005651,0,0,0.31860813
shopper_0005652,0,0,0.89713574
shopper_0005653,0,0,0.28825271
shopper_0005654,1,0,0.39097314
shopper_0005655,1,0,0.28965556
shopper_0005656,0,1,0.55224774
shopper_0005657,0,0,0.80294401
shopper_0005658,1,0,0.87222158
shopper_0005659,0,0,0.84551696
shopper_0005660,1,0,0.34528826
shopper_0005661,1,0,0.25160605
shopper_0005662,1,0,0.26552473
shopper_0005663,1,0,0.62960350
shopper_0005664,0,0,0.31888222
shopper_0005665,1,1,0.25419911
shopper_0005666,1,0,0.76619283
shopper_0005667,0,0,0.50697208
shopper_0005668,0,0,0.38377067
shopper_0005669,1,0,0.49413517
shopper_0005670,1,0,0.48463539
shopper_0005671,0,0,0.59875109
shopper_0005672,1,0,0.73045525
shopper_0005673,0,0,0.29528827
shopper_0005674,0,0,0.81056558
shopper_0005675,1,0,0.44808483
shopper_0005676,1,0,0.24415485
shopper_0005677,0,0,0.25397822
shopper_0005678,0,0,0.54046033
shopper_0005679,1,0,0.39838041
shopper_0005680,0,0,0.35160171
shopper_0005681,0,0,0.64987047
shopper_0005682,0,0,0.32477738
shopper_0005683,0,0,0.40545479
shopper_0005684,0,0,0.35926548
shopper_0005685,1,0,0.81623907
shopper_0005686,0,0,0.49080681
shopper_0005687,1,0,0.28513197
shopper_0005688,0,0,0.15963117
shopper_0005689,1,0,0.75188113
shopper_0005690,0,0,0.49732166
shopper_0005691,1,1,0.93161974
shopper_0005692,0,0,0.47537142
shopper_0005693,1,0,0.53420911
shopper_0005694,1,0,0.58663667
shopper_0005695,0,0,0.49577418
shopper_0005696,1,0,0.47664987
shopper_0005697,0,0,0.39428292
shopper_0005698,0,0,0.71051624
shopper_0005699,1,0,0.20848629
shopper_0005700,1,0,0.26774206
shopper_0005701,1,0,0.26306393
shopper_0005702,0,1,0.62195992
shopper_0005703,1,0,0.30122216
shopper_0005704,0,1,0.51603787
shopper_0005705,0,0,0.62807946
shopper_0005706,0,0,0.68132152
shopper_0005707,0,0,0.08236635
shopper_0005708,1,0,0.41335042
shopper_0005709,0,0,0.13936957
shopper_0005710,1,0,0.29333325
shopper_0005711,0,0,0.34172678
shopper_0005712,0,0,0.18577593
shopper_0005713,1,1,0.30061547
shopper_0005714,1,0,0.68007208
shopper_0005715,1,0,0.52080177
shopper_0005716,1,0,0.51772775
shopper_0005717,1,0,0.54530397
shopper_0005718,0,0,0.72606445
shopper_0005719,1,0,0.63758307
shopper_0005720,1,1,0.37698336
shopper_0005721,0,0,0.61699090
shopper_0005722,1,0,0.73993437
shopper_0005723,1,0,0.47981110
shopper_0005724,0,0,0.36915992
shopper_0005725,1,0,0.44117930
shopper_0005726,1,0,0.80910719
shopper_0005727,0,0,0.51537409
shopper_0005728,1,0,0.57502347
shopper_0005729,1,0,0.59162487
shopper_0005730,0,0,0.72124941
shopper_0005731,1,0,0.56540826
shopper_0005732,0,0,0.10789962
shopper_0005733,1,0,0.39300734
shopper_0005734,0,0,0.77873092
shopper_0005735,1,0,0.58422376
shopper_0005736,1,0,0.56826500
shopper_0005737,1,1,0.48144986
shopper_0005738,1,0,0.45806939
shopper_0005739,1,0,0.63968223
shopper_0005740,0,0,0.13663225
shopper_0005741,0,0,0.45460272
shopper_0005742,0,0,0.80868072
shopper_0005743,0,0,0.38206425
shopper_0005744,0,0,0.53950818
shopper_0005745,0,0,0.74119064
shopper_0005746,1,0,0.44624896
shopper_0005747,0,0,0.13184731
shopper_0005748,0,1,0.91708616
shopper_0005749,1,0,0.09756156
shopper_0005750,0,0,0.45914845
shopper_0005751,0,1,0.81863263
shopper_0005752,0,0,0.33890981
shopper_0005753,1,0,0.24641207
shopper_0005754,0,0,0.32724759
shopper_0005755,1,0,0.43288003
shopper_0005756,1,0,0.37944825
shopper_0005757,1,0,0.73832704
shopper_0005758,1,0,0.20086219
shopper_0005759,0,0,0.67741099
shopper_0005760,1,0,0.11392738
shopper_0005761,0,0,0.21571150
shopper_0005762,0,0,0.63314727
shopper_0005763,1,0,0.35611211
shopper_0005764,1,0,0.23133799
shopper_0005765,1,0,0.79301166
shopper_0005766,1,0,0.42442594
shopper_0005767,0,0,0.40537762
shopper_0005768,1,0,0.37256383
shopper_0005769,0,0,0.47496918
shopper_0005770,1,0,0.44101045
shopper_0005771,0,0,0.49412785
shopper_0005772,0,1,0.72403000
shopper_0005773,1,0,0.61999203
shopper_0005774,1,0,0.40231127
shopper_0005775,1,0,0.22366457
shopper_0005776,0,0,0.77313463
shopper_0005777,0,0,0.43095984
shopper_0005778,0,0,0.59835147
shopper_0005779,1,0,0.16016120
shopper_0005780,0,0,0.43328154
shopper_0005781,0,0,0.36722374
shopper_0005782,0,0,0.48063639
shopper_0005783,1,0,0.51492346
shopper_0005784,1,0,0.51724563
shopper_0005785,0,0,0.76373273
shopper_0005786,1,0,0.53908199
shopper_0005787,0,0,0.24729138
shopper_0005788,1,0,0.67922291
shopper_0005789,1,0,0.73641377
shopper_0005790,1,0,0.66004609
shopper_0005791,0,0,0.50062042
shopper_0005792,1,0,0.74900679
shopper_0005793,0,0,0.43019290
shopper_0005794,0,0,0.58656774
shopper_0005795,1,0,0.14167352
shopper_0005796,1,0,0.46396063
shopper_0005797,0,0,0.40822991
shopper_0005798,1,0,0.28534439
shopper_0005799,0,0,0.42009623
shopper_0005800,1,1,0.67424257
shopper_0005801,0,0,0.52609443
shopper_0005802,1,0,0.45282486
shopper_0005803,1,0,0.69630146
shopper_0005804,1,0,0.04764403
shopper_0005805,0,0,0.51773788
shopper_0005806,1,0,0.33212948
shopper_0005807,0,0,0.07546113
shopper_0005808,0,0,0.88040387
shopper_0005809,1,1,0.71572713
shopper_0005810,0,0,0.60286965
shopper_0005811,1,0,0.60016717
shopper_0005812,0,1,0.55680848
shopper_0005813,0,0,0.31290368
shopper_0005814,0,1,0.29556680
shopper_0005815,1,0,0.60920276
shopper_0005816,1,0,0.48995090
shopper_0005817,0,0,0.65348812
shopper_0005818,1,0,0.41447848
shopper_0005819,1,0,0.30738463
shopper_0005820,0,0,0.42104753
shopper_0005821,1,0,0.47870753
shopper_0005822,1,0,0.75164333
shopper_0005823,0,0,0.24391809
shopper_0005824,1,0,0.49962634
shopper_0005825,1,1,0.62913269
shopper_0005826,1,0,0.42049479
shopper_0005827,1,0,0.45525197
shopper_0005828,1,0,0.58608852
shopper_0005829,0,1,0.38859005
shopper_0005830,1,1,0.69900570
shopper_0005831,1,1,0.23268094
shopper_0005832,1,0,0.67590235
shopper_0005833,1,0,0.41409847
shopper_0005834,0,0,0.70197293
shopper_0005835,0,0,0.76335733
shopper_0005836,0,0,0.60997855
shopper_0005837,0,0,0.74546227
shopper_0005838,1,0,0.58206062
shopper_0005839,1,0,0.57218980
shopper_0005840,0,0,0.28353939
shopper_0005841,0,0,0.47697982
shopper_0005842,0,0,0.94329291
shopper_0005843,0,0,0.81968162
shopper_0005844,0,0,0.41197141
shopper_0005845,1,0,0.50725898
shopper_0005846,1,0,0.35109347
shopper_0005847,1,0,0.02607040
shopper_0005848,1,0,0.87538685
shopper_0005849,1,1,0.71574490
shopper_0005850,0,0,0.48676615
shopper_0005851,0,0,0.19487821
shopper_0005852,1,0,0.07078701
shopper_0005853,1,1,0.59769664
shopper_0005854,0,0,0.26372416
shopper_0005855,0,0,0.57079998
shopper_0005856,1,0,0.59597236
shopper_0005857,0,0,0.36604609
shopper_0005858,1,0,0.37676357
shopper_0005859,1,1,0.78175565
shopper_0005860,1,0,0.11716413
shopper_0005861,0,0,0.86464123
shopper_0005862,0,0,0.44299601
shopper_0005863,0,0,0.41070196
shopper_0005864,1,0,0.81444720
shopper_0005865,1,0,0.60634084
shopper_0005866,0,0,0.13685347
shopper_0005867,0,0,0.40360243
shopper_0005868,0,0,0.55541405
shopper_0005869,1,0,0.62020423
shopper_0005870,1,0,0.83042569
shopper_0005871,1,0,0.30382320
shopper_0005872,0,0,0.48010424
shopper_0005873,0,0,0.67065868
shopper_0005874,1,0,0.77651869
shopper_0005875,1,0,0.11874804
shopper_0005876,1,0,0.48362485
shopper_0005877,1,0,0.46498294
shopper_0005878,1,0,0.38824031
shopper_0005879,1,0,0.52339694
shopper_0005880,1,0,0.35794168
shopper_0005881,1,1,0.64928104
shopper_0005882,1,0,0.45258419
shopper_0005883,1,0,0.53462166
shopper_0005884,1,0,0.36113805
shopper_0005885,0,0,0.75685490
shopper_0005886,0,0,0.62613862
shopper_0005887,1,0,0.48371961
shopper_0005888,1,0,0.45695412
shopper_0005889,0,0,0.14442978
shopper_0005890,0,0,0.81191990
shopper_0005891,1,0,0.56864087
shopper_0005892,0,0,0.64821767
shopper_0005893,0,0,0.23957918
shopper_0005894,0,0,0.79009599
shopper_0005895,0,0,0.78853260
shopper_0005896,0,0,0.57362045
shopper_0005897,0,0,0.25400623
shopper_0005898,0,0,0.74328419
shopper_0005899,1,1,0.26951833
shopper_0005900,1,0,0.72408685
shopper_0005901,1,0,0.24615311
shopper_0005902,0,0,0.28428699
shopper_0005903,1,0,0.54903722
shopper_0005904,0,0,0.25139332
shopper_0005905,1,0,0.30730021
shopper_0005906,1,0,0.51697190
shopper_0005907,1,0,0.71241652
shopper_0005908,0,0,0.38653206
shopper_0005909,0,0,0.76028554
shopper_0005910,0,0,0.49263800
shopper_0005911,0,0,0.08850530
shopper_0005912,1,0,0.60964223
shopper_0005913,1,0,0.94458664
shopper_0005914,1,0,0.36841854
shopper_0005915,1,0,0.35622238
shopper_0005916,0,0,0.43554649
shopper_0005917,1,0,0.50361844
shopper_0005918,1,0,0.59905980
shopper_0005919,1,0,0.74916067
shopper_0005920,0,0,0.60525492
shopper_0005921,0,0,0.01540355
shopper_0005922,0,0,0.88233795
shopper_0005923,1,0,0.85063461
shopper_0005924,0,0,0.67278933
shopper_0005925,0,0,0.48622916
shopper_0005926,1,1,0.84832605
shopper_0005927,1,1,0.81807483
shopper_0005928,1,1,0.14352029
shopper_0005929,0,0,0.86960043
shopper_0005930,1,0,0.38013001
shopper_0005931,0,0,0.81505641
shopper_0005932,1,0,0.31941427
shopper_0005933,1,0,0.85850424
shopper_0005934,1,0,0.43804068
shopper_0005935,0,0,0.47371133
shopper_0005936,0,0,0.71288357
shopper_0005937,0,0,0.81136190
shopper_0005938,0,0,0.61176578
shopper_0005939,1,0,0.58581053
shopper_0005940,0,0,0.41575685
shopper_0005941,1,1,0.15601871
shopper_0005942,0,0,0.73985906
shopper_0005943,1,0,0.57046729
shopper_0005944,1,1,0.05855870
shopper_0005945,1,0,0.12930460
shopper_0005946,1,0,0.78797608
shopper_0005947,1,0,0.68439737
shopper_0005948,1,0,0.67865821
shopper_0005949,1,0,0.20558337
shopper_0005950,0,0,0.44508443
shopper_0005951,1,0,0.34781069
shopper_0005952,1,0,0.48621915
shopper_0005953,1,0,0.10918170
shopper_0005954,0,0,0.67626011
shopper_0005955,1,0,0.63024272
shopper_0005956,0,0,0.61622639
shopper_0005957,0,0,0.68368034
shopper_0005958,0,0,0.69754658
shopper_0005959,1,0,0.42491189
shopper_0005960,1,1,0.34640346
shopper_0005961,0,1,0.12930695
shopper_0005962,0,0,0.41169170
shopper_0005963,1,0,0.50599383
shopper_0005964,1,0,0.32069313
shopper_0005965,0,0,0.27035512
shopper_0005966,0,0,0.46605790
shopper_0005967,0,0,0.79811420
shopper_0005968,1,0,0.32161093
shopper_0005969,0,0,0.75876989
shopper_0005970,0,0,0.17516547
shopper_0005971,0,1,0.56319525
shopper_0005972,0,0,0.86805632
shopper_0005973,0,0,0.50618929
shopper_0005974,1,0,0.76764042
shopper_0005975,0,0,0.69915502
shopper_0005976,0,0,0.56984591
shopper_0005977,1,0,0.49423448
shopper_0005978,1,0,0.37871707
shopper_0005979,1,0,0.38251125
shopper_0005980,1,0,0.34741162
shopper_0005981,0,0,0.81284916
shopper_0005982,0,0,0.23796502
shopper_0005983,1,0,0.33907750
shopper_0005984,0,0,0.43952335
shopper_0005985,0,0,0.80962200
shopper_0005986,1,0,0.39799772
shopper_0005987,1,0,0.68833331
shopper_0005988,1,0,0.57980121
shopper_0005989,0,0,0.36536257
shopper_0005990,0,0,0.53598025
shopper_0005991,1,0,0.37993356
shopper_0005992,1,0,0.67698106
shopper_0005993,0,0,0.93528876
shopper_0005994,0,0,0.45882673
shopper_0005995,1,0,0.65901283
shopper_0005996,0,1,0.61491282
shopper_0005997,1,0,0.48854167
shopper_0005998,0,1,0.39992433
shopper_0005999,0,0,0.62459431
shopper_0006000,1,0,0.13648047
shopper_0006001,1,0,0.30844980
shopper_0006002,1,0,0.71364533
shopper_0006003,1,0,0.26509543
shopper_0006004,1,0,0.66187818
shopper_0006005,0,0,0.51664098
shopper_0006006,1,0,0.64191923
shopper_0006007,0,0,0.47917420
shopper_0006008,0,0,0.16308607
shopper_0006009,1,0,0.14215959
shopper_0006010,0,0,0.42929025
shopper_0006011,0,0,0.66838172
shopper_0006012,1,0,0.69504984
shopper_0006013,0,0,0.79394760
shopper_0006014,1,0,0.43594702
shopper_0006015,1,0,0.72442063
shopper_0006016,1,0,0.46137780
shopper_0006017,1,0,0.18317845
shopper_0006018,1,0,0.65369804
shopper_0006019,1,0,0.40320776
shopper_0006020,0,0,0.37555592
shopper_0006021,0,0,0.95304673
shopper_0006022,1,0,0.46506535
shopper_0006023,1,0,0.62522047
shopper_0006024,1,0,0.73700024
shopper_0006025,1,1,0.61220176
shopper_0006026,1,0,0.29291521
shopper_0006027,1,0,0.83880300
shopper_0006028,1,0,0.81468678
shopper_0006029,0,1,0.66539501
shopper_0006030,0,0,0.37082154
shopper_0006031,0,0,0.50636419
shopper_0006032,0,0,0.25908918
shopper_0006033,1,0,0.63687608
shopper_0006034,1,0,0.44573256
shopper_0006035,0,0,0.24512712
shopper_0006036,0,0,0.37220056
shopper_0006037,0,0,0.76388653
shopper_0006038,1,0,0.35378107
shopper_0006039,0,0,0.92605652
shopper_0006040,0,0,0.16741648
shopper_0006041,1,0,0.25832184
shopper_0006042,1,0,0.50487049
shopper_0006043,0,0,0.66805868
shopper_0006044,1,0,0.85595045
shopper_0006045,0,0,0.68588234
shopper_0006046,0,0,0.71009418
shopper_0006047,0,1,0.35817894
shopper_0006048,0,0,0.68102280
shopper_0006049,1,0,0.47387350
shopper_0006050,0,0,0.26839967
shopper_0006051,0,0,0.14319095
shopper_0006052,0,1,0.44857613
shopper_0006053,0,0,0.75001593
shopper_0006054,0,0,0.37676417
shopper_0006055,1,0,0.80906840
shopper_0006056,0,1,0.36774711
shopper_0006057,1,0,0.55456222
shopper_0006058,1,0,0.75084611
shopper_0006059,0,0,0.79834886
shopper_0006060,0,0,0.08500307
shopper_0006061,1,0,0.45186216
shopper_0006062,0,0,0.72741023
shopper_0006063,0,0,0.62519809
shopper_0006064,1,0,0.88161960
shopper_0006065,0,0,0.24204419
shopper_0006066,0,0,0.66186981
shopper_0006067,1,0,0.85701865
shopper_0006068,0,0,0.35715610
shopper_0006069,1,1,0.68799786
shopper_0006070,1,0,0.20225242
shopper_0006071,0,0,0.49941897
shopper_0006072,1,0,0.57855761
shopper_0006073,1,0,0.79827057
shopper_0006074,0,1,0.77966335
shopper_0006075,0,0,0.84885741
shopper_0006076,0,0,0.69836499
shopper_0006077,1,0,0.55797096
shopper_0006078,0,0,0.62421826
shopper_0006079,1,1,0.54998320
shopper_0006080,1,0,0.21660560
shopper_0006081,0,0,0.26056046
shopper_0006082,1,0,0.40924209
shopper_0006083,1,0,0.84354214
shopper_0006084,1,0,0.74837653
shopper_0006085,1,0,0.27197448
shopper_0006086,0,0,0.23589261
shopper_0006087,0,0,0.71921261
shopper_0006088,1,0,0.34511451
shopper_0006089,0,0,0.45014103
shopper_0006090,1,0,0.38213371
shopper_0006091,0,0,0.53289436
shopper_0006092,0,0,0.41676489
shopper_0006093,0,0,0.47408066
shopper_0006094,1,0,0.21192955
shopper_0006095,1,0,0.70002201
shopper_0006096,0,1,0.51861807
shopper_0006097,0,0,0.54213481
shopper_0006098,1,0,0.66249790
shopper_0006099,0,0,0.93811486
shopper_0006100,1,0,0.67932178
shopper_0006101,0,0,0.17713506
shopper_0006102,1,0,0.95284919
shopper_0006103,1,0,0.73872216
shopper_0006104,0,0,0.46137339
shopper_0006105,0,0,0.30694884
shopper_0006106,0,0,0.83287777
shopper_0006107,1,0,0.23109559
shopper_0006108,1,0,0.84098782
shopper_0006109,1,0,0.52155032
shopper_0006110,0,0,0.38665780
shopper_0006111,1,0,0.55622762
shopper_0006112,1,0,0.58396681
shopper_0006113,0,0,0.62215589
shopper_0006114,1,0,0.22817642
shopper_0006115,0,0,0.63108177
shopper_0006116,1,0,0.33268630
shopper_0006117,1,0,0.70559785
shopper_0006118,1,0,0.31148075
shopper_0006119,0,0,0.89796038
shopper_0006120,0,0,0.78387220
shopper_0006121,1,0,0.42785423
shopper_0006122,0,0,0.75778358
shopper_0006123,1,0,0.07815489
shopper_0006124,0,0,0.81150635
shopper_0006125,0,0,0.23750576
shopper_0006126,1,0,0.58043769
shopper_0006127,0,0,0.03753892
shopper_0006128,0,0,0.33288068
shopper_0006129,0,0,0.55880304
shopper_0006130,1,0,0.21840096
shopper_0006131,0,0,0.54438080
shopper_0006132,1,0,0.38314261
shopper_0006133,1,1,0.43135198
shopper_0006134,0,1,0.76288162
shopper_0006135,1,0,0.60760872
shopper_0006136,1,0,0.31349811
shopper_0006137,0,0,0.38402975
shopper_0006138,1,0,0.63257796
shopper_0006139,1,0,0.30483471
shopper_0006140,1,1,0.28247336
shopper_0006141,0,0,0.27470785
shopper_0006142,0,0,0.60801505
shopper_0006143,0,0,0.43446094
shopper_0006144,0,0,0.38937464
shopper_0006145,0,0,0.69711726
shopper_0006146,1,0,0.53809507
shopper_0006147,1,0,0.97972108
shopper_0006148,1,0,0.58921657
shopper_0006149,0,0,0.22319860
shopper_0006150,0,0,0.58298443
shopper_0006151,1,0,0.13840126
shopper_0006152,1,0,0.83488414
shopper_0006153,0,0,0.27327814
shopper_0006154,1,0,0.68691040
shopper_0006155,0,0,0.45941088
shopper_0006156,1,0,0.27135313
shopper_0006157,0,0,0.31081350
shopper_0006158,1,1,0.21204522
shopper_0006159,0,0,0.39104357
shopper_0006160,1,0,0.77882301
shopper_0006161,1,1,0.73855081
shopper_0006162,0,0,0.51723976
shopper_0006163,0,0,0.72535331
shopper_0006164,1,0,0.81204707
shopper_0006165,1,0,0.15490478
shopper_0006166,1,0,0.48159478
shopper_0006167,0,0,0.39130448
shopper_0006168,1,0,0.26091632
shopper_0006169,1,0,0.30728845
shopper_0006170,1,1,0.51866013
shopper_0006171,0,0,0.44854113
shopper_0006172,1,0,0.41155436
shopper_0006173,1,0,0.23841334
shopper_0006174,1,0,0.35280769
shopper_0006175,0,0,0.27548405
shopper_0006176,0,0,0.30613901
shopper_0006177,0,0,0.27217281
shopper_0006178,0,0,0.09497952
shopper_0006179,0,0,0.21608990
shopper_0006180,1,0,0.59003605
shopper_0006181,1,0,0.28908418
shopper_0006182,1,0,0.33764881
shopper_0006183,0,0,0.21515159
shopper_0006184,0,0,0.24364322
shopper_0006185,1,0,0.47844876
shopper_0006186,0,0,0.97568233
shopper_0006187,1,0,0.62981605
shopper_0006188,1,0,0.43086168
shopper_0006189,1,0,0.08775576
shopper_0006190,1,0,0.34950780
shopper_0006191,0,0,0.02764259
shopper_0006192,1,0,0.08311211
shopper_0006193,0,0,0.62946470
shopper_0006194,0,0,0.64419200
shopper_0006195,0,0,0.42173192
shopper_0006196,1,0,0.12458335
shopper_0006197,0,0,0.96479451
shopper_0006198,1,0,0.70349537
shopper_0006199,0,0,0.49321037
shopper_0006200,0,0,0.82414696
shopper_0006201,1,1,0.58772333
shopper_0006202,1,1,0.29782744
shopper_0006203,0,1,0.39761164
shopper_0006204,0,1,0.50015341
shopper_0006205,0,0,0.60695063
shopper_0006206,1,0,0.45420535
shopper_0006207,1,0,0.51380081
shopper_0006208,1,1,0.47693854
shopper_0006209,1,0,0.42915580
shopper_0006210,1,0,0.28692866
shopper_0006211,1,1,0.59678251
shopper_0006212,0,0,0.41301060
shopper_0006213,0,0,0.71441040
shopper_0006214,1,1,0.61471871
shopper_0006215,0,0,0.22059827
shopper_0006216,1,0,0.12395885
shopper_0006217,1,0,0.66091554
shopper_0006218,0,0,0.76282617
shopper_0006219,0,0,0.20932369
shopper_0006220,1,0,0.19580744
shopper_0006221,0,0,0.20575458
shopper_0006222,0,0,0.42316205
shopper_0006223,1,0,0.39944577
shopper_0006224,0,1,0.54210681
shopper_0006225,1,0,0.52900402
shopper_0006226,1,0,0.09791254
shopper_0006227,0,0,0.56918843
shopper_0006228,1,0,0.93480085
shopper_0006229,1,1,0.90361831
shopper_0006230,1,1,0.84030064
shopper_0006231,0,0,0.71065148
shopper_0006232,0,0,0.38260719
shopper_0006233,0,0,0.17223029
shopper_0006234,0,0,0.59772482
shopper_0006235,1,0,0.17236801
shopper_0006236,0,0,0.12911283
shopper_0006237,0,0,0.62032442
shopper_0006238,0,0,0.61272879
shopper_0006239,0,0,0.29240785
shopper_0006240,0,0,0.24825410
shopper_0006241,1,0,0.10073345
shopper_0006242,1,0,0.50596472
shopper_0006243,1,0,0.57719851
shopper_0006244,0,0,0.82832802
shopper_0006245,1,1,0.40792732
shopper_0006246,1,0,0.09061721
shopper_0006247,0,0,0.50121304
shopper_0006248,1,0,0.21992215
shopper_0006249,0,0,0.59196503
shopper_0006250,1,0,0.09810042
shopper_0006251,0,0,0.80959729
shopper_0006252,0,0,0.50036621
shopper_0006253,1,0,0.80644409
shopper_0006254,1,0,0.70332169
shopper_0006255,1,0,0.29818175
shopper_0006256,1,0,0.72480537
shopper_0006257,0,0,0.55675029
shopper_0006258,1,0,0.75992240
shopper_0006259,0,0,0.33060467
shopper_0006260,1,0,0.89543511
shopper_0006261,0,0,0.49187353
shopper_0006262,1,0,0.36617066
shopper_0006263,1,0,0.81093413
shopper_0006264,1,0,0.58987796
shopper_0006265,0,1,0.67670167
shopper_0006266,0,0,0.83240504
shopper_0006267,0,0,0.60725785
shopper_0006268,1,0,0.28615665
shopper_0006269,1,0,0.73657209
shopper_0006270,1,0,0.26075003
shopper_0006271,1,0,0.69470553
shopper_0006272,0,0,0.83563339
shopper_0006273,1,0,0.33201290
shopper_0006274,1,0,0.22625043
shopper_0006275,1,0,0.52964275
shopper_0006276,1,0,0.40599410
shopper_0006277,0,0,0.92625776
shopper_0006278,0,0,0.20953233
shopper_0006279,0,0,0.94187432
shopper_0006280,0,0,0.66478093
shopper_0006281,0,0,0.34101297
shopper_0006282,1,0,0.47805853
shopper_0006283,1,0,0.11339485
shopper_0006284,0,0,0.40866492
shopper_0006285,0,1,0.82482607
shopper_0006286,1,0,0.54505114
shopper_0006287,1,0,0.74587432
shopper_0006288,1,1,0.10236194
shopper_0006289,1,0,0.40774967
shopper_0006290,1,0,0.26074961
shopper_0006291,1,0,0.59950705
shopper_0006292,0,0,0.81983763
shopper_0006293,0,0,0.68791469
shopper_0006294,0,0,0.63014548
shopper_0006295,1,0,0.46278877
shopper_0006296,1,0,0.69049072
shopper_0006297,0,0,0.65131861
shopper_0006298,1,0,0.54965885
shopper_0006299,1,0,0.38228622
shopper_0006300,1,0,0.47748145
shopper_0006301,1,1,0.53036975
shopper_0006302,1,0,0.29639888
shopper_0006303,1,0,0.55181283
shopper_0006304,0,0,0.49578166
shopper_0006305,1,0,0.32746301
shopper_0006306,1,0,0.41721736
shopper_0006307,1,0,0.30366234
shopper_0006308,1,0,0.23615524
shopper_0006309,1,0,0.34675336
shopper_0006310,0,1,0.54489598
shopper_0006311,0,0,0.39422738
shopper_0006312,1,1,0.95728776
shopper_0006313,1,0,0.13677540
shopper_0006314,0,0,0.34262666
shopper_0006315,0,0,0.26762762
shopper_0006316,1,0,0.18533422
shopper_0006317,1,1,0.81684306
shopper_0006318,1,0,0.41436572
shopper_0006319,0,0,0.60287500
shopper_0006320,0,0,0.34421834
shopper_0006321,0,0,0.77830009
shopper_0006322,0,0,0.60674071
shopper_0006323,1,0,0.40257367
shopper_0006324,1,1,0.39473771
shopper_0006325,0,0,0.69890354
shopper_0006326,0,0,0.54020912
shopper_0006327,1,0,0.50276500
shopper_0006328,0,0,0.51812047
shopper_0006329,0,0,0.11347080
shopper_0006330,0,0,0.56887320
shopper_0006331,0,1,0.56595302
shopper_0006332,0,0,0.17586545
shopper_0006333,0,0,0.26121666
shopper_0006334,0,0,0.36686475
shopper_0006335,1,0,0.31596244
shopper_0006336,0,0,0.71926657
shopper_0006337,0,1,0.25710794
shopper_0006338,1,0,0.44650916
shopper_0006339,1,0,0.53755458
shopper_0006340,0,0,0.28290566
shopper_0006341,0,0,0.13979143
shopper_0006342,0,0,0.25793663
shopper_0006343,1,0,0.40359149
shopper_0006344,1,0,0.74082201
shopper_0006345,1,0,0.32233535
shopper_0006346,1,0,0.09815496
shopper_0006347,0,0,0.44548471
shopper_0006348,1,0,0.50993965
shopper_0006349,0,0,0.19681033
shopper_0006350,0,0,0.11182555
shopper_0006351,1,0,0.22016066
shopper_0006352,1,1,0.50653342
shopper_0006353,0,0,0.32514858
shopper_0006354,0,0,0.29523164
shopper_0006355,1,0,0.69398649
shopper_0006356,1,1,0.27078245
shopper_0006357,0,0,0.46311268
shopper_0006358,0,0,0.49582630
shopper_0006359,1,0,0.53139645
shopper_0006360,0,0,0.55475210
shopper_0006361,0,0,0.82772520
shopper_0006362,0,0,0.39681198
shopper_0006363,1,0,0.48571978
shopper_0006364,1,1,0.80701922
shopper_0006365,0,0,0.49632510
shopper_0006366,1,0,0.74656875
shopper_0006367,1,0,0.33373307
shopper_0006368,1,0,0.33076899
shopper_0006369,1,0,0.28695828
shopper_0006370,0,0,0.52424738
shopper_0006371,1,0,0.41770351
shopper_0006372,1,0,0.23572762
shopper_0006373,0,0,0.57030288
shopper_0006374,0,0,0.85551268
shopper_0006375,0,0,0.07062332
shopper_0006376,0,0,0.33572798
shopper_0006377,0,0,0.32320455
shopper_0006378,0,0,0.66184581
shopper_0006379,0,1,0.34606303
shopper_0006380,0,0,0.87546760
shopper_0006381,0,1,0.73439358
shopper_0006382,0,0,0.23520572
shopper_0006383,1,0,0.53643032
shopper_0006384,0,0,0.52078334
shopper_0006385,0,0,0.47485667
shopper_0006386,0,0,0.37061079
shopper_0006387,1,0,0.32356661
shopper_0006388,1,0,0.47697755
shopper_0006389,0,0,0.05025441
shopper_0006390,1,0,0.66071887
shopper_0006391,0,0,0.17769486
shopper_0006392,1,0,0.41246542
shopper_0006393,1,1,0.05341578
shopper_0006394,1,0,0.01743220
shopper_0006395,0,0,0.07987583
shopper_0006396,0,0,0.43421911
shopper_0006397,1,1,0.31307673
shopper_0006398,0,0,0.36567913
shopper_0006399,0,0,0.21671649
shopper_0006400,1,0,0.25258532
shopper_0006401,0,0,0.60978752
shopper_0006402,1,0,0.13569287
shopper_0006403,1,0,0.47310526
shopper_0006404,1,0,0.16633524
shopper_0006405,0,0,0.42191911
shopper_0006406,0,0,0.53295894
shopper_0006407,0,0,0.91954410
shopper_0006408,0,0,0.32114841
shopper_0006409,0,0,0.56257472
shopper_0006410,0,0,0.19938642
shopper_0006411,1,0,0.30932374
shopper_0006412,1,0,0.83146804
shopper_0006413,0,0,0.72980411
shopper_0006414,1,0,0.61772668
shopper_0006415,1,1,0.78838379
shopper_0006416,0,0,0.55529601
shopper_0006417,0,0,0.28831805
shopper_0006418,1,1,0.79933359
shopper_0006419,1,0,0.91108771
shopper_0006420,1,0,0.19117911
shopper_0006421,0,0,0.02933206
shopper_0006422,0,0,0.75611748
shopper_0006423,0,0,0.36338799
shopper_0006424,0,0,0.10843524
shopper_0006425,0,0,0.74396162
shopper_0006426,1,1,0.60814554
shopper_0006427,1,0,0.69393754
shopper_0006428,0,0,0.05591810
shopper_0006429,1,1,0.29954867
shopper_0006430,1,1,0.40448342
shopper_0006431,0,0,0.47122557
shopper_0006432,0,0,0.91859218
shopper_0006433,0,0,0.72592986
shopper_0006434,1,0,0.31841606
shopper_0006435,0,0,0.68500384
shopper_0006436,1,0,0.77585054
shopper_0006437,1,0,0.46694394
shopper_0006438,0,0,0.80264658
shopper_0006439,1,0,0.25893209
shopper_0006440,1,0,0.52666706
shopper_0006441,0,0,0.29627232
shopper_0006442,0,0,0.63273599
shopper_0006443,0,0,0.48313815
shopper_0006444,1,0,0.18508245
shopper_0006445,1,0,0.08653772
shopper_0006446,1,0,0.31818104
shopper_0006447,1,0,0.47105527
shopper_0006448,0,0,0.02394666
shopper_0006449,1,0,0.58622379
shopper_0006450,0,0,0.39911527
shopper_0006451,0,0,0.37337291
shopper_0006452,0,0,0.21097865
shopper_0006453,1,0,0.56868681
shopper_0006454,0,0,0.41727200
shopper_0006455,0,0,0.62290755
shopper_0006456,1,0,0.49791875
shopper_0006457,0,0,0.78421968
shopper_0006458,0,0,0.90178333
shopper_0006459,1,0,0.82377028
shopper_0006460,0,0,0.59337498
shopper_0006461,1,0,0.54938986
shopper_0006462,0,0,0.15353429
shopper_0006463,1,0,0.15165282
shopper_0006464,1,0,0.44820171
shopper_0006465,1,0,0.57389047
shopper_0006466,0,0,0.41011540
shopper_0006467,1,1,0.33939200
shopper_0006468,1,0,0.59515226
shopper_0006469,1,0,0.33333803
shopper_0006470,1,0,0.50055612
shopper_0006471,0,0,0.44330152
shopper_0006472,1,0,0.54532635
shopper_0006473,0,1,0.35154127
shopper_0006474,1,0,0.58959835
shopper_0006475,1,0,0.68550600
shopper_0006476,1,0,0.68459621
shopper_0006477,1,0,0.43967239
shopper_0006478,1,0,0.85587266
shopper_0006479,0,0,0.34963983
shopper_0006480,0,0,0.40793647
shopper_0006481,0,0,0.28563529
shopper_0006482,0,1,0.42881837
shopper_0006483,1,0,0.86012804
shopper_0006484,1,0,0.85964255
shopper_0006485,1,1,0.50150704
shopper_0006486,0,0,0.25100829
shopper_0006487,1,0,0.70153647
shopper_0006488,1,0,0.53079837
shopper_0006489,0,0,0.28342214
shopper_0006490,1,0,0.51227548
shopper_0006491,0,0,0.47449221
shopper_0006492,0,0,0.46610206
shopper_0006493,0,0,0.29175473
shopper_0006494,1,0,0.24185938
shopper_0006495,0,0,0.28028040
shopper_0006496,0,0,0.33280147
shopper_0006497,1,0,0.17321004
shopper_0006498,1,0,0.65427082
shopper_0006499,0,1,0.17152161
shopper_0006500,0,0,0.55109957
shopper_0006501,0,0,0.16285209
shopper_0006502,0,0,0.44342984
shopper_0006503,0,0,0.45915184
shopper_0006504,1,0,0.88330765
shopper_0006505,1,1,0.26391130
shopper_0006506,0,0,0.74152431
shopper_0006507,0,0,0.75255532
shopper_0006508,0,0,0.29313381
shopper_0006509,0,0,0.04910167
shopper_0006510,0,0,0.16086186
shopper_0006511,0,0,0.41732991
shopper_0006512,1,0,0.06118423
shopper_0006513,0,0,0.72827736
shopper_0006514,1,0,0.64281316
shopper_0006515,0,0,0.66491045
shopper_0006516,1,1,0.73865513
shopper_0006517,1,0,0.66682470
shopper_0006518,0,0,0.47474002
shopper_0006519,0,0,0.32936673
shopper_0006520,1,0,0.52465797
shopper_0006521,1,1,0.57737425
shopper_0006522,1,0,0.40684812
shopper_0006523,1,0,0.47532164
shopper_0006524,1,0,0.40627050
shopper_0006525,0,0,0.49103582
shopper_0006526,1,0,0.44364301
shopper_0006527,1,0,0.94639803
shopper_0006528,0,0,0.72574231
shopper_0006529,0,0,0.23202734
shopper_0006530,0,0,0.44367866
shopper_0006531,1,0,0.42644925
shopper_0006532,1,0,0.15324449
shopper_0006533,0,0,0.67696755
shopper_0006534,0,0,0.47056772
shopper_0006535,1,0,0.57393659
shopper_0006536,1,0,0.36304746
shopper_0006537,0,0,0.36340554
shopper_0006538,0,0,0.28129014
shopper_0006539,0,0,0.37788481
shopper_0006540,0,0,0.33387437
shopper_0006541,1,0,0.30563953
shopper_0006542,1,0,0.33603677
shopper_0006543,0,0,0.75676556
shopper_0006544,0,0,0.60419399
shopper_0006545,1,0,0.36744560
shopper_0006546,1,1,0.31720237
shopper_0006547,1,0,0.47397625
shopper_0006548,0,1,0.76116601
shopper_0006549,0,0,0.79935141
shopper_0006550,0,0,0.80191995
shopper_0006551,0,0,0.38463602
shopper_0006552,0,0,0.31162490
shopper_0006553,1,0,0.52989999
shopper_0006554,1,0,0.26198672
shopper_0006555,1,0,0.04420095
shopper_0006556,1,0,0.50488063
shopper_0006557,1,0,0.21599314
shopper_0006558,1,0,0.22036631
shopper_0006559,1,0,0.93764499
shopper_0006560,0,0,0.10857332
shopper_0006561,1,0,0.50815082
shopper_0006562,0,0,0.43494611
shopper_0006563,0,0,0.75792399
shopper_0006564,0,0,0.17927171
shopper_0006565,1,0,0.36120542
shopper_0006566,0,0,0.65340759
shopper_0006567,0,0,0.43183264
shopper_0006568,0,0,0.38536454
shopper_0006569,1,0,0.51914353
shopper_0006570,1,0,0.77877566
shopper_0006571,0,0,0.50000903
shopper_0006572,0,0,0.63852247
shopper_0006573,0,0,0.24538205
shopper_0006574,1,0,0.62914809
shopper_0006575,1,0,0.39478510
shopper_0006576,1,0,0.65741444
shopper_0006577,0,0,0.33860872
shopper_0006578,0,0,0.55417494
shopper_0006579,1,0,0.25459573
shopper_0006580,1,0,0.15552990
shopper_0006581,1,0,0.97578762
shopper_0006582,0,0,0.70325054
shopper_0006583,0,1,0.55307724
shopper_0006584,1,0,0.55930379
shopper_0006585,0,0,0.47902296
shopper_0006586,0,0,0.55038440
shopper_0006587,0,0,0.29517999
shopper_0006588,0,1,0.52557044
shopper_0006589,0,0,0.68072524
shopper_0006590,1,0,0.36743473
shopper_0006591,0,0,0.36954976
shopper_0006592,1,1,0.86048389
shopper_0006593,1,0,0.07246504
shopper_0006594,1,0,0.61952703
shopper_0006595,0,1,0.39853287
shopper_0006596,0,0,0.14874570
shopper_0006597,1,0,0.20141837
shopper_0006598,1,0,0.62447336
shopper_0006599,1,0,0.71035936
shopper_0006600,0,0,0.73387892
shopper_0006601,0,0,0.43544427
shopper_0006602,1,0,0.79490028
shopper_0006603,0,0,0.28057521
shopper_0006604,0,0,0.40142559
shopper_0006605,1,0,0.92322339
shopper_0006606,1,0,0.96091438
shopper_0006607,0,0,0.31079570
shopper_0006608,1,0,0.75558811
shopper_0006609,0,0,0.82680961
shopper_0006610,0,1,0.90002494
shopper_0006611,1,0,0.18870858
shopper_0006612,0,0,0.43416993
shopper_0006613,1,0,0.49721457
shopper_0006614,0,0,0.60535679
shopper_0006615,1,1,0.67796855
shopper_0006616,0,0,0.78824802
shopper_0006617,0,0,0.88657178
shopper_0006618,1,0,0.47105581
shopper_0006619,0,0,0.85174158
shopper_0006620,1,0,0.39959398
shopper_0006621,0,0,0.16817187
shopper_0006622,1,0,0.47799502
shopper_0006623,1,0,0.27310700
shopper_0006624,1,0,0.91228793
shopper_0006625,0,0,0.72535279
shopper_0006626,0,1,0.74170918
shopper_0006627,0,0,0.44392678
shopper_0006628,1,1,0.43818315
shopper_0006629,1,0,0.57259732
shopper_0006630,1,1,0.65333463
shopper_0006631,0,0,0.41423833
shopper_0006632,0,0,0.29376012
shopper_0006633,1,0,0.73563352
shopper_0006634,1,0,0.23350087
shopper_0006635,0,0,0.49385164
shopper_0006636,1,0,0.74089417
shopper_0006637,1,0,0.50397147
shopper_0006638,1,0,0.38270365
shopper_0006639,0,0,0.71387784
shopper_0006640,0,0,0.44126960
shopper_0006641,1,0,0.40058082
shopper_0006642,1,0,0.52765125
shopper_0006643,1,0,0.15345534
shopper_0006644,0,0,0.40837306
shopper_0006645,0,0,0.76180061
shopper_0006646,0,0,0.43317215
shopper_0006647,1,0,0.53426542
shopper_0006648,1,0,0.31652604
shopper_0006649,0,0,0.62252568
shopper_0006650,1,1,0.29830556
shopper_0006651,1,0,0.71912129
shopper_0006652,0,0,0.30532111
shopper_0006653,1,0,0.25056282
shopper_0006654,1,1,0.74173493
shopper_0006655,1,0,0.08348489
shopper_0006656,0,0,0.37686431
shopper_0006657,0,0,0.32693628
shopper_0006658,1,0,0.30820085
shopper_0006659,0,0,0.92310094
shopper_0006660,1,0,0.64123353
shopper_0006661,0,0,0.72171736
shopper_0006662,0,0,0.73157040
shopper_0006663,1,0,0.65970863
shopper_0006664,0,0,0.71385710
shopper_0006665,1,0,0.70483965
shopper_0006666,0,0,0.60059782
shopper_0006667,0,0,0.82381906
shopper_0006668,0,0,0.23816248
shopper_0006669,0,1,0.59790737
shopper_0006670,0,0,0.57518491
shopper_0006671,1,1,0.45076931
shopper_0006672,1,0,0.38249327
shopper_0006673,1,0,0.39845335
shopper_0006674,1,1,0.56158450
shopper_0006675,1,0,0.67360299
shopper_0006676,1,0,0.43974352
shopper_0006677,0,0,0.43385485
shopper_0006678,0,0,0.34223972
shopper_0006679,0,1,0.54127490
shopper_0006680,1,0,0.63108146
shopper_0006681,0,0,0.45479843
shopper_0006682,0,0,0.63344929
shopper_0006683,1,0,0.35478906
shopper_0006684,0,0,0.61053639
shopper_0006685,1,0,0.65380598
shopper_0006686,0,0,0.56886083
shopper_0006687,0,0,0.30184176
shopper_0006688,0,0,0.89166178
shopper_0006689,0,0,0.66541220
shopper_0006690,1,1,0.88721154
shopper_0006691,1,1,0.19147212
shopper_0006692,0,0,0.66279108
shopper_0006693,1,0,0.60933781
shopper_0006694,1,0,0.13693275
shopper_0006695,0,0,0.63325630
shopper_0006696,0,0,0.58305400
shopper_0006697,0,0,0.19608963
shopper_0006698,0,0,0.39467697
shopper_0006699,1,0,0.48621421
shopper_0006700,0,0,0.34028755
shopper_0006701,1,0,0.31679729
shopper_0006702,1,0,0.23931783
shopper_0006703,0,0,0.35748579
shopper_0006704,1,0,0.48768961
shopper_0006705,1,0,0.42179708
shopper_0006706,0,0,0.29776219
shopper_0006707,1,0,0.17689702
shopper_0006708,1,0,0.16403765
shopper_0006709,0,1,0.74692068
shopper_0006710,0,0,0.62133639
shopper_0006711,0,0,0.20300599
shopper_0006712,0,0,0.60035468
shopper_0006713,1,0,0.32835744
shopper_0006714,1,1,0.46596486
shopper_0006715,1,0,0.58015025
shopper_0006716,0,1,0.69062055
shopper_0006717,0,0,0.43287185
shopper_0006718,1,0,0.93807209
shopper_0006719,0,0,0.33971158
shopper_0006720,1,0,0.33562937
shopper_0006721,1,0,0.21069590
shopper_0006722,0,0,0.62370767
shopper_0006723,0,0,0.53231921
shopper_0006724,0,0,0.76691802
shopper_0006725,0,0,0.66312406
shopper_0006726,1,0,0.54520560
shopper_0006727,1,0,0.36802473
shopper_0006728,0,0,0.57597931
shopper_0006729,1,0,0.32137357
shopper_0006730,1,1,0.49827789
shopper_0006731,1,1,0.69805962
shopper_0006732,1,1,0.32983089
shopper_0006733,1,0,0.73416863
shopper_0006734,1,0,0.38052388
shopper_0006735,0,0,0.35071200
shopper_0006736,1,0,0.38141207
shopper_0006737,1,0,0.58841385
shopper_0006738,0,0,0.37799958
shopper_0006739,0,1,0.61713462
shopper_0006740,0,0,0.61523547
shopper_0006741,1,0,0.24589820
shopper_0006742,1,1,0.72890575
shopper_0006743,1,1,0.66875452
shopper_0006744,1,0,0.62616179
shopper_0006745,0,0,0.83511409
shopper_0006746,0,0,0.30619249
shopper_0006747,0,1,0.50559747
shopper_0006748,0,0,0.38995547
shopper_0006749,1,0,0.43492666
shopper_0006750,1,0,0.22370541
shopper_0006751,1,0,0.38736165
shopper_0006752,0,1,0.89152236
shopper_0006753,0,0,0.48185618
shopper_0006754,1,0,0.86649857
shopper_0006755,0,0,0.43681236
shopper_0006756,1,0,0.50985057
shopper_0006757,0,0,0.73043996
shopper_0006758,0,0,0.39648592
shopper_0006759,0,0,0.48888028
shopper_0006760,1,0,0.88863264
shopper_0006761,0,0,0.66515248
shopper_0006762,1,0,0.63685318
shopper_0006763,1,0,0.82557316
shopper_0006764,1,1,0.86198164
shopper_0006765,1,0,0.69565570
shopper_0006766,0,0,0.35840773
shopper_0006767,1,0,0.42751310
shopper_0006768,1,0,0.68360267
shopper_0006769,0,0,0.64105260
shopper_0006770,0,0,0.87925428
shopper_0006771,0,0,0.35675702
shopper_0006772,1,0,0.65942899
shopper_0006773,0,0,0.63650850
shopper_0006774,0,0,0.73137531
shopper_0006775,1,0,0.07557251
shopper_0006776,0,0,0.33639766
shopper_0006777,1,0,0.20944692
shopper_0006778,0,0,0.29753618
shopper_0006779,0,0,0.36380177
shopper_0006780,1,1,0.35107174
shopper_0006781,1,1,0.47408034
shopper_0006782,0,0,0.67454106
shopper_0006783,0,0,0.83325777
shopper_0006784,0,0,0.83138406
shopper_0006785,1,0,0.96374562
shopper_0006786,1,1,0.73663293
shopper_0006787,1,0,0.34231797
shopper_0006788,0,0,0.60726143
shopper_0006789,1,0,0.40137044
shopper_0006790,1,0,0.53202626
shopper_0006791,1,0,0.87748037
shopper_0006792,1,0,0.80829548
shopper_0006793,0,0,0.55386228
shopper_0006794,0,0,0.07975604
shopper_0006795,1,0,0.62977863
shopper_0006796,1,0,0.58660922
shopper_0006797,1,0,0.28400332
shopper_0006798,1,0,0.31869943
shopper_0006799,1,1,0.02767793
shopper_0006800,1,0,0.86578014
shopper_0006801,1,0,0.53043903
shopper_0006802,1,0,0.45597798
shopper_0006803,1,0,0.76376361
shopper_0006804,1,0,0.47589712
shopper_0006805,0,0,0.62657489
shopper_0006806,0,0,0.67312650
shopper_0006807,1,0,0.69230405
shopper_0006808,1,0,0.80912051
shopper_0006809,0,0,0.56781352
shopper_0006810,0,0,0.66408047
shopper_0006811,0,0,0.60330436
shopper_0006812,0,0,0.15360019
shopper_0006813,1,0,0.20642888
shopper_0006814,1,0,0.18834350
shopper_0006815,1,0,0.71874903
shopper_0006816,0,0,0.83666632
shopper_0006817,1,0,0.63795445
shopper_0006818,0,0,0.13609426
shopper_0006819,0,0,0.34584872
shopper_0006820,1,0,0.57637685
shopper_0006821,1,0,0.73027845
shopper_0006822,1,0,0.61543397
shopper_0006823,0,0,0.95087180
shopper_0006824,0,0,0.79170169
shopper_0006825,0,0,0.49232813
shopper_0006826,0,0,0.09604403
shopper_0006827,1,0,0.26507315
shopper_0006828,0,0,0.65246299
shopper_0006829,0,0,0.70647491
shopper_0006830,0,0,0.65646696
shopper_0006831,0,0,0.32514514
shopper_0006832,0,0,0.24319361
shopper_0006833,1,0,0.75555358
shopper_0006834,1,0,0.72593279
shopper_0006835,0,0,0.77233440
shopper_0006836,0,0,0.72170507
shopper_0006837,0,0,0.44076084
shopper_0006838,0,0,0.40669680
shopper_0006839,0,0,0.42479538
shopper_0006840,1,0,0.35675492
shopper_0006841,0,0,0.36172740
shopper_0006842,1,0,0.31213911
shopper_0006843,1,0,0.44901327
shopper_0006844,1,1,0.18149704
shopper_0006845,0,0,0.17194634
shopper_0006846,0,0,0.57868237
shopper_0006847,0,0,0.74381505
shopper_0006848,0,0,0.19919924
shopper_0006849,0,0,0.19930963
shopper_0006850,0,0,0.65663397
shopper_0006851,0,0,0.49000430
shopper_0006852,0,0,0.10147664
shopper_0006853,1,0,0.53173023
shopper_0006854,1,0,0.78258785
shopper_0006855,1,0,0.48468249
shopper_0006856,1,0,0.66607361
shopper_0006857,1,0,0.40047717
shopper_0006858,0,0,0.86695227
shopper_0006859,0,0,0.27266783
shopper_0006860,0,0,0.80097066
shopper_0006861,0,0,0.25707810
shopper_0006862,1,0,0.96387774
shopper_0006863,0,0,0.62668006
shopper_0006864,1,0,0.40628196
shopper_0006865,0,0,0.63061888
shopper_0006866,1,0,0.44893659
shopper_0006867,1,0,0.57138462
shopper_0006868,0,0,0.75943265
shopper_0006869,0,0,0.39984740
shopper_0006870,0,0,0.70721692
shopper_0006871,0,0,0.74971053
shopper_0006872,0,0,0.53751014
shopper_0006873,1,0,0.54530961
shopper_0006874,1,0,0.31425255
shopper_0006875,0,0,0.46355317
shopper_0006876,1,0,0.51261954
shopper_0006877,1,0,0.42957929
shopper_0006878,0,0,0.36052178
shopper_0006879,0,0,0.46494073
shopper_0006880,0,0,0.42707515
shopper_0006881,1,1,0.09782103
shopper_0006882,1,0,0.20126673
shopper_0006883,0,0,0.58101365
shopper_0006884,1,0,0.84589535
shopper_0006885,1,0,0.54382922
shopper_0006886,0,0,0.20235064
shopper_0006887,0,0,0.45137541
shopper_0006888,1,0,0.55575946
shopper_0006889,1,1,0.37232258
shopper_0006890,1,0,0.24986894
shopper_0006891,0,0,0.03145637
shopper_0006892,0,0,0.17720011
shopper_0006893,0,0,0.89660826
shopper_0006894,1,1,0.92719767
shopper_0006895,0,0,0.16821097
shopper_0006896,1,0,0.16013716
shopper_0006897,0,0,0.64787722
shopper_0006898,0,0,0.82148314
shopper_0006899,1,0,0.33500763
shopper_0006900,1,0,0.87911566
shopper_0006901,0,0,0.20243434
shopper_0006902,0,0,0.41153368
shopper_0006903,1,0,0.31872921
shopper_0006904,1,1,0.27366795
shopper_0006905,1,0,0.82490970
shopper_0006906,1,0,0.37320478
shopper_0006907,1,0,0.79991076
shopper_0006908,1,1,0.43449429
shopper_0006909,0,0,0.61018697
shopper_0006910,1,1,0.62974215
shopper_0006911,0,0,0.19626704
shopper_0006912,0,0,0.53298329
shopper_0006913,1,0,0.40883697
shopper_0006914,0,0,0.72369895
shopper_0006915,1,0,0.25918691
shopper_0006916,0,0,0.32877688
shopper_0006917,1,0,0.50479103
shopper_0006918,0,0,0.57087360
shopper_0006919,0,0,0.30480184
shopper_0006920,1,0,0.52363256
shopper_0006921,1,0,0.56077176
shopper_0006922,1,0,0.53657489
shopper_0006923,1,0,0.40632684
shopper_0006924,1,0,0.36082518
shopper_0006925,0,0,0.35694916
shopper_0006926,1,0,0.53961596
shopper_0006927,0,0,0.34154070
shopper_0006928,0,1,0.54678472
shopper_0006929,0,0,0.19275575
shopper_0006930,1,0,0.48668177
shopper_0006931,1,0,0.33784745
shopper_0006932,0,1,0.74087131
shopper_0006933,1,0,0.51521575
shopper_0006934,1,0,0.77159773
shopper_0006935,1,0,0.29093676
shopper_0006936,0,0,0.32059094
shopper_0006937,1,0,0.11638214
shopper_0006938,1,0,0.57554792
shopper_0006939,0,0,0.48390903
shopper_0006940,1,0,0.39637077
shopper_0006941,0,0,0.72828841
shopper_0006942,1,0,0.75848765
shopper_0006943,1,0,0.55123124
shopper_0006944,0,0,0.29368970
shopper_0006945,1,0,0.35730817
shopper_0006946,1,0,0.35563849
shopper_0006947,1,0,0.89290888
shopper_0006948,0,0,0.61658768
shopper_0006949,0,0,0.62417620
shopper_0006950,1,0,0.44395769
shopper_0006951,0,0,0.50875293
shopper_0006952,0,0,0.68823550
shopper_0006953,0,0,0.69699632
shopper_0006954,0,0,0.76642438
shopper_0006955,1,0,0.88377204
shopper_0006956,1,0,0.19477826
shopper_0006957,1,0,0.41306037
shopper_0006958,0,0,0.59016396
shopper_0006959,1,0,0.30348466
shopper_0006960,0,0,0.22071965
shopper_0006961,1,0,0.52558201
shopper_0006962,0,0,0.61509149
shopper_0006963,1,1,0.46347744
shopper_0006964,0,0,0.29901747
shopper_0006965,1,0,0.28146944
shopper_0006966,1,0,0.71480307
shopper_0006967,1,0,0.82715522
shopper_0006968,0,0,0.18831409
shopper_0006969,1,0,0.35055693
shopper_0006970,1,1,0.67630392
shopper_0006971,1,0,0.44323977
shopper_0006972,1,1,0.54987809
shopper_0006973,0,0,0.76757989
shopper_0006974,0,0,0.51030386
shopper_0006975,0,1,0.40916700
shopper_0006976,0,0,0.29667589
shopper_0006977,1,0,0.20849735
shopper_0006978,0,0,0.71089936
shopper_0006979,0,0,0.65880360
shopper_0006980,0,0,0.67596568
shopper_0006981,0,0,0.64620636
shopper_0006982,0,0,0.24204023
shopper_0006983,0,0,0.28064134
shopper_0006984,1,1,0.27898571
shopper_0006985,1,0,0.47569073
shopper_0006986,0,0,0.82327938
shopper_0006987,0,0,0.34220206
shopper_0006988,1,1,0.11093421
shopper_0006989,0,0,0.36596302
shopper_0006990,1,0,0.77230369
shopper_0006991,0,0,0.36420056
shopper_0006992,1,0,0.58794009
shopper_0006993,1,0,0.37582321
shopper_0006994,0,0,0.26854534
shopper_0006995,0,0,0.41021771
shopper_0006996,0,0,0.22827887
shopper_0006997,1,0,0.83766507
shopper_0006998,0,0,0.37577608
shopper_0006999,1,0,0.63075252
shopper_0007000,1,0,0.47330439
shopper_0007001,0,0,0.97265619
shopper_0007002,1,0,0.38368171
shopper_0007003,0,1,0.10456361
shopper_0007004,1,0,0.61930306
shopper_0007005,1,0,0.82253696
shopper_0007006,1,0,0.29743918
shopper_0007007,1,0,0.08765909
shopper_0007008,0,0,0.18879440
shopper_0007009,0,0,0.40887006
shopper_0007010,1,0,0.68190005
shopper_0007011,0,1,0.33004714
shopper_0007012,0,0,0.73958745
shopper_0007013,1,0,0.35298901
shopper_0007014,0,0,0.70109051
shopper_0007015,1,1,0.39023951
shopper_0007016,1,0,0.19628361
shopper_0007017,1,0,0.31723581
shopper_0007018,0,0,0.19727401
shopper_0007019,1,0,0.79346230
shopper_0007020,1,0,0.08607917
shopper_0007021,1,1,0.49793837
shopper_0007022,0,0,0.39750020
shopper_0007023,0,0,0.26331363
shopper_0007024,1,0,0.04186668
shopper_0007025,0,0,0.43350207
shopper_0007026,0,0,0.29799693
shopper_0007027,0,0,0.69164929
shopper_0007028,0,0,0.82360790
shopper_0007029,0,0,0.50877976
shopper_0007030,1,0,0.05825423
shopper_0007031,1,0,0.68560384
shopper_0007032,0,0,0.52262112
shopper_0007033,1,0,0.53050884
shopper_0007034,1,0,0.24845850
shopper_0007035,0,0,0.40138966
shopper_0007036,1,0,0.47018394
shopper_0007037,1,0,0.33944755
shopper_0007038,1,0,0.58874331
shopper_0007039,1,0,0.14462002
shopper_0007040,0,0,0.41109510
shopper_0007041,1,0,0.50418916
shopper_0007042,0,0,0.30670967
shopper_0007043,0,0,0.37033186
shopper_0007044,1,0,0.58915975
shopper_0007045,0,0,0.55655482
shopper_0007046,0,0,0.62271753
shopper_0007047,0,0,0.48289400
shopper_0007048,0,1,0.71864013
shopper_0007049,1,0,0.54778837
shopper_0007050,0,0,0.77675292
shopper_0007051,1,0,0.56048296
shopper_0007052,1,0,0.51096044
shopper_0007053,1,0,0.27209562
shopper_0007054,1,1,0.70910344
shopper_0007055,0,0,0.21297002
shopper_0007056,0,0,0.38466653
shopper_0007057,0,0,0.68017387
shopper_0007058,0,0,0.77389901
shopper_0007059,0,0,0.62118493
shopper_0007060,0,0,0.83142966
shopper_0007061,0,0,0.11713752
shopper_0007062,0,0,0.03025472
shopper_0007063,0,0,0.56033478
shopper_0007064,1,0,0.08858695
shopper_0007065,1,0,0.54262590
shopper_0007066,0,0,0.17809724
shopper_0007067,0,0,0.53776333
shopper_0007068,1,0,0.30174795
shopper_0007069,1,0,0.86690059
shopper_0007070,0,0,0.72491098
shopper_0007071,0,0,0.18437214
shopper_0007072,0,0,0.51957740
shopper_0007073,1,0,0.72474008
shopper_0007074,1,0,0.57104706
shopper_0007075,0,0,0.76908590
shopper_0007076,0,0,0.57723981
shopper_0007077,0,0,0.48324983
shopper_0007078,0,0,0.57279659
shopper_0007079,0,0,0.51557556
shopper_0007080,0,0,0.26571680
shopper_0007081,0,0,0.67464846
shopper_0007082,0,1,0.72436082
shopper_0007083,0,0,0.43322300
shopper_0007084,1,0,0.61568505
shopper_0007085,1,0,0.18361848
shopper_0007086,1,1,0.78479630
shopper_0007087,1,0,0.23498123
shopper_0007088,1,0,0.89553096
shopper_0007089,0,0,0.67328305
shopper_0007090,1,0,0.22635390
shopper_0007091,0,0,0.50412513
shopper_0007092,1,0,0.50144515
shopper_0007093,1,0,0.66115321
shopper_0007094,0,0,0.95461224
shopper_0007095,0,1,0.56826776
shopper_0007096,0,0,0.79532713
shopper_0007097,1,1,0.70636047
shopper_0007098,0,0,0.48869161
shopper_0007099,0,0,0.63621091
shopper_0007100,0,0,0.56645680
shopper_0007101,0,0,0.59302169
shopper_0007102,0,0,0.78035706
shopper_0007103,0,0,0.38750842
shopper_0007104,1,0,0.78390609
shopper_0007105,0,0,0.70719750
shopper_0007106,0,0,0.55243513
shopper_0007107,1,0,0.80438245
shopper_0007108,1,0,0.68247846
shopper_0007109,1,0,0.75085437
shopper_0007110,0,1,0.80142803
shopper_0007111,1,1,0.46074740
shopper_0007112,0,1,0.86139941
shopper_0007113,0,0,0.18271319
shopper_0007114,0,0,0.77040928
shopper_0007115,0,0,0.27904873
shopper_0007116,0,0,0.79642689
shopper_0007117,1,1,0.35809629
shopper_0007118,0,1,0.53270932
shopper_0007119,1,0,0.35457528
shopper_0007120,0,0,0.91320706
shopper_0007121,0,1,0.80435349
shopper_0007122,1,0,0.21219130
shopper_0007123,0,0,0.54234384
shopper_0007124,1,0,0.69120379
shopper_0007125,0,0,0.67120223
shopper_0007126,1,0,0.47634087
shopper_0007127,1,0,0.36348585
shopper_0007128,1,0,0.20485464
shopper_0007129,1,1,0.46127342
shopper_0007130,0,0,0.41366258
shopper_0007131,0,0,0.81751486
shopper_0007132,1,0,0.82730764
shopper_0007133,0,0,0.59015249
shopper_0007134,0,0,0.45902636
shopper_0007135,1,0,0.41227739
shopper_0007136,1,1,0.56331126
shopper_0007137,0,0,0.56803687
shopper_0007138,0,0,0.63561079
shopper_0007139,1,0,0.45333543
shopper_0007140,1,0,0.63758516
shopper_0007141,0,0,0.19338270
shopper_0007142,1,0,0.68120808
shopper_0007143,0,0,0.68546057
shopper_0007144,1,0,0.54940432
shopper_0007145,1,0,0.56818933
shopper_0007146,1,0,0.33556440
shopper_0007147,1,0,0.97723639
shopper_0007148,0,0,0.19704766
shopper_0007149,1,0,0.72730024
shopper_0007150,1,0,0.58082867
shopper_0007151,1,0,0.80511569
shopper_0007152,0,0,0.59107879
shopper_0007153,0,0,0.51734366
shopper_0007154,1,0,0.48518119
shopper_0007155,1,0,0.72729736
shopper_0007156,1,1,0.25787235
shopper_0007157,0,0,0.58486187
shopper_0007158,0,0,0.48897431
shopper_0007159,1,0,0.04477966
shopper_0007160,1,0,0.87042801
shopper_0007161,1,0,0.26310660
shopper_0007162,0,1,0.82851806
shopper_0007163,1,0,0.17793677
shopper_0007164,0,0,0.69341159
shopper_0007165,1,0,0.34236793
shopper_0007166,0,0,0.28477421
shopper_0007167,0,0,0.11630034
shopper_0007168,0,0,0.42558379
shopper_0007169,1,0,0.62612251
shopper_0007170,0,0,0.24540328
shopper_0007171,0,0,0.13388278
shopper_0007172,0,0,0.22904340
shopper_0007173,1,1,0.29238658
shopper_0007174,1,0,0.19526137
shopper_0007175,1,0,0.25993147
shopper_0007176,0,0,0.82941668
shopper_0007177,0,0,0.81125618
shopper_0007178,0,1,0.11776804
shopper_0007179,0,0,0.41143558
shopper_0007180,0,0,0.33187162
shopper_0007181,1,0,0.72305907
shopper_0007182,0,0,0.92514110
shopper_0007183,0,0,0.23537033
shopper_0007184,0,0,0.34334961
shopper_0007185,1,0,0.26127609
shopper_0007186,1,0,0.30955264
shopper_0007187,0,0,0.38072297
shopper_0007188,0,0,0.73328273
shopper_0007189,0,0,0.63099831
shopper_0007190,0,0,0.56332234
shopper_0007191,1,0,0.59000916
shopper_0007192,1,0,0.49528232
shopper_0007193,1,0,0.09466661
shopper_0007194,0,0,0.35540105
shopper_0007195,0,1,0.48068252
shopper_0007196,0,0,0.34404219
shopper_0007197,1,0,0.57332196
shopper_0007198,1,0,0.57123198
shopper_0007199,0,0,0.58580076
shopper_0007200,1,0,0.06625478
shopper_0007201,1,0,0.75907152
shopper_0007202,1,1,0.47207237
shopper_0007203,0,0,0.93109389
shopper_0007204,0,0,0.62384780
shopper_0007205,1,0,0.46708023
shopper_0007206,0,0,0.07492713
shopper_0007207,0,0,0.48367812
shopper_0007208,0,0,0.58731199
shopper_0007209,0,0,0.77311211
shopper_0007210,0,0,0.13420681
shopper_0007211,1,0,0.10514434
shopper_0007212,1,0,0.75801335
shopper_0007213,1,0,0.52439722
shopper_0007214,1,0,0.49790597
shopper_0007215,1,0,0.17793844
shopper_0007216,0,0,0.64589456
shopper_0007217,1,0,0.55209661
shopper_0007218,1,0,0.80432935
shopper_0007219,1,0,0.52163854
shopper_0007220,0,0,0.78368661
shopper_0007221,1,1,0.73452949
shopper_0007222,1,0,0.88582710
shopper_0007223,1,1,0.82831179
shopper_0007224,0,0,0.74594856
shopper_0007225,1,0,0.44661679
shopper_0007226,1,0,0.12631378
shopper_0007227,1,0,0.33548047
shopper_0007228,0,0,0.18618175
shopper_0007229,1,0,0.40106294
shopper_0007230,0,0,0.75382122
shopper_0007231,1,0,0.19136361
shopper_0007232,1,0,0.46038577
shopper_0007233,0,0,0.28450977
shopper_0007234,0,0,0.48652252
shopper_0007235,1,0,0.21306139
shopper_0007236,1,0,0.21341505
shopper_0007237,0,0,0.49668615
shopper_0007238,1,1,0.38210483
shopper_0007239,0,0,0.22796673
shopper_0007240,1,0,0.18557445
shopper_0007241,0,0,0.22904484
shopper_0007242,0,0,0.34292279
shopper_0007243,1,0,0.88890597
shopper_0007244,0,0,0.28082988
shopper_0007245,0,0,0.36455197
shopper_0007246,0,1,0.27081279
shopper_0007247,0,0,0.14294183
shopper_0007248,1,1,0.49814140
shopper_0007249,1,0,0.36949941
shopper_0007250,1,0,0.21138896
shopper_0007251,0,0,0.48432968
shopper_0007252,0,0,0.20169165
shopper_0007253,0,0,0.71299255
shopper_0007254,0,0,0.73014232
shopper_0007255,1,0,0.71245267
shopper_0007256,0,1,0.82349691
shopper_0007257,1,0,0.24420358
shopper_0007258,0,1,0.52718602
shopper_0007259,1,0,0.27823517
shopper_0007260,0,0,0.43516518
shopper_0007261,0,0,0.74710038
shopper_0007262,1,0,0.51176526
shopper_0007263,0,0,0.18486305
shopper_0007264,1,0,0.26303170
shopper_0007265,0,0,0.63338590
shopper_0007266,0,0,0.66692891
shopper_0007267,0,0,0.44901998
shopper_0007268,1,0,0.30471798
shopper_0007269,0,0,0.20259856
shopper_0007270,0,0,0.32068171
shopper_0007271,0,0,0.72649647
shopper_0007272,1,0,0.61224944
shopper_0007273,0,0,0.39415856
shopper_0007274,1,0,0.59579603
shopper_0007275,1,0,0.35323387
shopper_0007276,1,0,0.37566602
shopper_0007277,1,0,0.58699262
shopper_0007278,1,0,0.41188811
shopper_0007279,1,0,0.30927174
shopper_0007280,0,0,0.27936517
shopper_0007281,1,0,0.93153215
shopper_0007282,1,0,0.41163634
shopper_0007283,1,0,0.64246281
shopper_0007284,1,0,0.66318712
shopper_0007285,0,0,0.58727490
shopper_0007286,0,1,0.84467676
shopper_0007287,0,0,0.56858510
shopper_0007288,0,0,0.21115874
shopper_0007289,1,0,0.22890634
shopper_0007290,0,0,0.63944115
shopper_0007291,1,0,0.21455976
shopper_0007292,0,0,0.61205824
shopper_0007293,1,0,0.83515464
shopper_0007294,1,0,0.64664151
shopper_0007295,1,0,0.10326412
shopper_0007296,1,0,0.31492178
shopper_0007297,1,0,0.24540128
shopper_0007298,0,0,0.17091672
shopper_0007299,0,0,0.39015824
shopper_0007300,0,0,0.25703003
shopper_0007301,0,0,0.91303911
shopper_0007302,1,0,0.64658808
shopper_0007303,1,0,0.37566341
shopper_0007304,1,1,0.46051729
shopper_0007305,1,0,0.10077813
shopper_0007306,1,0,0.50338537
shopper_0007307,0,0,0.77256856
shopper_0007308,1,0,0.36286163
shopper_0007309,1,1,0.10138800
shopper_0007310,1,0,0.91681445
shopper_0007311,0,0,0.80442043
shopper_0007312,1,0,0.51302762
shopper_0007313,1,0,0.21582253
shopper_0007314,1,0,0.56924017
shopper_0007315,1,0,0.37619209
shopper_0007316,0,0,0.46089985
shopper_0007317,0,0,0.29032549
shopper_0007318,0,0,0.52892639
shopper_0007319,1,0,0.23868964
shopper_0007320,0,1,0.67959007
shopper_0007321,0,0,0.42740231
shopper_0007322,1,0,0.50062840
shopper_0007323,0,0,0.35884644
shopper_0007324,0,0,0.61715489
shopper_0007325,1,0,0.69042261
shopper_0007326,1,0,0.90625656
shopper_0007327,0,0,0.71744104
shopper_0007328,1,0,0.03046808
shopper_0007329,0,0,0.64336182
shopper_0007330,1,0,0.23218010
shopper_0007331,1,0,0.13684841
shopper_0007332,0,0,0.32176321
shopper_0007333,0,0,0.96207889
shopper_0007334,1,0,0.75319751
shopper_0007335,0,0,0.61268032
shopper_0007336,1,0,0.63952899
shopper_0007337,0,0,0.24742277
shopper_0007338,0,0,0.52828676
shopper_0007339,1,0,0.91144815
shopper_0007340,0,0,0.29426166
shopper_0007341,1,1,0.37702522
shopper_0007342,1,0,0.32304599
shopper_0007343,0,0,0.90921319
shopper_0007344,0,1,0.69735397
shopper_0007345,1,0,0.27180702
shopper_0007346,1,0,0.52905132
shopper_0007347,0,0,0.14741279
shopper_0007348,1,0,0.38878589
shopper_0007349,0,0,0.60764174
shopper_0007350,0,0,0.65872832
shopper_0007351,0,0,0.49682430
shopper_0007352,1,0,0.26228123
shopper_0007353,1,0,0.39884194
shopper_0007354,1,0,0.49097271
shopper_0007355,0,1,0.69829464
shopper_0007356,0,0,0.37717280
shopper_0007357,0,0,0.59865416
shopper_0007358,1,1,0.43960719
shopper_0007359,0,0,0.58048097
shopper_0007360,0,0,0.54523276
shopper_0007361,0,0,0.20174850
shopper_0007362,0,0,0.17190062
shopper_0007363,1,0,0.83360506
shopper_0007364,0,0,0.53761511
shopper_0007365,1,1,0.65029072
shopper_0007366,1,1,0.52521558
shopper_0007367,1,0,0.26060907
shopper_0007368,0,0,0.32478325
shopper_0007369,0,0,0.72719849
shopper_0007370,0,0,0.36413632
shopper_0007371,0,0,0.49359726
shopper_0007372,0,0,0.84555036
shopper_0007373,1,0,0.13483503
shopper_0007374,1,0,0.41294469
shopper_0007375,0,0,0.81049880
shopper_0007376,1,0,0.34122987
shopper_0007377,1,0,0.95199151
shopper_0007378,0,0,0.31782032
shopper_0007379,0,0,0.64323794
shopper_0007380,1,0,0.68043075
shopper_0007381,1,0,0.27576551
shopper_0007382,0,0,0.65880486
shopper_0007383,1,0,0.30095704
shopper_0007384,0,0,0.66387781
shopper_0007385,0,1,0.32654012
shopper_0007386,1,0,0.47106428
shopper_0007387,1,0,0.61507067
shopper_0007388,1,1,0.63066464
shopper_0007389,0,0,0.06082187
shopper_0007390,1,0,0.62216505
shopper_0007391,1,0,0.42065534
shopper_0007392,0,0,0.25730992
shopper_0007393,0,0,0.08467027
shopper_0007394,1,0,0.72457426
shopper_0007395,1,0,0.56215827
shopper_0007396,1,1,0.48460416
shopper_0007397,0,0,0.43652399
shopper_0007398,0,1,0.50977668
shopper_0007399,0,0,0.55833744
shopper_0007400,0,0,0.76324536
shopper_0007401,0,0,0.69646343
shopper_0007402,1,0,0.75163480
shopper_0007403,1,0,0.52661368
shopper_0007404,1,0,0.75741467
shopper_0007405,1,0,0.93967515
shopper_0007406,1,0,0.20253346
shopper_0007407,0,0,0.59619022
shopper_0007408,1,1,0.76593786
shopper_0007409,0,0,0.46076287
shopper_0007410,1,0,0.91939108
shopper_0007411,0,0,0.33418427
shopper_0007412,1,0,0.41154104
shopper_0007413,0,0,0.71821346
shopper_0007414,1,1,0.31058542
shopper_0007415,1,0,0.53034807
shopper_0007416,0,0,0.70825204
shopper_0007417,1,0,0.53051312
shopper_0007418,1,0,0.24337319
shopper_0007419,1,1,0.25302851
shopper_0007420,0,0,0.75502881
shopper_0007421,0,0,0.40004346
shopper_0007422,0,0,0.80120497
shopper_0007423,0,1,0.45516893
shopper_0007424,0,0,0.15252261
shopper_0007425,0,0,0.28973481
shopper_0007426,1,0,0.91586630
shopper_0007427,0,0,0.31410051
shopper_0007428,0,0,0.83779776
shopper_0007429,1,1,0.68841521
shopper_0007430,1,0,0.46234455
shopper_0007431,0,0,0.90969104
shopper_0007432,0,0,0.38114276
shopper_0007433,1,0,0.48247344
shopper_0007434,1,0,0.62482901
shopper_0007435,0,0,0.84211574
shopper_0007436,1,0,0.60875269
shopper_0007437,0,0,0.17468938
shopper_0007438,1,0,0.62227731
shopper_0007439,1,0,0.28723802
shopper_0007440,1,1,0.29324230
shopper_0007441,1,0,0.94075780
shopper_0007442,1,0,0.12565259
shopper_0007443,1,0,0.38550201
shopper_0007444,0,0,0.64550698
shopper_0007445,1,0,0.18400333
shopper_0007446,0,1,0.71159107
shopper_0007447,0,1,0.85403028
shopper_0007448,1,0,0.16221214
shopper_0007449,0,0,0.86897692
shopper_0007450,0,0,0.26855300
shopper_0007451,1,0,0.51868833
shopper_0007452,1,0,0.41093053
shopper_0007453,1,1,0.89247738
shopper_0007454,1,0,0.47088835
shopper_0007455,0,0,0.50463075
shopper_0007456,0,0,0.30775163
shopper_0007457,0,0,0.47828455
shopper_0007458,1,0,0.15886832
shopper_0007459,0,0,0.27999755
shopper_0007460,0,0,0.47981712
shopper_0007461,1,0,0.32473367
shopper_0007462,0,0,0.77370215
shopper_0007463,0,0,0.47931119
shopper_0007464,0,0,0.86802911
shopper_0007465,0,0,0.43466384
shopper_0007466,1,0,0.53362184
shopper_0007467,1,0,0.32828991
shopper_0007468,1,0,0.40854921
shopper_0007469,1,0,0.72217873
shopper_0007470,1,0,0.25592265
shopper_0007471,0,0,0.42358013
shopper_0007472,0,0,0.22942247
shopper_0007473,0,1,0.49593194
shopper_0007474,0,0,0.32448176
shopper_0007475,0,0,0.06475036
shopper_0007476,0,1,0.27819473
shopper_0007477,1,0,0.44379827
shopper_0007478,1,0,0.76468351
shopper_0007479,1,1,0.57390987
shopper_0007480,1,0,0.55341238
shopper_0007481,1,0,0.13269543
shopper_0007482,0,0,0.64139793
shopper_0007483,1,0,0.37478403
shopper_0007484,1,0,0.72842146
shopper_0007485,0,0,0.66962105
shopper_0007486,1,0,0.67657836
shopper_0007487,0,0,0.68389204
shopper_0007488,0,0,0.51644927
shopper_0007489,0,0,0.53477600
shopper_0007490,0,0,0.69812248
shopper_0007491,1,0,0.90795406
shopper_0007492,1,0,0.54676756
shopper_0007493,0,1,0.64287431
shopper_0007494,1,0,0.49036416
shopper_0007495,1,0,0.16248928
shopper_0007496,1,0,0.23612918
shopper_0007497,0,0,0.85533958
shopper_0007498,1,0,0.20663941
shopper_0007499,0,0,0.88177964
shopper_0007500,1,0,0.64484921
shopper_0007501,1,1,0.67705893
shopper_0007502,0,0,0.57071325
shopper_0007503,1,0,0.69796986
shopper_0007504,0,0,0.80856964
shopper_0007505,0,0,0.15999581
shopper_0007506,1,1,0.44135014
shopper_0007507,1,1,0.77056683
shopper_0007508,1,0,0.37723127
shopper_0007509,0,0,0.50421030
shopper_0007510,0,0,0.36134920
shopper_0007511,1,0,0.32556838
shopper_0007512,1,0,0.51836766
shopper_0007513,1,0,0.24369177
shopper_0007514,0,0,0.75860989
shopper_0007515,0,0,0.40494425
shopper_0007516,1,0,0.68517293
shopper_0007517,0,0,0.40259026
shopper_0007518,0,0,0.83475136
shopper_0007519,0,0,0.89890093
shopper_0007520,0,0,0.16416429
shopper_0007521,0,0,0.87863895
shopper_0007522,1,0,0.73435955
shopper_0007523,1,0,0.84187148
shopper_0007524,1,0,0.86737934
shopper_0007525,0,0,0.32191658
shopper_0007526,1,0,0.17118318
shopper_0007527,1,0,0.76277426
shopper_0007528,0,0,0.50155509
shopper_0007529,1,0,0.47491613
shopper_0007530,1,1,0.27546879
shopper_0007531,0,0,0.74445748
shopper_0007532,1,0,0.60112218
shopper_0007533,1,0,0.74361449
shopper_0007534,0,0,0.98860971
shopper_0007535,1,0,0.23410859
shopper_0007536,0,0,0.69843757
shopper_0007537,1,0,0.51316222
shopper_0007538,1,0,0.64817202
shopper_0007539,0,0,0.45109537
shopper_0007540,0,0,0.23801599
shopper_0007541,0,0,0.40750602
shopper_0007542,0,0,0.03728203
shopper_0007543,0,1,0.52711554
shopper_0007544,0,1,0.67606616
shopper_0007545,1,1,0.54275248
shopper_0007546,0,0,0.56928592
shopper_0007547,1,0,0.93598715
shopper_0007548,1,0,0.27386418
shopper_0007549,0,0,0.69986256
shopper_0007550,1,0,0.63678336
shopper_0007551,0,0,0.73322174
shopper_0007552,1,0,0.85804557
shopper_0007553,1,0,0.49860580
shopper_0007554,0,0,0.17700055
shopper_0007555,0,0,0.13224469
shopper_0007556,1,1,0.23194078
shopper_0007557,0,0,0.34896548
shopper_0007558,0,0,0.24201199
shopper_0007559,1,0,0.52609164
shopper_0007560,1,0,0.41058748
shopper_0007561,0,1,0.71168394
shopper_0007562,1,0,0.22882210
shopper_0007563,1,0,0.55064770
shopper_0007564,1,1,0.70481202
shopper_0007565,0,1,0.74676314
shopper_0007566,1,0,0.77140778
shopper_0007567,0,0,0.30411249
shopper_0007568,0,0,0.27169891
shopper_0007569,1,0,0.18463247
shopper_0007570,0,0,0.49485276
shopper_0007571,0,0,0.15316920
shopper_0007572,1,0,0.81261578
shopper_0007573,0,0,0.13281658
shopper_0007574,0,0,0.59429802
shopper_0007575,1,0,0.14848721
shopper_0007576,0,0,0.75284888
shopper_0007577,1,0,0.27512163
shopper_0007578,1,0,0.42238912
shopper_0007579,1,0,0.21350276
shopper_0007580,1,0,0.23474193
shopper_0007581,0,0,0.53970186
shopper_0007582,1,0,0.41389228
shopper_0007583,0,0,0.45881318
shopper_0007584,1,0,0.64390410
shopper_0007585,0,1,0.74809622
shopper_0007586,1,0,0.69696223
shopper_0007587,0,0,0.14981880
shopper_0007588,0,0,0.73471097
shopper_0007589,0,0,0.09684010
shopper_0007590,0,0,0.86292197
shopper_0007591,0,0,0.50220079
shopper_0007592,0,0,0.84818309
shopper_0007593,0,0,0.33407802
shopper_0007594,1,0,0.65741828
shopper_0007595,0,0,0.68445081
shopper_0007596,1,1,0.23325007
shopper_0007597,1,0,0.65420619
shopper_0007598,0,0,0.29285399
shopper_0007599,1,0,0.63224579
shopper_0007600,0,0,0.38872293
shopper_0007601,1,0,0.24903270
shopper_0007602,1,0,0.80201800
shopper_0007603,1,0,0.70127069
shopper_0007604,1,1,0.73029465
shopper_0007605,1,0,0.52691494
shopper_0007606,1,0,0.95937719
shopper_0007607,1,0,0.39176532
shopper_0007608,0,0,0.81483477
shopper_0007609,0,0,0.73203712
shopper_0007610,0,0,0.39523250
shopper_0007611,0,0,0.39762408
shopper_0007612,0,0,0.84999783
shopper_0007613,1,0,0.89637005
shopper_0007614,0,0,0.39903233
shopper_0007615,0,0,0.82288291
shopper_0007616,0,0,0.68843818
shopper_0007617,0,1,0.63291634
shopper_0007618,0,1,0.63595317
shopper_0007619,0,0,0.22941825
shopper_0007620,0,1,0.41374790
shopper_0007621,0,0,0.36763290
shopper_0007622,1,0,0.89420294
shopper_0007623,0,1,0.54494072
shopper_0007624,1,0,0.31842169
shopper_0007625,1,0,0.13239894
shopper_0007626,1,0,0.29848909
shopper_0007627,0,0,0.65079544
shopper_0007628,0,0,0.03428566
shopper_0007629,0,0,0.45807937
shopper_0007630,1,0,0.48657065
shopper_0007631,0,0,0.53349700
shopper_0007632,0,0,0.60226632
shopper_0007633,0,0,0.70440123
shopper_0007634,1,0,0.62738986
shopper_0007635,1,0,0.63582701
shopper_0007636,0,0,0.55724754
shopper_0007637,1,0,0.45785387
shopper_0007638,1,0,0.70219962
shopper_0007639,1,0,0.93759941
shopper_0007640,0,0,0.03320950
shopper_0007641,0,0,0.40896341
shopper_0007642,0,1,0.32380952
shopper_0007643,1,0,0.21048386
shopper_0007644,1,0,0.17706144
shopper_0007645,0,0,0.50943845
shopper_0007646,0,0,0.76169459
shopper_0007647,0,0,0.47878843
shopper_0007648,1,0,0.54509620
shopper_0007649,0,0,0.87134154
shopper_0007650,0,0,0.25719621
shopper_0007651,0,0,0.11501230
shopper_0007652,1,1,0.29214035
shopper_0007653,1,1,0.37788726
shopper_0007654,1,0,0.68234467
shopper_0007655,0,0,0.46183271
shopper_0007656,0,0,0.26933868
shopper_0007657,0,0,0.81970973
shopper_0007658,1,0,0.19563538
shopper_0007659,0,0,0.75357038
shopper_0007660,0,0,0.11384610
shopper_0007661,1,0,0.59109548
shopper_0007662,0,0,0.89180242
shopper_0007663,0,0,0.84622263
shopper_0007664,0,0,0.83488943
shopper_0007665,0,0,0.55668333
shopper_0007666,1,1,0.75150220
shopper_0007667,1,0,0.64519384
shopper_0007668,0,0,0.45170828
shopper_0007669,1,0,0.51092232
shopper_0007670,0,0,0.49657419
shopper_0007671,1,0,0.28350482
shopper_0007672,1,0,0.41062127
shopper_0007673,0,0,0.82748089
shopper_0007674,1,0,0.14235153
shopper_0007675,1,1,0.45318458
shopper_0007676,1,0,0.32926714
shopper_0007677,1,0,0.35964726
shopper_0007678,1,0,0.29349241
shopper_0007679,1,0,0.54792941
shopper_0007680,0,0,0.38116266
shopper_0007681,1,0,0.45549249
shopper_0007682,1,0,0.70394078
shopper_0007683,1,1,0.80475625
shopper_0007684,0,0,0.45343389
shopper_0007685,1,0,0.88683791
shopper_0007686,0,0,0.66592188
shopper_0007687,0,1,0.96478640
shopper_0007688,0,0,0.77291530
shopper_0007689,0,0,0.35582868
shopper_0007690,1,0,0.52150714
shopper_0007691,0,0,0.42322202
shopper_0007692,1,0,0.75422272
shopper_0007693,0,0,0.48997871
shopper_0007694,0,0,0.16710338
shopper_0007695,1,0,0.29237625
shopper_0007696,1,0,0.11444047
shopper_0007697,1,0,0.79222529
shopper_0007698,0,0,0.60384802
shopper_0007699,0,0,0.20278902
shopper_0007700,0,0,0.54478804
shopper_0007701,1,0,0.71883862
shopper_0007702,0,0,0.45509880
shopper_0007703,0,0,0.71512172
shopper_0007704,1,0,0.42959020
shopper_0007705,1,0,0.32443574
shopper_0007706,1,0,0.46338916
shopper_0007707,0,0,0.24334475
shopper_0007708,1,0,0.57781237
shopper_0007709,1,0,0.42271329
shopper_0007710,0,0,0.58522928
shopper_0007711,0,0,0.65858429
shopper_0007712,1,0,0.37264099
shopper_0007713,0,0,0.40372014
shopper_0007714,1,0,0.69309671
shopper_0007715,1,0,0.75855490
shopper_0007716,0,0,0.39155411
shopper_0007717,1,0,0.60543227
shopper_0007718,0,0,0.64799524
shopper_0007719,0,0,0.62259258
shopper_0007720,0,0,0.52541486
shopper_0007721,0,1,0.32270933
shopper_0007722,1,0,0.51928618
shopper_0007723,0,0,0.08175347
shopper_0007724,0,0,0.70653875
shopper_0007725,0,1,0.25177852
shopper_0007726,1,0,0.57509045
shopper_0007727,1,0,0.17034446
shopper_0007728,0,0,0.70460626
shopper_0007729,0,0,0.39999895
shopper_0007730,1,1,0.62403911
shopper_0007731,1,0,0.76774787
shopper_0007732,1,0,0.45620876
shopper_0007733,1,0,0.84460125
shopper_0007734,1,0,0.23473728
shopper_0007735,0,0,0.24331358
shopper_0007736,1,0,0.82653478
shopper_0007737,1,0,0.48154513
shopper_0007738,1,0,0.57270233
shopper_0007739,1,0,0.81711844
shopper_0007740,1,0,0.58185083
shopper_0007741,0,0,0.82298414
shopper_0007742,1,0,0.17004714
shopper_0007743,0,0,0.77628915
shopper_0007744,1,0,0.81176872
shopper_0007745,0,1,0.50507461
shopper_0007746,0,0,0.54380199
shopper_0007747,0,0,0.67217068
shopper_0007748,1,0,0.84051039
shopper_0007749,0,0,0.26900034
shopper_0007750,0,0,0.46721504
shopper_0007751,0,1,0.93244403
shopper_0007752,1,0,0.26585365
shopper_0007753,0,0,0.92453385
shopper_0007754,1,0,0.98402993
shopper_0007755,0,1,0.70788205
shopper_0007756,0,0,0.38181471
shopper_0007757,0,0,0.28781099
shopper_0007758,1,0,0.16481580
shopper_0007759,1,0,0.60573026
shopper_0007760,1,0,0.45214898
shopper_0007761,1,1,0.71477478
shopper_0007762,0,0,0.57772586
shopper_0007763,0,0,0.39240045
shopper_0007764,1,0,0.21016839
shopper_0007765,0,0,0.76254523
shopper_0007766,1,0,0.55255936
shopper_0007767,0,0,0.39321019
shopper_0007768,0,0,0.78783129
shopper_0007769,0,0,0.29469773
shopper_0007770,0,0,0.52054466
shopper_0007771,1,1,0.69224508
shopper_0007772,1,0,0.34884797
shopper_0007773,0,0,0.17296552
shopper_0007774,0,0,0.82364274
shopper_0007775,1,0,0.30870142
shopper_0007776,0,0,0.52905710
shopper_0007777,1,1,0.35308191
shopper_0007778,0,0,0.57514635
shopper_0007779,0,0,0.35884647
shopper_0007780,0,0,0.73416935
shopper_0007781,1,0,0.76909705
shopper_0007782,0,0,0.67188494
shopper_0007783,1,0,0.24811890
shopper_0007784,0,1,0.42488430
shopper_0007785,0,0,0.33082040
shopper_0007786,1,0,0.11978538
shopper_0007787,1,0,0.11534084
shopper_0007788,0,1,0.95550413
shopper_0007789,1,0,0.78513414
shopper_0007790,0,0,0.53528805
shopper_0007791,0,0,0.87109031
shopper_0007792,0,0,0.11733870
shopper_0007793,0,0,0.39917684
shopper_0007794,0,0,0.61878999
shopper_0007795,1,0,0.60765281
shopper_0007796,0,0,0.03883993
shopper_0007797,1,0,0.37907218
shopper_0007798,1,0,0.44076016
shopper_0007799,0,0,0.42581009
shopper_0007800,0,0,0.29705850
shopper_0007801,1,0,0.35836436
shopper_0007802,0,0,0.43568223
shopper_0007803,0,0,0.21491151
shopper_0007804,1,0,0.52479509
shopper_0007805,0,1,0.20428953
shopper_0007806,0,0,0.70595643
shopper_0007807,1,0,0.44082989
shopper_0007808,0,0,0.52772361
shopper_0007809,1,0,0.78641022
shopper_0007810,0,0,0.40632342
shopper_0007811,0,0,0.66725750
shopper_0007812,0,0,0.61768265
shopper_0007813,1,0,0.62449572
shopper_0007814,1,0,0.61785929
shopper_0007815,0,0,0.52444187
shopper_0007816,0,0,0.74213198
shopper_0007817,0,0,0.48049548
shopper_0007818,0,0,0.32699997
shopper_0007819,0,1,0.81073090
shopper_0007820,0,0,0.64110963
shopper_0007821,0,0,0.83686350
shopper_0007822,1,0,0.43242418
shopper_0007823,0,0,0.69182486
shopper_0007824,0,0,0.73129612
shopper_0007825,1,1,0.28885568
shopper_0007826,0,0,0.49951685
shopper_0007827,1,0,0.12253874
shopper_0007828,1,1,0.68051470
shopper_0007829,1,0,0.37170261
shopper_0007830,0,0,0.26147682
shopper_0007831,0,0,0.70609646
shopper_0007832,0,0,0.13218213
shopper_0007833,0,0,0.81124365
shopper_0007834,1,0,0.22573013
shopper_0007835,1,0,0.48934138
shopper_0007836,1,0,0.61974217
shopper_0007837,0,0,0.46759361
shopper_0007838,0,0,0.38616072
shopper_0007839,1,1,0.61092670
shopper_0007840,0,0,0.17492770
shopper_0007841,1,1,0.20025117
shopper_0007842,0,0,0.41961011
shopper_0007843,1,0,0.23310833
shopper_0007844,0,0,0.53555114
shopper_0007845,1,0,0.90664760
shopper_0007846,0,1,0.26956767
shopper_0007847,0,0,0.50269759
shopper_0007848,0,0,0.23206364
shopper_0007849,0,0,0.54843248
shopper_0007850,1,0,0.49360750
shopper_0007851,0,0,0.67034050
shopper_0007852,1,0,0.75623851
shopper_0007853,1,0,0.38791154
shopper_0007854,1,0,0.69589132
shopper_0007855,0,0,0.73772030
shopper_0007856,0,0,0.23493571
shopper_0007857,1,0,0.36844044
shopper_0007858,0,0,0.86590964
shopper_0007859,0,0,0.61874339
shopper_0007860,1,0,0.79254094
shopper_0007861,1,1,0.66235477
shopper_0007862,1,0,0.15795689
shopper_0007863,1,0,0.15345645
shopper_0007864,0,0,0.78722198
shopper_0007865,0,0,0.32527511
shopper_0007866,0,0,0.79082987
shopper_0007867,0,0,0.95470774
shopper_0007868,1,0,0.26931826
shopper_0007869,1,0,0.85490774
shopper_0007870,0,0,0.57947728
shopper_0007871,1,0,0.39051731
shopper_0007872,0,0,0.38325444
shopper_0007873,1,1,0.59730551
shopper_0007874,0,0,0.31352131
shopper_0007875,1,0,0.51006561
shopper_0007876,1,0,0.07152475
shopper_0007877,0,0,0.59214246
shopper_0007878,1,0,0.57090799
shopper_0007879,0,0,0.45013219
shopper_0007880,0,0,0.25640501
shopper_0007881,1,0,0.61574200
shopper_0007882,1,0,0.77866492
shopper_0007883,1,0,0.30626418
shopper_0007884,0,0,0.47085635
shopper_0007885,0,0,0.37703644
shopper_0007886,0,1,0.27796958
shopper_0007887,1,1,0.62939416
shopper_0007888,1,0,0.56755995
shopper_0007889,1,0,0.89955543
shopper_0007890,1,0,0.70141309
shopper_0007891,0,0,0.46404548
shopper_0007892,1,0,0.94238952
shopper_0007893,1,0,0.44528042
shopper_0007894,0,0,0.38725754
shopper_0007895,1,1,0.66339827
shopper_0007896,0,0,0.46783075
shopper_0007897,1,0,0.81282596
shopper_0007898,0,0,0.39133719
shopper_0007899,1,0,0.94200276
shopper_0007900,0,0,0.76682256
shopper_0007901,1,1,0.61183734
shopper_0007902,1,0,0.58992026
shopper_0007903,0,0,0.24522859
shopper_0007904,0,1,0.32186124
shopper_0007905,1,0,0.34355279
shopper_0007906,0,0,0.28774319
shopper_0007907,0,0,0.17554068
shopper_0007908,1,0,0.70475835
shopper_0007909,1,0,0.60633916
shopper_0007910,1,0,0.53490409
shopper_0007911,1,0,0.25553558
shopper_0007912,1,0,0.57619425
shopper_0007913,1,0,0.46414404
shopper_0007914,0,0,0.46058462
shopper_0007915,1,0,0.42114970
shopper_0007916,0,0,0.36098383
shopper_0007917,0,1,0.20087117
shopper_0007918,0,0,0.67252670
shopper_0007919,0,0,0.74077040
shopper_0007920,0,1,0.86402379
shopper_0007921,0,0,0.33685771
shopper_0007922,0,0,0.57918089
shopper_0007923,1,0,0.36108512
shopper_0007924,0,0,0.64245640
shopper_0007925,1,0,0.83883392
shopper_0007926,0,0,0.55061688
shopper_0007927,0,0,0.63873264
shopper_0007928,0,0,0.56535004
shopper_0007929,0,0,0.43787016
shopper_0007930,1,0,0.50427252
shopper_0007931,1,1,0.42594356
shopper_0007932,0,0,0.42247418
shopper_0007933,0,0,0.73880912
shopper_0007934,0,0,0.24568785
shopper_0007935,0,0,0.87669465
shopper_0007936,1,0,0.65663409
shopper_0007937,1,0,0.96879643
shopper_0007938,1,0,0.55351542
shopper_0007939,1,0,0.51596972
shopper_0007940,0,0,0.07838994
shopper_0007941,1,0,0.77878615
shopper_0007942,1,0,0.45000067
shopper_0007943,0,0,0.32853154
shopper_0007944,0,0,0.56741430
shopper_0007945,1,0,0.74598326
shopper_0007946,0,0,0.25426304
shopper_0007947,0,0,0.39290077
shopper_0007948,1,0,0.22927514
shopper_0007949,0,1,0.68140915
shopper_0007950,0,0,0.34242435
shopper_0007951,0,0,0.72273366
shopper_0007952,1,0,0.21330350
shopper_0007953,0,0,0.32312292
shopper_0007954,0,0,0.53517318
shopper_0007955,0,0,0.86897020
shopper_0007956,0,0,0.43865747
shopper_0007957,0,0,0.51056942
shopper_0007958,1,0,0.09534925
shopper_0007959,1,0,0.23728487
shopper_0007960,1,0,0.13994538
shopper_0007961,1,0,0.37356380
shopper_0007962,0,0,0.27804781
shopper_0007963,1,0,0.43325526
shopper_0007964,1,0,0.86186669
shopper_0007965,1,0,0.60215949
shopper_0007966,0,0,0.60802547
shopper_0007967,0,0,0.14556827
shopper_0007968,0,0,0.53349616
shopper_0007969,1,1,0.22833268
shopper_0007970,1,0,0.35204783
shopper_0007971,1,0,0.92959315
shopper_0007972,0,0,0.60365668
shopper_0007973,1,0,0.79175387
shopper_0007974,0,0,0.68861364
shopper_0007975,0,0,0.92723641
shopper_0007976,0,0,0.65970275
shopper_0007977,0,0,0.42824894
shopper_0007978,1,0,0.79850968
shopper_0007979,1,0,0.40338101
shopper_0007980,0,1,0.35581000
shopper_0007981,1,0,0.84504653
shopper_0007982,0,0,0.30422003
shopper_0007983,0,0,0.20748245
shopper_0007984,1,0,0.42633026
shopper_0007985,0,0,0.29607670
shopper_0007986,0,0,0.76826834
shopper_0007987,1,0,0.32602433
shopper_0007988,1,1,0.89090518
shopper_0007989,0,0,0.66431173
shopper_0007990,0,0,0.13998765
shopper_0007991,1,0,0.73985884
shopper_0007992,0,1,0.83891789
shopper_0007993,0,0,0.30569782
shopper_0007994,1,0,0.40897814
shopper_0007995,0,0,0.82504119
shopper_0007996,0,1,0.67014725
shopper_0007997,0,0,0.62832779
shopper_0007998,0,0,0.35436631
shopper_0007999,0,0,0.20686677
shopper_0008000,0,0,0.49028632
shopper_0008001,1,0,0.33904176
shopper_0008002,1,0,0.82103708
shopper_0008003,1,0,0.61889075
shopper_0008004,1,0,0.30732658
shopper_0008005,1,0,0.51944912
shopper_0008006,1,1,0.11534073
shopper_0008007,1,0,0.58485087
shopper_0008008,0,0,0.77098830
shopper_0008009,0,0,0.42271004
shopper_0008010,1,0,0.69945006
shopper_0008011,1,0,0.71056667
shopper_0008012,0,0,0.32523549
shopper_0008013,0,0,0.53112382
shopper_0008014,1,0,0.34655798
shopper_0008015,1,0,0.16521485
shopper_0008016,0,0,0.55158927
shopper_0008017,0,0,0.65969786
shopper_0008018,0,0,0.38175158
shopper_0008019,0,0,0.27808145
shopper_0008020,0,0,0.27345816
shopper_0008021,1,0,0.62812061
shopper_0008022,1,0,0.62529640
shopper_0008023,0,1,0.84956955
shopper_0008024,0,0,0.23087371
shopper_0008025,1,0,0.10447562
shopper_0008026,1,0,0.38359814
shopper_0008027,0,0,0.78524431
shopper_0008028,1,0,0.27842335
shopper_0008029,1,0,0.83129973
shopper_0008030,1,0,0.89655530
shopper_0008031,1,0,0.78325446
shopper_0008032,0,0,0.46415399
shopper_0008033,0,0,0.08748449
shopper_0008034,1,0,0.56719088
shopper_0008035,1,0,0.39477549
shopper_0008036,1,0,0.26122126
shopper_0008037,0,0,0.16634197
shopper_0008038,1,0,0.45107194
shopper_0008039,1,0,0.82334260
shopper_0008040,0,0,0.37153215
shopper_0008041,1,0,0.51221611
shopper_0008042,1,0,0.80044031
shopper_0008043,1,0,0.50881109
shopper_0008044,1,0,0.20778160
shopper_0008045,1,0,0.72434064
shopper_0008046,1,0,0.39206739
shopper_0008047,1,0,0.50037601
shopper_0008048,0,0,0.26966405
shopper_0008049,1,0,0.50001702
shopper_0008050,0,0,0.46358200
shopper_0008051,0,0,0.57550884
shopper_0008052,1,0,0.84704409
shopper_0008053,0,0,0.12637669
shopper_0008054,0,0,0.59655174
shopper_0008055,0,1,0.33342842
shopper_0008056,0,0,0.53706469
shopper_0008057,0,0,0.49865969
shopper_0008058,0,0,0.67383245
shopper_0008059,1,0,0.26127102
shopper_0008060,1,0,0.96533161
shopper_0008061,1,0,0.53439339
shopper_0008062,0,0,0.21061952
shopper_0008063,1,0,0.59623658
shopper_0008064,0,0,0.16548580
shopper_0008065,0,0,0.23009109
shopper_0008066,1,0,0.76403720
shopper_0008067,1,0,0.60408423
shopper_0008068,0,0,0.61517455
shopper_0008069,0,0,0.17718700
shopper_0008070,1,0,0.34772704
shopper_0008071,1,0,0.49767926
shopper_0008072,1,0,0.81838806
shopper_0008073,0,0,0.17105280
shopper_0008074,0,0,0.48562568
shopper_0008075,0,1,0.59119607
shopper_0008076,1,0,0.25438442
shopper_0008077,0,0,0.56670718
shopper_0008078,0,0,0.53503969
shopper_0008079,0,0,0.33479982
shopper_0008080,0,0,0.52704807
shopper_0008081,1,0,0.33417545
shopper_0008082,1,0,0.24590130
shopper_0008083,0,0,0.49183148
shopper_0008084,1,0,0.42059667
shopper_0008085,0,1,0.24633755
shopper_0008086,1,1,0.93175586
shopper_0008087,0,0,0.44327968
shopper_0008088,1,0,0.68028039
shopper_0008089,1,1,0.56578025
shopper_0008090,0,0,0.33732288
shopper_0008091,1,0,0.56611037
shopper_0008092,0,0,0.45502081
shopper_0008093,1,0,0.50628768
shopper_0008094,1,0,0.35021149
shopper_0008095,1,0,0.26975856
shopper_0008096,0,0,0.31739067
shopper_0008097,0,0,0.58313990
shopper_0008098,0,0,0.75336948
shopper_0008099,1,0,0.73133533
shopper_0008100,1,0,0.14986484
shopper_0008101,1,0,0.39885596
shopper_0008102,0,0,0.44613459
shopper_0008103,1,0,0.72826816
shopper_0008104,0,0,0.42255498
shopper_0008105,0,0,0.29504763
shopper_0008106,1,0,0.84128142
shopper_0008107,0,0,0.61209608
shopper_0008108,1,0,0.54257622
shopper_0008109,1,0,0.70431793
shopper_0008110,1,0,0.44144314
shopper_0008111,0,0,0.48347685
shopper_0008112,1,0,0.33579558
shopper_0008113,0,0,0.38159120
shopper_0008114,1,1,0.93032441
shopper_0008115,1,0,0.57200314
shopper_0008116,0,0,0.28530165
shopper_0008117,1,0,0.58994994
shopper_0008118,1,0,0.26780218
shopper_0008119,1,1,0.49186796
shopper_0008120,1,0,0.66141751
shopper_0008121,0,0,0.34348864
shopper_0008122,0,0,0.29625452
shopper_0008123,1,0,0.90052007
shopper_0008124,0,0,0.52209015
shopper_0008125,0,0,0.80486406
shopper_0008126,1,0,0.52677343
shopper_0008127,1,1,0.80831989
shopper_0008128,0,0,0.69510412
shopper_0008129,0,0,0.41655196
shopper_0008130,0,0,0.61926005
shopper_0008131,1,0,0.54967249
shopper_0008132,1,0,0.79364080
shopper_0008133,0,0,0.13671607
shopper_0008134,0,0,0.60817397
shopper_0008135,0,0,0.26485083
shopper_0008136,1,0,0.37379030
shopper_0008137,1,0,0.80083395
shopper_0008138,0,0,0.59610484
shopper_0008139,0,0,0.57090861
shopper_0008140,0,0,0.80224346
shopper_0008141,0,0,0.36415473
shopper_0008142,0,1,0.27983134
shopper_0008143,0,0,0.50411034
shopper_0008144,1,0,0.93753432
shopper_0008145,1,0,0.26816478
shopper_0008146,0,0,0.22492438
shopper_0008147,1,0,0.43354070
shopper_0008148,0,1,0.25227571
shopper_0008149,0,1,0.72911198
shopper_0008150,1,0,0.32377720
shopper_0008151,1,0,0.52091193
shopper_0008152,1,0,0.08469459
shopper_0008153,0,0,0.17484563
shopper_0008154,0,0,0.26217785
shopper_0008155,0,0,0.48265686
shopper_0008156,1,0,0.63045258
shopper_0008157,1,1,0.09825397
shopper_0008158,0,0,0.86049887
shopper_0008159,0,0,0.90210406
shopper_0008160,0,0,0.41699578
shopper_0008161,0,0,0.86377238
shopper_0008162,1,0,0.92615246
shopper_0008163,0,0,0.69241843
shopper_0008164,0,0,0.66481970
shopper_0008165,1,0,0.15114706
shopper_0008166,0,0,0.30812140
shopper_0008167,1,0,0.41767207
shopper_0008168,0,0,0.53015607
shopper_0008169,0,0,0.38485128
shopper_0008170,0,0,0.37599894
shopper_0008171,0,0,0.27953257
shopper_0008172,0,0,0.27672524
shopper_0008173,0,0,0.52084847
shopper_0008174,0,1,0.81449528
shopper_0008175,1,0,0.29220101
shopper_0008176,1,0,0.18062782
shopper_0008177,0,0,0.10632359
shopper_0008178,0,0,0.29183542
shopper_0008179,1,0,0.29257681
shopper_0008180,0,0,0.34018105
shopper_0008181,0,0,0.74138841
shopper_0008182,1,0,0.12850314
shopper_0008183,1,0,0.60563039
shopper_0008184,1,0,0.53861659
shopper_0008185,1,0,0.47914961
shopper_0008186,1,0,0.35950045
shopper_0008187,1,0,0.58681898
shopper_0008188,0,1,0.59121390
shopper_0008189,0,0,0.27483614
shopper_0008190,1,0,0.88872650
shopper_0008191,1,0,0.10813631
shopper_0008192,0,1,0.61245771
shopper_0008193,0,0,0.71646493
shopper_0008194,0,1,0.88603384
shopper_0008195,1,0,0.33828956
shopper_0008196,1,0,0.70862386
shopper_0008197,1,0,0.99163144
shopper_0008198,1,0,0.60276965
shopper_0008199,0,0,0.90318233
shopper_0008200,0,0,0.38233781
shopper_0008201,1,0,0.53950904
shopper_0008202,1,0,0.19436132
shopper_0008203,1,0,0.47328530
shopper_0008204,1,1,0.56675634
shopper_0008205,1,0,0.60200460
shopper_0008206,1,0,0.52835958
shopper_0008207,1,0,0.21121172
shopper_0008208,1,0,0.12289235
shopper_0008209,1,0,0.37949806
shopper_0008210,0,0,0.62780596
shopper_0008211,1,0,0.68662985
shopper_0008212,0,0,0.67512450
shopper_0008213,1,0,0.57144068
shopper_0008214,0,0,0.32227221
shopper_0008215,0,0,0.35983865
shopper_0008216,0,0,0.14036845
shopper_0008217,1,0,0.27214598
shopper_0008218,0,0,0.56955424
shopper_0008219,0,0,0.83509689
shopper_0008220,1,0,0.20109402
shopper_0008221,0,0,0.76848694
shopper_0008222,1,0,0.30701183
shopper_0008223,1,0,0.38817186
shopper_0008224,1,0,0.81474522
shopper_0008225,1,0,0.50816680
shopper_0008226,1,0,0.25150838
shopper_0008227,0,0,0.30556709
shopper_0008228,0,0,0.88424447
shopper_0008229,1,0,0.30492329
shopper_0008230,1,0,0.52741825
shopper_0008231,0,0,0.40331796
shopper_0008232,0,0,0.18847925
shopper_0008233,1,1,0.63178873
shopper_0008234,0,0,0.60156278
shopper_0008235,0,0,0.26720272
shopper_0008236,1,0,0.43381258
shopper_0008237,1,1,0.81354776
shopper_0008238,1,0,0.83506126
shopper_0008239,1,0,0.50486133
shopper_0008240,0,0,0.46768981
shopper_0008241,0,0,0.38391081
shopper_0008242,0,0,0.78607855
shopper_0008243,1,0,0.37203509
shopper_0008244,1,0,0.57527683
shopper_0008245,0,0,0.41656930
shopper_0008246,0,0,0.40523580
shopper_0008247,0,0,0.60827011
shopper_0008248,0,0,0.34393992
shopper_0008249,0,0,0.66616669
shopper_0008250,1,1,0.62819129
shopper_0008251,1,0,0.56457376
shopper_0008252,0,0,0.48449555
shopper_0008253,0,0,0.20941325
shopper_0008254,1,0,0.30039202
shopper_0008255,0,0,0.71909417
shopper_0008256,0,0,0.85121114
shopper_0008257,0,0,0.67273112
shopper_0008258,1,1,0.82701980
shopper_0008259,0,0,0.52559846
shopper_0008260,0,0,0.09113863
shopper_0008261,1,0,0.87871232
shopper_0008262,0,0,0.70831926
shopper_0008263,0,0,0.71709859
shopper_0008264,1,0,0.01970313
shopper_0008265,0,0,0.57138687
shopper_0008266,1,0,0.76208526
shopper_0008267,1,0,0.73684038
shopper_0008268,0,0,0.52211654
shopper_0008269,1,0,0.29928774
shopper_0008270,0,0,0.33499079
shopper_0008271,0,0,0.33188168
shopper_0008272,1,0,0.78722880
shopper_0008273,0,0,0.46541341
shopper_0008274,1,0,0.79247356
shopper_0008275,1,0,0.76424426
shopper_0008276,0,1,0.47616027
shopper_0008277,0,0,0.85402834
shopper_0008278,1,0,0.46148984
shopper_0008279,0,1,0.65459269
shopper_0008280,1,0,0.35178351
shopper_0008281,1,0,0.10714780
shopper_0008282,1,0,0.88101008
shopper_0008283,0,0,0.51842062
shopper_0008284,0,0,0.71127648
shopper_0008285,0,0,0.06761045
shopper_0008286,1,0,0.69166620
shopper_0008287,0,0,0.90713991
shopper_0008288,0,1,0.15984255
shopper_0008289,1,0,0.66158918
shopper_0008290,1,0,0.36605569
shopper_0008291,0,0,0.22710613
shopper_0008292,1,0,0.58938129
shopper_0008293,1,1,0.56861401
shopper_0008294,1,1,0.54377086
shopper_0008295,1,1,0.72314436
shopper_0008296,0,1,0.74881221
shopper_0008297,1,0,0.34453487
shopper_0008298,1,0,0.71478916
shopper_0008299,1,0,0.57066931
shopper_0008300,1,0,0.56302413
shopper_0008301,0,0,0.81347015
shopper_0008302,1,1,0.21828190
shopper_0008303,0,0,0.23012326
shopper_0008304,0,0,0.41488281
shopper_0008305,0,0,0.63729277
shopper_0008306,0,0,0.34627757
shopper_0008307,1,0,0.45301574
shopper_0008308,1,0,0.42279622
shopper_0008309,0,0,0.57546509
shopper_0008310,1,1,0.61237425
shopper_0008311,0,0,0.50242839
shopper_0008312,1,0,0.73522271
shopper_0008313,1,0,0.10088145
shopper_0008314,1,0,0.32758103
shopper_0008315,1,0,0.42464402
shopper_0008316,1,0,0.43489059
shopper_0008317,0,0,0.78150512
shopper_0008318,0,0,0.40840223
shopper_0008319,0,0,0.71720765
shopper_0008320,0,0,0.15585264
shopper_0008321,1,0,0.48670241
shopper_0008322,1,0,0.68703431
shopper_0008323,1,0,0.80678385
shopper_0008324,0,0,0.94365021
shopper_0008325,1,0,0.11439863
shopper_0008326,0,0,0.53116856
shopper_0008327,1,0,0.18997464
shopper_0008328,0,0,0.69742854
shopper_0008329,1,0,0.17490571
shopper_0008330,1,0,0.16603048
shopper_0008331,0,0,0.46460101
shopper_0008332,0,0,0.26717334
shopper_0008333,0,0,0.73360368
shopper_0008334,0,0,0.60431670
shopper_0008335,0,0,0.17074409
shopper_0008336,0,0,0.49620391
shopper_0008337,0,0,0.63162750
shopper_0008338,0,0,0.69249345
shopper_0008339,0,0,0.17325156
shopper_0008340,0,0,0.29935720
shopper_0008341,1,1,0.40556977
shopper_0008342,1,0,0.67616802
shopper_0008343,0,0,0.27287853
shopper_0008344,0,0,0.05952188
shopper_0008345,0,1,0.67540823
shopper_0008346,1,0,0.50494578
shopper_0008347,0,0,0.77931980
shopper_0008348,0,0,0.60316516
shopper_0008349,0,0,0.82436054
shopper_0008350,0,0,0.09238160
shopper_0008351,0,0,0.75672555
shopper_0008352,0,0,0.61008057
shopper_0008353,1,1,0.47582994
shopper_0008354,1,0,0.60691780
shopper_0008355,0,0,0.16307388
shopper_0008356,0,0,0.41757706
shopper_0008357,1,0,0.52482109
shopper_0008358,1,0,0.27786735
shopper_0008359,0,0,0.59427747
shopper_0008360,1,0,0.44361697
shopper_0008361,1,0,0.65057758
shopper_0008362,1,0,0.64458023
shopper_0008363,1,0,0.39391736
shopper_0008364,1,1,0.63302095
shopper_0008365,0,0,0.49393363
shopper_0008366,0,1,0.48370026
shopper_0008367,0,0,0.61168567
shopper_0008368,1,0,0.10646529
shopper_0008369,0,0,0.51600072
shopper_0008370,1,0,0.85217883
shopper_0008371,1,1,0.46968943
shopper_0008372,0,0,0.69588787
shopper_0008373,0,0,0.67628002
shopper_0008374,1,0,0.43723062
shopper_0008375,0,0,0.71437984
shopper_0008376,1,0,0.68756518
shopper_0008377,0,0,0.31979746
shopper_0008378,1,1,0.35512741
shopper_0008379,1,0,0.82316948
shopper_0008380,1,0,0.34268415
shopper_0008381,0,0,0.74817409
shopper_0008382,1,0,0.39646180
shopper_0008383,0,0,0.81242075
shopper_0008384,1,0,0.05232310
shopper_0008385,1,0,0.53082445
shopper_0008386,1,0,0.59060637
shopper_0008387,0,1,0.68589295
shopper_0008388,1,0,0.58716098
shopper_0008389,0,1,0.47989411
shopper_0008390,0,0,0.39109288
shopper_0008391,1,0,0.93610505
shopper_0008392,0,0,0.37997876
shopper_0008393,1,0,0.65312948
shopper_0008394,1,0,0.70303642
shopper_0008395,1,0,0.15337931
shopper_0008396,1,0,0.17470534
shopper_0008397,0,0,0.58643037
shopper_0008398,1,0,0.86003161
shopper_0008399,1,0,0.49481361
shopper_0008400,0,0,0.52277733
shopper_0008401,1,0,0.78689060
shopper_0008402,1,0,0.57628451
shopper_0008403,0,0,0.79403552
shopper_0008404,0,0,0.78211041
shopper_0008405,0,0,0.63538457
shopper_0008406,0,0,0.13132215
shopper_0008407,1,0,0.53314838
shopper_0008408,1,0,0.39503489
shopper_0008409,0,0,0.36559476
shopper_0008410,0,0,0.69324941
shopper_0008411,1,1,0.50363767
shopper_0008412,1,0,0.47084260
shopper_0008413,1,0,0.15541440
shopper_0008414,1,0,0.80352813
shopper_0008415,1,0,0.06759720
shopper_0008416,1,0,0.35761422
shopper_0008417,1,0,0.29816543
shopper_0008418,0,0,0.31746696
shopper_0008419,0,0,0.86426984
shopper_0008420,0,1,0.68349760
shopper_0008421,0,0,0.30021507
shopper_0008422,1,0,0.21218053
shopper_0008423,0,0,0.31502453
shopper_0008424,1,0,0.72690593
shopper_0008425,0,0,0.60517667
shopper_0008426,1,1,0.74463612
shopper_0008427,0,0,0.22893278
shopper_0008428,1,0,0.24517973
shopper_0008429,0,0,0.45961431
shopper_0008430,0,0,0.31139499
shopper_0008431,1,0,0.44471330
shopper_0008432,1,0,0.69657439
shopper_0008433,1,0,0.78128352
shopper_0008434,0,0,0.57359687
shopper_0008435,0,0,0.55005519
shopper_0008436,0,0,0.26694380
shopper_0008437,1,0,0.74916730
shopper_0008438,0,0,0.74758004
shopper_0008439,1,1,0.31614474
shopper_0008440,1,0,0.69679506
shopper_0008441,0,0,0.08142349
shopper_0008442,0,0,0.51762082
shopper_0008443,1,0,0.63783826
shopper_0008444,0,0,0.34938857
shopper_0008445,0,0,0.73909048
shopper_0008446,0,0,0.40235507
shopper_0008447,1,1,0.33641506
shopper_0008448,1,0,0.59648486
shopper_0008449,1,0,0.67504180
shopper_0008450,1,0,0.69003225
shopper_0008451,0,0,0.74110296
shopper_0008452,0,0,0.42689874
shopper_0008453,1,0,0.36969194
shopper_0008454,1,1,0.29894785
shopper_0008455,0,0,0.09199654
shopper_0008456,0,0,0.62583344
shopper_0008457,0,0,0.68876341
shopper_0008458,0,0,0.55353165
shopper_0008459,0,0,0.12048344
shopper_0008460,0,0,0.19457333
shopper_0008461,1,0,0.84304171
shopper_0008462,1,0,0.30721498
shopper_0008463,0,0,0.23733249
shopper_0008464,1,0,0.55907723
shopper_0008465,1,0,0.83642176
shopper_0008466,0,0,0.35223255
shopper_0008467,0,0,0.77894204
shopper_0008468,1,0,0.12776207
shopper_0008469,0,0,0.83454077
shopper_0008470,1,1,0.38896304
shopper_0008471,0,0,0.19722103
shopper_0008472,0,0,0.38838087
shopper_0008473,0,0,0.25693669
shopper_0008474,1,0,0.39999036
shopper_0008475,1,0,0.56042203
shopper_0008476,1,0,0.68444117
shopper_0008477,1,1,0.88132157
shopper_0008478,0,0,0.27662156
shopper_0008479,0,0,0.87443123
shopper_0008480,0,0,0.05285348
shopper_0008481,1,0,0.41113227
shopper_0008482,1,0,0.64746639
shopper_0008483,0,1,0.63387760
shopper_0008484,1,0,0.43924936
shopper_0008485,1,1,0.67970839
shopper_0008486,0,0,0.99163851
shopper_0008487,0,0,0.40795400
shopper_0008488,1,0,0.68566283
shopper_0008489,1,0,0.47432071
shopper_0008490,0,0,0.56783532
shopper_0008491,0,0,0.18667964
shopper_0008492,0,0,0.45664319
shopper_0008493,0,0,0.59422401
shopper_0008494,1,0,0.62189024
shopper_0008495,1,0,0.42471259
shopper_0008496,0,0,0.79859261
shopper_0008497,0,0,0.36298466
shopper_0008498,1,0,0.55394919
shopper_0008499,1,0,0.41944183
shopper_0008500,1,0,0.60463909
shopper_0008501,0,1,0.47785119
shopper_0008502,0,1,0.43146195
shopper_0008503,1,1,0.34694789
shopper_0008504,1,1,0.58652014
shopper_0008505,1,0,0.43058905
shopper_0008506,1,1,0.21800511
shopper_0008507,1,0,0.36378839
shopper_0008508,0,1,0.38242791
shopper_0008509,0,0,0.53990242
shopper_0008510,0,0,0.65852448
shopper_0008511,0,0,0.19205097
shopper_0008512,1,0,0.29133307
shopper_0008513,1,1,0.33188100
shopper_0008514,0,0,0.45418142
shopper_0008515,0,0,0.22048964
shopper_0008516,0,0,0.24183215
shopper_0008517,1,1,0.36279331
shopper_0008518,0,0,0.89374484
shopper_0008519,1,0,0.48685196
shopper_0008520,0,0,0.53626771
shopper_0008521,0,0,0.45572225
shopper_0008522,1,0,0.62349258
shopper_0008523,1,0,0.77181755
shopper_0008524,1,0,0.47064004
shopper_0008525,0,0,0.57598745
shopper_0008526,0,0,0.22844527
shopper_0008527,1,1,0.58418832
shopper_0008528,0,0,0.60507714
shopper_0008529,1,0,0.04130839
shopper_0008530,0,0,0.43284947
shopper_0008531,1,0,0.34393369
shopper_0008532,1,0,0.26983996
shopper_0008533,1,0,0.37299900
shopper_0008534,1,0,0.43285233
shopper_0008535,0,0,0.28153153
shopper_0008536,1,0,0.52524217
shopper_0008537,1,1,0.66452886
shopper_0008538,0,0,0.08399298
shopper_0008539,1,0,0.84530742
shopper_0008540,1,0,0.77548667
shopper_0008541,1,0,0.63129838
shopper_0008542,0,0,0.72485946
shopper_0008543,1,0,0.66268012
shopper_0008544,0,0,0.49951223
shopper_0008545,1,0,0.46503238
shopper_0008546,1,0,0.35198411
shopper_0008547,1,0,0.75467324
shopper_0008548,1,1,0.64440598
shopper_0008549,0,0,0.57715433
shopper_0008550,0,0,0.72168797
shopper_0008551,0,0,0.53464147
shopper_0008552,1,0,0.39557114
shopper_0008553,0,0,0.36594707
shopper_0008554,0,0,0.16195337
shopper_0008555,1,0,0.45578695
shopper_0008556,1,0,0.72992071
shopper_0008557,1,0,0.24765613
shopper_0008558,0,0,0.78156371
shopper_0008559,1,0,0.87338425
shopper_0008560,0,0,0.84537802
shopper_0008561,0,0,0.66571089
shopper_0008562,0,0,0.88793478
shopper_0008563,0,0,0.82197905
shopper_0008564,1,0,0.23361590
shopper_0008565,0,0,0.81407102
shopper_0008566,1,0,0.55804362
shopper_0008567,0,1,0.26422517
shopper_0008568,1,0,0.17358639
shopper_0008569,1,0,0.10358687
shopper_0008570,0,0,0.60864241
shopper_0008571,1,0,0.67458173
shopper_0008572,1,0,0.46424933
shopper_0008573,1,0,0.28501965
shopper_0008574,0,0,0.23441687
shopper_0008575,0,0,0.30429295
shopper_0008576,1,0,0.53773379
shopper_0008577,0,0,0.50275823
shopper_0008578,1,0,0.63417682
shopper_0008579,0,0,0.33015057
shopper_0008580,1,0,0.83669403
shopper_0008581,0,0,0.69486224
shopper_0008582,1,1,0.66407934
shopper_0008583,0,0,0.52075356
shopper_0008584,1,0,0.38426633
shopper_0008585,0,0,0.95647879
shopper_0008586,0,0,0.41999445
shopper_0008587,0,0,0.39819980
shopper_0008588,1,0,0.48121274
shopper_0008589,0,0,0.59097639
shopper_0008590,0,0,0.23497137
shopper_0008591,1,0,0.43321371
shopper_0008592,0,0,0.35803414
shopper_0008593,1,0,0.29051652
shopper_0008594,1,0,0.66598408
shopper_0008595,0,0,0.58804426
shopper_0008596,1,0,0.64160018
shopper_0008597,1,0,0.61626454
shopper_0008598,1,1,0.70659244
shopper_0008599,1,1,0.62064589
shopper_0008600,1,0,0.44930507
shopper_0008601,1,1,0.54466476
shopper_0008602,1,0,0.40093241
shopper_0008603,0,0,0.33079759
shopper_0008604,0,1,0.11173550
shopper_0008605,0,1,0.35810579
shopper_0008606,1,0,0.38123237
shopper_0008607,0,0,0.65090120
shopper_0008608,1,0,0.58452545
shopper_0008609,1,0,0.11427745
shopper_0008610,1,0,0.62556267
shopper_0008611,1,0,0.39248610
shopper_0008612,1,1,0.61802954
shopper_0008613,0,0,0.75597589
shopper_0008614,0,0,0.69955907
shopper_0008615,1,0,0.25738980
shopper_0008616,0,0,0.45986922
shopper_0008617,1,0,0.07965442
shopper_0008618,1,0,0.58117989
shopper_0008619,0,0,0.27975820
shopper_0008620,1,0,0.65195957
shopper_0008621,1,1,0.41494056
shopper_0008622,1,0,0.18021959
shopper_0008623,1,0,0.44540443
shopper_0008624,0,0,0.31263691
shopper_0008625,0,0,0.30588368
shopper_0008626,1,0,0.31764859
shopper_0008627,0,0,0.43651833
shopper_0008628,1,0,0.87255145
shopper_0008629,1,0,0.62980245
shopper_0008630,0,0,0.54885359
shopper_0008631,0,0,0.81601185
shopper_0008632,0,0,0.39672928
shopper_0008633,0,0,0.51281306
shopper_0008634,0,0,0.55797488
shopper_0008635,0,0,0.85995707
shopper_0008636,1,0,0.45042707
shopper_0008637,0,0,0.41050686
shopper_0008638,0,0,0.09417517
shopper_0008639,1,0,0.33931633
shopper_0008640,0,0,0.93527040
shopper_0008641,0,0,0.55500105
shopper_0008642,1,0,0.27641337
shopper_0008643,0,0,0.10806076
shopper_0008644,0,0,0.19804830
shopper_0008645,1,0,0.57352824
shopper_0008646,1,0,0.61471686
shopper_0008647,0,0,0.28628635
shopper_0008648,0,0,0.53278227
shopper_0008649,1,0,0.56230318
shopper_0008650,1,0,0.90827943
shopper_0008651,1,0,0.19065975
shopper_0008652,0,0,0.76763543
shopper_0008653,1,1,0.54192209
shopper_0008654,0,0,0.46859983
shopper_0008655,1,0,0.32500012
shopper_0008656,1,0,0.09517224
shopper_0008657,0,0,0.33071743
shopper_0008658,0,0,0.26238871
shopper_0008659,1,0,0.14237543
shopper_0008660,0,0,0.43972986
shopper_0008661,0,0,0.66600179
shopper_0008662,0,0,0.76631071
shopper_0008663,1,0,0.66254629
shopper_0008664,1,0,0.69387149
shopper_0008665,1,0,0.50052664
shopper_0008666,0,0,0.39787821
shopper_0008667,0,1,0.31544042
shopper_0008668,1,1,0.52305113
shopper_0008669,1,0,0.78937711
shopper_0008670,0,0,0.14928796
shopper_0008671,0,0,0.23186745
shopper_0008672,1,0,0.83825562
shopper_0008673,0,0,0.75883422
shopper_0008674,0,0,0.27539913
shopper_0008675,1,0,0.49764100
shopper_0008676,0,0,0.52890568
shopper_0008677,0,0,0.81969048
shopper_0008678,1,0,0.41374149
shopper_0008679,0,0,0.82227151
shopper_0008680,1,0,0.81086972
shopper_0008681,1,0,0.62294493
shopper_0008682,1,0,0.69845682
shopper_0008683,0,0,0.31910174
shopper_0008684,0,0,0.54287483
shopper_0008685,0,0,0.66401695
shopper_0008686,0,0,0.07092309
shopper_0008687,1,1,0.33833626
shopper_0008688,1,0,0.70442004
shopper_0008689,1,0,0.55285157
shopper_0008690,1,0,0.51354636
shopper_0008691,0,0,0.17455319
shopper_0008692,1,0,0.59761069
shopper_0008693,1,1,0.39706106
shopper_0008694,0,0,0.40956220
shopper_0008695,1,0,0.05527257
shopper_0008696,0,0,0.30324126
shopper_0008697,0,0,0.15116579
shopper_0008698,0,0,0.12489586
shopper_0008699,0,0,0.53553503
shopper_0008700,1,0,0.83541283
shopper_0008701,1,0,0.38703872
shopper_0008702,0,0,0.38530058
shopper_0008703,0,0,0.44212478
shopper_0008704,0,1,0.85294793
shopper_0008705,0,0,0.16890258
shopper_0008706,0,0,0.53904968
shopper_0008707,1,0,0.51974381
shopper_0008708,0,0,0.40307938
shopper_0008709,1,1,0.39529252
shopper_0008710,1,0,0.35538737
shopper_0008711,1,0,0.68511334
shopper_0008712,0,0,0.72369367
shopper_0008713,0,0,0.45819047
shopper_0008714,1,0,0.28404591
shopper_0008715,0,0,0.33549360
shopper_0008716,1,0,0.42896782
shopper_0008717,0,0,0.67176683
shopper_0008718,0,0,0.57708599
shopper_0008719,0,0,0.30221947
shopper_0008720,1,0,0.58123396
shopper_0008721,1,0,0.21976654
shopper_0008722,1,0,0.71507809
shopper_0008723,1,0,0.13721630
shopper_0008724,0,0,0.84290879
shopper_0008725,0,0,0.28910366
shopper_0008726,1,0,0.37120909
shopper_0008727,0,0,0.26681691
shopper_0008728,1,0,0.27126877
shopper_0008729,0,0,0.17725964
shopper_0008730,0,0,0.44893195
shopper_0008731,0,0,0.28604586
shopper_0008732,0,0,0.85031262
shopper_0008733,0,0,0.40864058
shopper_0008734,1,0,0.84352408
shopper_0008735,1,0,0.34607199
shopper_0008736,1,0,0.43656716
shopper_0008737,0,0,0.31490269
shopper_0008738,0,0,0.58360783
shopper_0008739,1,0,0.54729284
shopper_0008740,1,0,0.77906420
shopper_0008741,1,1,0.58862520
shopper_0008742,1,0,0.55971866
shopper_0008743,1,0,0.20442322
shopper_0008744,0,0,0.50356307
shopper_0008745,0,0,0.76077884
shopper_0008746,1,1,0.48666305
shopper_0008747,0,0,0.69972815
shopper_0008748,0,0,0.06618113
shopper_0008749,0,0,0.25231500
shopper_0008750,0,0,0.55695754
shopper_0008751,0,0,0.51582804
shopper_0008752,0,0,0.78997205
shopper_0008753,1,0,0.26306593
shopper_0008754,0,0,0.63062031
shopper_0008755,1,0,0.61143508
shopper_0008756,1,0,0.55930083
shopper_0008757,0,0,0.68404767
shopper_0008758,1,0,0.54503050
shopper_0008759,0,0,0.63927293
shopper_0008760,1,0,0.38649095
shopper_0008761,0,0,0.79213251
shopper_0008762,0,1,0.59440175
shopper_0008763,0,0,0.44850246
shopper_0008764,0,0,0.55581371
shopper_0008765,1,0,0.33093919
shopper_0008766,1,0,0.30333182
shopper_0008767,1,0,0.51993656
shopper_0008768,0,0,0.51535737
shopper_0008769,1,0,0.43959184
shopper_0008770,1,0,0.66110031
shopper_0008771,0,0,0.54653471
shopper_0008772,1,0,0.31140032
shopper_0008773,1,0,0.41530535
shopper_0008774,0,0,0.15204570
shopper_0008775,1,0,0.71277964
shopper_0008776,1,0,0.31052216
shopper_0008777,1,1,0.90245771
shopper_0008778,1,0,0.49734381
shopper_0008779,1,0,0.87785600
shopper_0008780,0,0,0.19105279
shopper_0008781,1,0,0.33422986
shopper_0008782,1,0,0.61872480
shopper_0008783,0,0,0.21604107
shopper_0008784,1,1,0.39586634
shopper_0008785,1,0,0.55614675
shopper_0008786,0,0,0.11271381
shopper_0008787,0,0,0.78864880
shopper_0008788,0,0,0.70017648
shopper_0008789,1,0,0.06653033
shopper_0008790,1,1,0.45216304
shopper_0008791,0,0,0.27098437
shopper_0008792,1,0,0.86446727
shopper_0008793,1,0,0.74674123
shopper_0008794,0,0,0.54439690
shopper_0008795,1,0,0.74019359
shopper_0008796,0,0,0.75564670
shopper_0008797,1,0,0.81134275
shopper_0008798,0,0,0.64183812
shopper_0008799,1,0,0.18186171
shopper_0008800,0,0,0.33416130
shopper_0008801,1,0,0.26742814
shopper_0008802,1,0,0.38745692
shopper_0008803,1,0,0.43785405
shopper_0008804,0,0,0.29502772
shopper_0008805,1,0,0.38415984
shopper_0008806,1,0,0.42071859
shopper_0008807,0,0,0.27255380
shopper_0008808,1,0,0.59592266
shopper_0008809,0,0,0.52253561
shopper_0008810,1,0,0.29224063
shopper_0008811,0,0,0.51151980
shopper_0008812,1,0,0.44390130
shopper_0008813,1,0,0.51910483
shopper_0008814,1,0,0.84884414
shopper_0008815,1,0,0.46141444
shopper_0008816,1,0,0.31811424
shopper_0008817,1,0,0.57884732
shopper_0008818,1,0,0.75894932
shopper_0008819,0,0,0.75718476
shopper_0008820,0,0,0.71852773
shopper_0008821,0,0,0.13347301
shopper_0008822,1,0,0.52534376
shopper_0008823,0,0,0.67503799
shopper_0008824,0,0,0.76278117
shopper_0008825,1,0,0.25663711
shopper_0008826,0,0,0.94121090
shopper_0008827,0,0,0.02810358
shopper_0008828,1,0,0.49992925
shopper_0008829,0,0,0.39733015
shopper_0008830,1,0,0.22506085
shopper_0008831,1,0,0.65233495
shopper_0008832,1,0,0.54492506
shopper_0008833,1,0,0.51472918
shopper_0008834,0,0,0.72153832
shopper_0008835,0,0,0.55754870
shopper_0008836,1,0,0.77515294
shopper_0008837,1,0,0.45663611
shopper_0008838,0,0,0.74804696
shopper_0008839,0,0,0.78705529
shopper_0008840,1,0,0.45382136
shopper_0008841,0,0,0.12903283
shopper_0008842,1,0,0.63746257
shopper_0008843,0,0,0.02625562
shopper_0008844,0,0,0.43671339
shopper_0008845,1,0,0.80618950
shopper_0008846,1,0,0.49966915
shopper_0008847,1,0,0.73917694
shopper_0008848,1,0,0.64549693
shopper_0008849,0,0,0.61208765
shopper_0008850,1,0,0.49612104
shopper_0008851,0,0,0.55843742
shopper_0008852,0,0,0.78832100
shopper_0008853,1,0,0.82144783
shopper_0008854,0,0,0.18745616
shopper_0008855,1,0,0.40394343
shopper_0008856,0,0,0.61050574
shopper_0008857,0,0,0.48931792
shopper_0008858,0,0,0.77945201
shopper_0008859,0,0,0.38963769
shopper_0008860,0,0,0.13336159
shopper_0008861,1,1,0.18386249
shopper_0008862,1,0,0.12352847
shopper_0008863,0,0,0.31961137
shopper_0008864,0,0,0.69727110
shopper_0008865,1,0,0.47525485
shopper_0008866,1,0,0.63209126
shopper_0008867,0,0,0.61820849
shopper_0008868,1,0,0.36593689
shopper_0008869,0,0,0.52782375
shopper_0008870,0,0,0.17817950
shopper_0008871,1,1,0.33044517
shopper_0008872,0,0,0.42019764
shopper_0008873,1,0,0.19287410
shopper_0008874,0,0,0.25370540
shopper_0008875,0,0,0.69799749
shopper_0008876,1,0,0.37344490
shopper_0008877,0,0,0.28783518
shopper_0008878,1,0,0.76807883
shopper_0008879,1,0,0.62167998
shopper_0008880,1,0,0.45307818
shopper_0008881,0,1,0.58158050
shopper_0008882,0,0,0.25478275
shopper_0008883,1,0,0.55741841
shopper_0008884,1,0,0.58593770
shopper_0008885,1,0,0.73687938
shopper_0008886,1,0,0.34249674
shopper_0008887,0,0,0.35644244
shopper_0008888,1,0,0.87886602
shopper_0008889,1,0,0.55738066
shopper_0008890,1,0,0.69142769
shopper_0008891,0,0,0.18111848
shopper_0008892,1,0,0.12615646
shopper_0008893,0,1,0.69266415
shopper_0008894,0,0,0.28923146
shopper_0008895,1,0,0.71353620
shopper_0008896,0,0,0.56655850
shopper_0008897,0,0,0.32286004
shopper_0008898,1,0,0.54295921
shopper_0008899,0,0,0.39272356
shopper_0008900,0,1,0.79336627
shopper_0008901,1,0,0.97941425
shopper_0008902,0,0,0.42428924
shopper_0008903,1,0,0.18089050
shopper_0008904,0,0,0.40109876
shopper_0008905,1,0,0.27919867
shopper_0008906,1,0,0.35128723
shopper_0008907,0,0,0.72626858
shopper_0008908,1,0,0.72630343
shopper_0008909,1,0,0.90196585
shopper_0008910,0,0,0.34374560
shopper_0008911,0,1,0.95087400
shopper_0008912,1,0,0.23746832
shopper_0008913,1,0,0.28616855
shopper_0008914,0,0,0.39493190
shopper_0008915,0,0,0.72107046
shopper_0008916,0,0,0.13257782
shopper_0008917,0,0,0.83447682
shopper_0008918,1,0,0.71204331
shopper_0008919,0,0,0.18355398
shopper_0008920,1,0,0.67762541
shopper_0008921,0,0,0.33784589
shopper_0008922,1,1,0.39975025
shopper_0008923,1,0,0.66776052
shopper_0008924,1,0,0.47734576
shopper_0008925,0,0,0.71532737
shopper_0008926,1,0,0.29286507
shopper_0008927,0,1,0.66818380
shopper_0008928,0,0,0.28228067
shopper_0008929,0,0,0.76839094
shopper_0008930,0,1,0.23244424
shopper_0008931,1,0,0.58144993
shopper_0008932,0,0,0.48178966
shopper_0008933,0,0,0.73268146
shopper_0008934,0,0,0.19838439
shopper_0008935,0,0,0.16471717
shopper_0008936,0,1,0.82027866
shopper_0008937,0,0,0.80365520
shopper_0008938,1,0,0.44759215
shopper_0008939,1,0,0.65944359
shopper_0008940,1,1,0.15689886
shopper_0008941,1,0,0.37728146
shopper_0008942,0,0,0.16704601
shopper_0008943,0,0,0.92067722
shopper_0008944,0,0,0.37693384
shopper_0008945,1,0,0.89339679
shopper_0008946,1,1,0.42026883
shopper_0008947,1,1,0.33292953
shopper_0008948,0,0,0.77290617
shopper_0008949,1,1,0.29023534
shopper_0008950,0,0,0.49957145
shopper_0008951,0,0,0.85944339
shopper_0008952,1,0,0.48334658
shopper_0008953,1,1,0.67384604
shopper_0008954,0,0,0.12704998
shopper_0008955,1,1,0.71010708
shopper_0008956,0,1,0.65500571
shopper_0008957,0,0,0.12955206
shopper_0008958,0,0,0.39053134
shopper_0008959,1,0,0.50227576
shopper_0008960,0,0,0.35139624
shopper_0008961,0,0,0.52085363
shopper_0008962,0,0,0.53777252
shopper_0008963,0,0,0.74857138
shopper_0008964,1,0,0.31657978
shopper_0008965,0,0,0.49249925
shopper_0008966,0,0,0.70613486
shopper_0008967,1,0,0.74098392
shopper_0008968,0,0,0.11773667
shopper_0008969,1,0,0.35677433
shopper_0008970,0,0,0.64566385
shopper_0008971,0,0,0.38738060
shopper_0008972,1,0,0.40481242
shopper_0008973,0,1,0.60216895
shopper_0008974,0,0,0.47363038
shopper_0008975,0,0,0.87018348
shopper_0008976,0,0,0.78958913
shopper_0008977,0,0,0.81510518
shopper_0008978,1,0,0.69169589
shopper_0008979,1,0,0.08203216
shopper_0008980,0,0,0.22903622
shopper_0008981,0,0,0.64050893
shopper_0008982,1,1,0.63887919
shopper_0008983,0,0,0.81773494
shopper_0008984,0,0,0.18141926
shopper_0008985,0,0,0.40389468
shopper_0008986,0,0,0.65514248
shopper_0008987,0,0,0.39941563
shopper_0008988,0,0,0.11450373
shopper_0008989,0,0,0.63774621
shopper_0008990,1,0,0.36500277
shopper_0008991,1,1,0.53593632
shopper_0008992,0,0,0.26807365
shopper_0008993,0,0,0.18438397
shopper_0008994,1,0,0.05348343
shopper_0008995,0,0,0.35306283
shopper_0008996,1,0,0.28923021
shopper_0008997,0,0,0.86196363
shopper_0008998,1,0,0.65000818
shopper_0008999,0,0,0.63808437
shopper_0009000,0,0,0.74205484
shopper_0009001,1,1,0.71486040
shopper_0009002,0,0,0.34307705
shopper_0009003,0,0,0.43851229
shopper_0009004,0,0,0.49889912
shopper_0009005,1,0,0.52569509
shopper_0009006,1,0,0.30611230
shopper_0009007,1,0,0.04777838
shopper_0009008,1,1,0.81853292
shopper_0009009,1,0,0.63951874
shopper_0009010,0,0,0.49306057
shopper_0009011,0,0,0.57474673
shopper_0009012,0,0,0.73830667
shopper_0009013,1,0,0.91517324
shopper_0009014,1,0,0.69662861
shopper_0009015,1,0,0.41934554
shopper_0009016,0,0,0.73782273
shopper_0009017,0,0,0.54090947
shopper_0009018,1,0,0.27458915
shopper_0009019,1,0,0.63933895
shopper_0009020,0,0,0.14094837
shopper_0009021,1,0,0.78584483
shopper_0009022,1,1,0.76777444
shopper_0009023,0,0,0.35902365
shopper_0009024,1,0,0.50169595
shopper_0009025,1,0,0.48758179
shopper_0009026,1,0,0.37656902
shopper_0009027,0,0,0.46081422
shopper_0009028,0,0,0.68298639
shopper_0009029,0,0,0.43576815
shopper_0009030,1,0,0.72120131
shopper_0009031,0,0,0.31875933
shopper_0009032,1,0,0.46933367
shopper_0009033,1,0,0.62844854
shopper_0009034,1,0,0.42614923
shopper_0009035,0,0,0.51005275
shopper_0009036,0,0,0.53901907
shopper_0009037,1,0,0.57346452
shopper_0009038,0,0,0.88424342
shopper_0009039,1,0,0.47389765
shopper_0009040,1,0,0.85220766
shopper_0009041,0,0,0.84382005
shopper_0009042,1,0,0.33890524
shopper_0009043,0,0,0.30794487
shopper_0009044,0,1,0.58113985
shopper_0009045,0,0,0.26774365
shopper_0009046,0,0,0.86633368
shopper_0009047,0,0,0.64570214
shopper_0009048,0,0,0.47952145
shopper_0009049,0,0,0.51707793
shopper_0009050,1,0,0.86384262
shopper_0009051,1,0,0.66782467
shopper_0009052,1,0,0.74538728
shopper_0009053,0,0,0.51997174
shopper_0009054,1,0,0.90382418
shopper_0009055,1,0,0.16767068
shopper_0009056,0,0,0.31044581
shopper_0009057,0,0,0.64812941
shopper_0009058,1,0,0.61268042
shopper_0009059,1,0,0.53394648
shopper_0009060,1,0,0.43372068
shopper_0009061,0,1,0.36964975
shopper_0009062,0,0,0.31229744
shopper_0009063,0,1,0.63939709
shopper_0009064,0,0,0.30942271
shopper_0009065,0,0,0.56001953
shopper_0009066,0,1,0.38389405
shopper_0009067,1,1,0.63560456
shopper_0009068,0,0,0.18003510
shopper_0009069,1,0,0.55934331
shopper_0009070,1,0,0.64339349
shopper_0009071,0,0,0.15975981
shopper_0009072,0,0,0.77813390
shopper_0009073,0,0,0.51359206
shopper_0009074,0,0,0.74348641
shopper_0009075,1,0,0.90418497
shopper_0009076,0,0,0.79148610
shopper_0009077,1,0,0.61965641
shopper_0009078,1,0,0.25256465
shopper_0009079,0,1,0.64422236
shopper_0009080,0,0,0.50052768
shopper_0009081,0,0,0.44018238
shopper_0009082,0,0,0.34863411
shopper_0009083,1,0,0.68026470
shopper_0009084,0,0,0.30501587
shopper_0009085,0,0,0.09799334
shopper_0009086,0,0,0.59391868
shopper_0009087,1,0,0.83075810
shopper_0009088,0,0,0.56556067
shopper_0009089,1,0,0.69395245
shopper_0009090,0,0,0.39712873
shopper_0009091,0,0,0.43852876
shopper_0009092,1,0,0.54048661
shopper_0009093,1,0,0.50452579
shopper_0009094,0,0,0.60458038
shopper_0009095,0,0,0.22765243
shopper_0009096,1,0,0.19282090
shopper_0009097,0,0,0.63963178
shopper_0009098,1,1,0.65938374
shopper_0009099,0,0,0.79183613
shopper_0009100,1,0,0.77254333
shopper_0009101,1,0,0.20776565
shopper_0009102,1,0,0.81205047
shopper_0009103,1,0,0.25077969
shopper_0009104,0,0,0.55759171
shopper_0009105,0,0,0.61647987
shopper_0009106,0,0,0.82353408
shopper_0009107,0,1,0.72832176
shopper_0009108,0,0,0.28598370
shopper_0009109,1,0,0.67628038
shopper_0009110,1,0,0.16983581
shopper_0009111,0,1,0.63231949
shopper_0009112,0,0,0.34154123
shopper_0009113,1,1,0.34018323
shopper_0009114,0,0,0.87994110
shopper_0009115,0,0,0.17328801
shopper_0009116,0,0,0.41898753
shopper_0009117,1,0,0.80296050
shopper_0009118,0,0,0.38603513
shopper_0009119,1,0,0.85661359
shopper_0009120,1,1,0.85990189
shopper_0009121,0,0,0.88351481
shopper_0009122,1,0,0.52622810
shopper_0009123,0,0,0.80465434
shopper_0009124,0,0,0.56201052
shopper_0009125,1,0,0.10305690
shopper_0009126,0,0,0.23873417
shopper_0009127,1,0,0.59016637
shopper_0009128,1,0,0.58515541
shopper_0009129,0,0,0.13469570
shopper_0009130,1,0,0.26920181
shopper_0009131,1,0,0.53766538
shopper_0009132,1,0,0.39146783
shopper_0009133,0,0,0.42067956
shopper_0009134,0,0,0.28452469
shopper_0009135,0,0,0.66576715
shopper_0009136,0,0,0.86156184
shopper_0009137,0,1,0.48843737
shopper_0009138,1,0,0.05347088
shopper_0009139,1,0,0.16533360
shopper_0009140,0,0,0.57414242
shopper_0009141,0,0,0.53476853
shopper_0009142,1,0,0.43938045
shopper_0009143,0,0,0.45540181
shopper_0009144,1,0,0.79158533
shopper_0009145,1,0,0.52591189
shopper_0009146,0,0,0.24994991
shopper_0009147,1,0,0.92950312
shopper_0009148,0,0,0.49455947
shopper_0009149,1,0,0.20247208
shopper_0009150,1,0,0.64776036
shopper_0009151,0,0,0.71697730
shopper_0009152,1,0,0.73225333
shopper_0009153,0,1,0.85353378
shopper_0009154,1,0,0.84297355
shopper_0009155,0,0,0.24239306
shopper_0009156,0,0,0.85810841
shopper_0009157,0,0,0.09918486
shopper_0009158,0,0,0.17151886
shopper_0009159,1,1,0.99380736
shopper_0009160,1,0,0.31100767
shopper_0009161,1,0,0.71802970
shopper_0009162,0,0,0.74130467
shopper_0009163,1,0,0.51099071
shopper_0009164,1,0,0.49252582
shopper_0009165,1,0,0.51638246
shopper_0009166,0,0,0.54544747
shopper_0009167,0,0,0.05713681
shopper_0009168,1,0,0.61010309
shopper_0009169,1,0,0.09257237
shopper_0009170,1,0,0.69384013
shopper_0009171,0,0,0.37783669
shopper_0009172,0,0,0.67837552
shopper_0009173,0,0,0.44269445
shopper_0009174,0,1,0.27764126
shopper_0009175,1,0,0.40760853
shopper_0009176,1,0,0.11085214
shopper_0009177,0,0,0.08959938
shopper_0009178,1,0,0.53562185
shopper_0009179,0,0,0.81776355
shopper_0009180,1,0,0.69238072
shopper_0009181,1,1,0.19251781
shopper_0009182,1,0,0.90910240
shopper_0009183,0,0,0.44364183
shopper_0009184,0,0,0.80788190
shopper_0009185,0,0,0.62045475
shopper_0009186,0,1,0.18595090
shopper_0009187,0,1,0.61535756
shopper_0009188,0,0,0.43101122
shopper_0009189,0,0,0.27564804
shopper_0009190,1,1,0.54425290
shopper_0009191,0,1,0.37146919
shopper_0009192,0,1,0.40510922
shopper_0009193,1,0,0.35323283
shopper_0009194,1,0,0.27639125
shopper_0009195,0,0,0.62589355
shopper_0009196,1,0,0.83541262
shopper_0009197,0,0,0.49582367
shopper_0009198,0,0,0.57388675
shopper_0009199,0,0,0.87085751
shopper_0009200,0,0,0.47138372
shopper_0009201,1,0,0.25171743
shopper_0009202,0,0,0.90253304
shopper_0009203,1,0,0.50600112
shopper_0009204,0,0,0.94851624
shopper_0009205,0,1,0.35254355
shopper_0009206,1,0,0.76920014
shopper_0009207,1,0,0.10310929
shopper_0009208,1,0,0.34136217
shopper_0009209,1,0,0.64697226
shopper_0009210,1,0,0.27649998
shopper_0009211,0,0,0.65065748
shopper_0009212,1,0,0.55643756
shopper_0009213,0,0,0.44739285
shopper_0009214,0,0,0.31991748
shopper_0009215,1,0,0.27712984
shopper_0009216,0,0,0.70647657
shopper_0009217,0,0,0.33570550
shopper_0009218,1,0,0.50986717
shopper_0009219,1,1,0.36414687
shopper_0009220,0,0,0.66928311
shopper_0009221,1,0,0.89302160
shopper_0009222,1,0,0.53809618
shopper_0009223,1,0,0.42535362
shopper_0009224,1,0,0.26479120
shopper_0009225,0,0,0.11741468
shopper_0009226,1,0,0.21725357
shopper_0009227,0,0,0.37042331
shopper_0009228,1,1,0.28944565
shopper_0009229,1,0,0.79521894
shopper_0009230,1,0,0.56012299
shopper_0009231,1,0,0.64978040
shopper_0009232,1,0,0.38326180
shopper_0009233,0,0,0.63156517
shopper_0009234,0,0,0.48424317
shopper_0009235,1,1,0.43655865
shopper_0009236,1,0,0.12456878
shopper_0009237,0,0,0.52100798
shopper_0009238,0,0,0.67928121
shopper_0009239,0,0,0.31153392
shopper_0009240,1,0,0.27475133
shopper_0009241,1,0,0.46311064
shopper_0009242,1,0,0.27255779
shopper_0009243,1,0,0.45097224
shopper_0009244,0,0,0.58230272
shopper_0009245,1,0,0.42883496
shopper_0009246,0,0,0.54045123
shopper_0009247,1,1,0.91927262
shopper_0009248,0,0,0.65795111
shopper_0009249,0,1,0.36995955
shopper_0009250,1,0,0.55078837
shopper_0009251,1,0,0.35581644
shopper_0009252,1,0,0.18643099
shopper_0009253,1,0,0.47133301
shopper_0009254,1,0,0.63147025
shopper_0009255,1,0,0.61762667
shopper_0009256,1,0,0.60110501
shopper_0009257,1,1,0.95692995
shopper_0009258,0,0,0.42583447
shopper_0009259,0,0,0.33667881
shopper_0009260,1,0,0.56931336
shopper_0009261,0,0,0.47742188
shopper_0009262,1,0,0.56839466
shopper_0009263,1,0,0.64070616
shopper_0009264,1,1,0.16284352
shopper_0009265,0,0,0.29586700
shopper_0009266,1,0,0.12469925
shopper_0009267,1,0,0.55804248
shopper_0009268,1,0,0.24435892
shopper_0009269,1,1,0.59238454
shopper_0009270,1,0,0.35860951
shopper_0009271,1,1,0.59343783
shopper_0009272,0,0,0.86049334
shopper_0009273,1,0,0.16124991
shopper_0009274,0,0,0.43382335
shopper_0009275,1,0,0.16988152
shopper_0009276,0,0,0.41436645
shopper_0009277,1,0,0.41261895
shopper_0009278,0,0,0.14895614
shopper_0009279,1,0,0.60611772
shopper_0009280,1,0,0.56931681
shopper_0009281,1,0,0.43760643
shopper_0009282,1,0,0.84448411
shopper_0009283,0,0,0.26564783
shopper_0009284,0,0,0.11455328
shopper_0009285,1,0,0.60371357
shopper_0009286,1,0,0.22392764
shopper_0009287,0,0,0.42280026
shopper_0009288,0,0,0.59192699
shopper_0009289,0,0,0.73979022
shopper_0009290,1,0,0.28206447
shopper_0009291,0,0,0.19131398
shopper_0009292,0,0,0.18957825
shopper_0009293,1,0,0.21999906
shopper_0009294,0,0,0.04005219
shopper_0009295,0,0,0.75549666
shopper_0009296,1,0,0.22363848
shopper_0009297,0,0,0.23566580
shopper_0009298,0,0,0.41824525
shopper_0009299,0,0,0.66670435
shopper_0009300,0,1,0.90156758
shopper_0009301,1,0,0.55802352
shopper_0009302,1,0,0.70961711
shopper_0009303,1,0,0.28387838
shopper_0009304,0,0,0.22975445
shopper_0009305,1,0,0.16124487
shopper_0009306,1,0,0.36179251
shopper_0009307,1,0,0.41642620
shopper_0009308,1,0,0.75830916
shopper_0009309,0,0,0.69746381
shopper_0009310,1,0,0.51862535
shopper_0009311,1,0,0.37201596
shopper_0009312,1,0,0.70638246
shopper_0009313,1,1,0.74823319
shopper_0009314,0,1,0.70222137
shopper_0009315,0,0,0.41277605
shopper_0009316,0,0,0.74409554
shopper_0009317,1,0,0.02574994
shopper_0009318,1,0,0.36650141
shopper_0009319,1,0,0.64066692
shopper_0009320,1,1,0.59270568
shopper_0009321,1,0,0.76350473
shopper_0009322,1,0,0.39270497
shopper_0009323,0,0,0.25733651
shopper_0009324,1,0,0.57677006
shopper_0009325,1,0,0.24392586
shopper_0009326,1,0,0.10158199
shopper_0009327,0,1,0.76889553
shopper_0009328,0,1,0.54829611
shopper_0009329,0,0,0.48674784
shopper_0009330,1,0,0.05349478
shopper_0009331,0,0,0.71107455
shopper_0009332,0,0,0.25352510
shopper_0009333,0,0,0.51411184
shopper_0009334,0,0,0.43527253
shopper_0009335,1,0,0.61293939
shopper_0009336,1,0,0.85256570
shopper_0009337,1,0,0.54745096
shopper_0009338,1,0,0.20587934
shopper_0009339,0,0,0.32300805
shopper_0009340,0,0,0.55515143
shopper_0009341,1,0,0.41830514
shopper_0009342,1,0,0.50109789
shopper_0009343,0,0,0.10961440
shopper_0009344,1,0,0.36215686
shopper_0009345,0,0,0.52777147
shopper_0009346,1,0,0.71991212
shopper_0009347,1,0,0.36765012
shopper_0009348,0,0,0.34623065
shopper_0009349,1,0,0.80122976
shopper_0009350,0,0,0.30984635
shopper_0009351,0,0,0.35914425
shopper_0009352,0,0,0.36830451
shopper_0009353,0,0,0.15879362
shopper_0009354,1,0,0.74875540
shopper_0009355,0,0,0.54358858
shopper_0009356,0,0,0.24600408
shopper_0009357,1,0,0.50977051
shopper_0009358,1,0,0.71862492
shopper_0009359,0,0,0.80195744
shopper_0009360,0,0,0.53929642
shopper_0009361,1,0,0.50764054
shopper_0009362,0,0,0.25850205
shopper_0009363,0,0,0.35660071
shopper_0009364,1,1,0.57238924
shopper_0009365,1,0,0.16016836
shopper_0009366,1,0,0.59303265
shopper_0009367,1,0,0.13471250
shopper_0009368,1,0,0.45974517
shopper_0009369,0,0,0.89538525
shopper_0009370,0,0,0.43963789
shopper_0009371,0,0,0.69181331
shopper_0009372,1,1,0.11014103
shopper_0009373,0,0,0.90844301
shopper_0009374,0,0,0.61579666
shopper_0009375,1,0,0.41765293
shopper_0009376,1,0,0.37580532
shopper_0009377,1,0,0.18432576
shopper_0009378,0,0,0.22375266
shopper_0009379,1,0,0.43537200
shopper_0009380,0,0,0.19528714
shopper_0009381,0,0,0.79140700
shopper_0009382,1,1,0.75631903
shopper_0009383,1,0,0.57133057
shopper_0009384,1,0,0.52973789
shopper_0009385,1,0,0.76147329
shopper_0009386,1,0,0.58545899
shopper_0009387,1,0,0.10400532
shopper_0009388,0,0,0.65007002
shopper_0009389,0,0,0.58845543
shopper_0009390,0,0,0.80827683
shopper_0009391,0,0,0.32462729
shopper_0009392,1,0,0.75474833
shopper_0009393,1,0,0.48378727
shopper_0009394,1,0,0.41791493
shopper_0009395,1,1,0.12397434
shopper_0009396,0,0,0.64344311
shopper_0009397,0,0,0.23321791
shopper_0009398,0,0,0.13062311
shopper_0009399,0,0,0.37215051
shopper_0009400,1,0,0.08208166
shopper_0009401,0,0,0.45397909
shopper_0009402,1,0,0.54741837
shopper_0009403,0,1,0.32061734
shopper_0009404,0,0,0.22592948
shopper_0009405,0,1,0.38264761
shopper_0009406,1,0,0.64920037
shopper_0009407,1,0,0.80816364
shopper_0009408,0,0,0.44239477
shopper_0009409,0,0,0.73617993
shopper_0009410,1,0,0.38126816
shopper_0009411,1,0,0.75924753
shopper_0009412,0,0,0.41332630
shopper_0009413,1,0,0.28927401
shopper_0009414,1,0,0.15727937
shopper_0009415,1,0,0.91025598
shopper_0009416,0,0,0.36078660
shopper_0009417,0,0,0.62087352
shopper_0009418,0,0,0.44202490
shopper_0009419,1,0,0.16984938
shopper_0009420,1,1,0.61736667
shopper_0009421,0,0,0.75115098
shopper_0009422,1,0,0.45529827
shopper_0009423,1,0,0.58688319
shopper_0009424,1,0,0.38478381
shopper_0009425,0,1,0.83860281
shopper_0009426,0,0,0.61973747
shopper_0009427,1,1,0.42314665
shopper_0009428,1,1,0.49432917
shopper_0009429,1,0,0.19783515
shopper_0009430,0,0,0.63706958
shopper_0009431,0,0,0.65736376
shopper_0009432,1,0,0.17701312
shopper_0009433,0,0,0.53852640
shopper_0009434,1,0,0.72955050
shopper_0009435,0,0,0.39978476
shopper_0009436,0,0,0.48579438
shopper_0009437,0,0,0.66372171
shopper_0009438,1,0,0.25720998
shopper_0009439,0,0,0.54934331
shopper_0009440,1,0,0.07416547
shopper_0009441,0,0,0.17592405
shopper_0009442,0,0,0.82103173
shopper_0009443,1,0,0.08488005
shopper_0009444,1,0,0.44340346
shopper_0009445,1,0,0.42065347
shopper_0009446,1,0,0.71784566
shopper_0009447,1,0,0.82003501
shopper_0009448,1,0,0.51049020
shopper_0009449,1,0,0.53110270
shopper_0009450,0,0,0.63019575
shopper_0009451,0,0,0.69343409
shopper_0009452,0,0,0.87803823
shopper_0009453,0,0,0.67401735
shopper_0009454,0,0,0.51428873
shopper_0009455,0,0,0.76151573
shopper_0009456,0,0,0.11920150
shopper_0009457,0,0,0.31133060
shopper_0009458,1,1,0.55487375
shopper_0009459,1,0,0.39293937
shopper_0009460,1,0,0.30562677
shopper_0009461,0,0,0.56891600
shopper_0009462,0,0,0.65508295
shopper_0009463,0,0,0.62271394
shopper_0009464,0,0,0.74155120
shopper_0009465,0,0,0.19746133
shopper_0009466,0,0,0.67348730
shopper_0009467,0,0,0.65649842
shopper_0009468,1,0,0.24115482
shopper_0009469,1,0,0.26114190
shopper_0009470,1,0,0.18998333
shopper_0009471,0,0,0.48278015
shopper_0009472,1,0,0.13711341
shopper_0009473,0,0,0.92067410
shopper_0009474,1,0,0.60425580
shopper_0009475,1,0,0.80581853
shopper_0009476,1,0,0.88752708
shopper_0009477,1,0,0.57661706
shopper_0009478,0,0,0.79906063
shopper_0009479,1,0,0.24358124
shopper_0009480,1,0,0.22057086
shopper_0009481,0,0,0.60796610
shopper_0009482,1,0,0.60180990
shopper_0009483,0,0,0.66666089
shopper_0009484,1,0,0.43331061
shopper_0009485,1,0,0.69867134
shopper_0009486,0,0,0.59577832
shopper_0009487,0,0,0.72827747
shopper_0009488,0,0,0.82999292
shopper_0009489,0,0,0.78382812
shopper_0009490,0,0,0.59779661
shopper_0009491,1,0,0.14617134
shopper_0009492,1,0,0.44302360
shopper_0009493,1,0,0.63757311
shopper_0009494,0,0,0.53017801
shopper_0009495,1,0,0.40068648
shopper_0009496,1,0,0.89747989
shopper_0009497,1,0,0.63127089
shopper_0009498,0,0,0.70485014
shopper_0009499,1,0,0.67988984
shopper_0009500,0,0,0.47138748
shopper_0009501,1,1,0.11409359
shopper_0009502,1,0,0.45717176
shopper_0009503,0,0,0.12338273
shopper_0009504,0,0,0.69010968
shopper_0009505,0,0,0.36105543
shopper_0009506,0,0,0.74702287
shopper_0009507,0,1,0.09101198
shopper_0009508,0,0,0.44293877
shopper_0009509,0,0,0.24770617
shopper_0009510,0,0,0.20821215
shopper_0009511,1,0,0.75481265
shopper_0009512,1,0,0.56552135
shopper_0009513,1,0,0.59655397
shopper_0009514,0,0,0.77961935
shopper_0009515,1,1,0.30340295
shopper_0009516,1,0,0.19740008
shopper_0009517,1,1,0.62599344
shopper_0009518,0,0,0.23944405
shopper_0009519,0,0,0.94583828
shopper_0009520,0,0,0.65932093
shopper_0009521,0,1,0.84285092
shopper_0009522,0,0,0.59287808
shopper_0009523,0,0,0.51314134
shopper_0009524,1,0,0.37767575
shopper_0009525,0,1,0.71551355
shopper_0009526,1,0,0.57231716
shopper_0009527,0,0,0.63144660
shopper_0009528,0,1,0.79534761
shopper_0009529,0,0,0.34745022
shopper_0009530,0,0,0.86697135
shopper_0009531,0,0,0.29641944
shopper_0009532,1,0,0.41030985
shopper_0009533,1,0,0.75350805
shopper_0009534,0,0,0.55513100
shopper_0009535,0,0,0.50326945
shopper_0009536,1,0,0.56394309
shopper_0009537,1,0,0.77315332
shopper_0009538,1,1,0.40457110
shopper_0009539,0,0,0.34238865
shopper_0009540,1,0,0.59664357
shopper_0009541,1,0,0.37609400
shopper_0009542,1,0,0.24665259
shopper_0009543,1,0,0.12923148
shopper_0009544,1,0,0.79648017
shopper_0009545,1,0,0.54299469
shopper_0009546,1,0,0.37861991
shopper_0009547,0,1,0.54950896
shopper_0009548,0,0,0.23990404
shopper_0009549,1,0,0.54879705
shopper_0009550,0,0,0.61707250
shopper_0009551,0,0,0.55226207
shopper_0009552,1,0,0.63233010
shopper_0009553,0,0,0.62953145
shopper_0009554,1,0,0.22580030
shopper_0009555,1,1,0.78337903
shopper_0009556,1,0,0.61880654
shopper_0009557,0,1,0.12749047
shopper_0009558,1,0,0.17490203
shopper_0009559,0,0,0.74290023
shopper_0009560,1,0,0.32531719
shopper_0009561,1,0,0.67320012
shopper_0009562,1,0,0.67203992
shopper_0009563,0,0,0.25540878
shopper_0009564,1,0,0.78568648
shopper_0009565,1,0,0.26520609
shopper_0009566,0,0,0.83047077
shopper_0009567,1,0,0.58574058
shopper_0009568,1,0,0.06633613
shopper_0009569,1,1,0.70663977
shopper_0009570,0,0,0.61885876
shopper_0009571,0,0,0.34400692
shopper_0009572,0,0,0.51619690
shopper_0009573,1,0,0.24171677
shopper_0009574,1,0,0.44809011
shopper_0009575,1,0,0.58791572
shopper_0009576,0,0,0.75837182
shopper_0009577,1,0,0.82698632
shopper_0009578,1,0,0.75174737
shopper_0009579,0,0,0.55997902
shopper_0009580,0,0,0.69434960
shopper_0009581,1,0,0.52828157
shopper_0009582,0,0,0.20941274
shopper_0009583,1,0,0.51507122
shopper_0009584,0,0,0.55775463
shopper_0009585,0,0,0.23573419
shopper_0009586,0,0,0.27891187
shopper_0009587,0,1,0.41457073
shopper_0009588,0,0,0.66318523
shopper_0009589,1,0,0.65063797
shopper_0009590,0,0,0.66580619
shopper_0009591,0,1,0.51489498
shopper_0009592,0,0,0.91171757
shopper_0009593,1,0,0.46691213
shopper_0009594,1,0,0.57147579
shopper_0009595,0,1,0.53039726
shopper_0009596,1,0,0.59836763
shopper_0009597,0,0,0.28576658
shopper_0009598,0,0,0.51831269
shopper_0009599,1,0,0.38227265
shopper_0009600,1,0,0.56148770
shopper_0009601,1,0,0.35270251
shopper_0009602,0,0,0.10177535
shopper_0009603,0,0,0.40534864
shopper_0009604,1,1,0.66554695
shopper_0009605,1,0,0.30786891
shopper_0009606,1,0,0.66729088
shopper_0009607,0,0,0.13035387
shopper_0009608,0,0,0.57846464
shopper_0009609,0,0,0.08426869
shopper_0009610,1,0,0.20450857
shopper_0009611,0,0,0.38465123
shopper_0009612,0,0,0.35525817
shopper_0009613,1,0,0.54956913
shopper_0009614,1,0,0.82749601
shopper_0009615,0,1,0.89827463
shopper_0009616,1,0,0.47459726
shopper_0009617,0,0,0.26459790
shopper_0009618,0,0,0.13241271
shopper_0009619,1,1,0.58977483
shopper_0009620,0,0,0.36451759
shopper_0009621,0,1,0.21972848
shopper_0009622,1,0,0.69541165
shopper_0009623,0,0,0.47149216
shopper_0009624,1,0,0.56488245
shopper_0009625,1,0,0.44280541
shopper_0009626,1,0,0.39659725
shopper_0009627,1,0,0.48326524
shopper_0009628,1,0,0.30207052
shopper_0009629,0,1,0.79912211
shopper_0009630,0,0,0.93353853
shopper_0009631,1,0,0.43132516
shopper_0009632,1,0,0.09231450
shopper_0009633,1,0,0.50145868
shopper_0009634,0,0,0.40667583
shopper_0009635,0,0,0.60068152
shopper_0009636,0,0,0.27580226
shopper_0009637,1,0,0.74951917
shopper_0009638,1,1,0.78267817
shopper_0009639,0,0,0.43966585
shopper_0009640,0,0,0.70850381
shopper_0009641,0,0,0.51456302
shopper_0009642,1,0,0.45988457
shopper_0009643,0,0,0.34508148
shopper_0009644,1,1,0.33903226
shopper_0009645,1,0,0.68138733
shopper_0009646,0,0,0.65962243
shopper_0009647,1,0,0.56461994
shopper_0009648,0,1,0.66672060
shopper_0009649,0,0,0.57466368
shopper_0009650,0,0,0.58257660
shopper_0009651,1,0,0.62091304
shopper_0009652,1,0,0.20688447
shopper_0009653,1,0,0.25967725
shopper_0009654,1,0,0.53838313
shopper_0009655,1,0,0.61849645
shopper_0009656,1,1,0.36376923
shopper_0009657,1,0,0.63745473
shopper_0009658,1,0,0.52542903
shopper_0009659,0,0,0.41895399
shopper_0009660,1,1,0.39012796
shopper_0009661,0,0,0.93384828
shopper_0009662,1,0,0.36452091
shopper_0009663,1,0,0.04911168
shopper_0009664,0,0,0.37205268
shopper_0009665,1,0,0.85540826
shopper_0009666,1,0,0.82773101
shopper_0009667,1,0,0.19664775
shopper_0009668,0,0,0.25979633
shopper_0009669,0,0,0.22603570
shopper_0009670,0,0,0.52758955
shopper_0009671,1,0,0.54394061
shopper_0009672,1,0,0.19022013
shopper_0009673,0,0,0.30440607
shopper_0009674,0,0,0.23315106
shopper_0009675,1,0,0.11075355
shopper_0009676,0,0,0.24543117
shopper_0009677,0,0,0.91962338
shopper_0009678,0,0,0.34265893
shopper_0009679,0,0,0.49255114
shopper_0009680,1,0,0.64305677
shopper_0009681,1,0,0.60142548
shopper_0009682,0,0,0.23337430
shopper_0009683,1,0,0.88406738
shopper_0009684,1,0,0.51469481
shopper_0009685,1,0,0.45346118
shopper_0009686,0,0,0.85238619
shopper_0009687,0,0,0.35760232
shopper_0009688,0,1,0.45322561
shopper_0009689,0,1,0.37489065
shopper_0009690,0,0,0.34265786
shopper_0009691,1,0,0.56774606
shopper_0009692,1,0,0.45980409
shopper_0009693,0,1,0.73700660
shopper_0009694,0,0,0.54529426
shopper_0009695,1,0,0.24899450
shopper_0009696,1,0,0.26468868
shopper_0009697,0,0,0.85613836
shopper_0009698,1,0,0.21100556
shopper_0009699,0,0,0.48711148
shopper_0009700,1,0,0.64195571
shopper_0009701,0,0,0.35671833
shopper_0009702,1,0,0.81682988
shopper_0009703,1,0,0.23598951
shopper_0009704,0,0,0.43027521
shopper_0009705,1,0,0.30057463
shopper_0009706,1,0,0.65055239
shopper_0009707,1,0,0.36339285
shopper_0009708,1,0,0.32720043
shopper_0009709,1,0,0.53172532
shopper_0009710,1,0,0.37379709
shopper_0009711,1,1,0.59927262
shopper_0009712,0,0,0.67141421
shopper_0009713,1,0,0.38722408
shopper_0009714,0,0,0.47278664
shopper_0009715,1,0,0.55215904
shopper_0009716,1,0,0.15933823
shopper_0009717,0,0,0.54587877
shopper_0009718,0,0,0.05574892
shopper_0009719,0,0,0.47129993
shopper_0009720,0,0,0.63678867
shopper_0009721,0,0,0.30476473
shopper_0009722,1,0,0.25354561
shopper_0009723,1,0,0.39926881
shopper_0009724,1,0,0.14849905
shopper_0009725,0,0,0.40410807
shopper_0009726,0,0,0.50233517
shopper_0009727,1,1,0.76048119
shopper_0009728,1,0,0.49466103
shopper_0009729,1,1,0.37686062
shopper_0009730,0,0,0.68612662
shopper_0009731,1,0,0.63580110
shopper_0009732,0,0,0.79725785
shopper_0009733,0,0,0.54225219
shopper_0009734,1,0,0.35121407
shopper_0009735,1,0,0.81980590
shopper_0009736,0,0,0.20845925
shopper_0009737,0,1,0.41382031
shopper_0009738,0,0,0.92832295
shopper_0009739,1,0,0.67212312
shopper_0009740,0,0,0.48309573
shopper_0009741,1,0,0.55596346
shopper_0009742,0,0,0.63143395
shopper_0009743,0,0,0.06820407
shopper_0009744,1,0,0.19051716
shopper_0009745,1,0,0.38308948
shopper_0009746,1,0,0.39496353
shopper_0009747,1,0,0.27806246
shopper_0009748,0,0,0.87891360
shopper_0009749,1,1,0.43435779
shopper_0009750,0,0,0.65148074
shopper_0009751,1,0,0.59074889
shopper_0009752,1,0,0.67634773
shopper_0009753,1,1,0.48127173
shopper_0009754,0,0,0.18082357
shopper_0009755,0,0,0.53805458
shopper_0009756,1,1,0.80314065
shopper_0009757,0,0,0.33218095
shopper_0009758,1,0,0.37975180
shopper_0009759,0,0,0.35947585
shopper_0009760,1,0,0.76869964
shopper_0009761,1,0,0.54736456
shopper_0009762,1,0,0.77445830
shopper_0009763,0,0,0.44174766
shopper_0009764,1,0,0.94068711
shopper_0009765,0,0,0.60428025
shopper_0009766,0,0,0.21754849
shopper_0009767,0,0,0.20336295
shopper_0009768,1,0,0.70064398
shopper_0009769,1,0,0.50408606
shopper_0009770,1,0,0.14181787
shopper_0009771,0,0,0.96136506
shopper_0009772,1,0,0.84922399
shopper_0009773,0,0,0.58400030
shopper_0009774,1,0,0.83341996
shopper_0009775,1,0,0.89933330
shopper_0009776,0,0,0.74349549
shopper_0009777,1,0,0.25693418
shopper_0009778,1,0,0.38735251
shopper_0009779,0,0,0.26469032
shopper_0009780,1,0,0.53419589
shopper_0009781,0,0,0.26402886
shopper_0009782,0,0,0.44594266
shopper_0009783,1,0,0.51342494
shopper_0009784,0,1,0.75879688
shopper_0009785,0,0,0.84941358
shopper_0009786,0,0,0.43507753
shopper_0009787,0,1,0.60638215
shopper_0009788,0,0,0.32066346
shopper_0009789,1,0,0.35450131
shopper_0009790,0,0,0.78717078
shopper_0009791,1,1,0.31362827
shopper_0009792,0,0,0.50095927
shopper_0009793,0,0,0.26771424
shopper_0009794,0,1,0.30233748
shopper_0009795,0,0,0.11733961
shopper_0009796,1,0,0.60094491
shopper_0009797,1,1,0.46177631
shopper_0009798,1,0,0.56488307
shopper_0009799,1,0,0.26576339
shopper_0009800,0,0,0.19118318
shopper_0009801,1,0,0.70005065
shopper_0009802,1,0,0.39626992
shopper_0009803,0,0,0.67313154
shopper_0009804,1,0,0.29305665
shopper_0009805,0,0,0.95646949
shopper_0009806,1,0,0.11806228
shopper_0009807,0,0,0.15625019
shopper_0009808,1,0,0.51166295
shopper_0009809,1,0,0.56858116
shopper_0009810,0,0,0.90138212
shopper_0009811,1,0,0.57027946
shopper_0009812,1,0,0.14038795
shopper_0009813,0,0,0.58545622
shopper_0009814,0,0,0.25068338
shopper_0009815,0,0,0.47659203
shopper_0009816,0,0,0.40299278
shopper_0009817,0,0,0.70035384
shopper_0009818,1,0,0.86143596
shopper_0009819,0,0,0.45781346
shopper_0009820,1,0,0.53630344
shopper_0009821,1,0,0.30193925
shopper_0009822,0,0,0.01868092
shopper_0009823,0,0,0.78784766
shopper_0009824,1,0,0.60170862
shopper_0009825,0,0,0.30527834
shopper_0009826,1,0,0.32078581
shopper_0009827,0,0,0.80173903
shopper_0009828,0,0,0.56127868
shopper_0009829,0,0,0.38497599
shopper_0009830,1,0,0.10968610
shopper_0009831,1,0,0.53467090
shopper_0009832,1,0,0.69103805
shopper_0009833,1,0,0.28126129
shopper_0009834,0,0,0.37492005
shopper_0009835,1,1,0.60010804
shopper_0009836,1,0,0.82914296
shopper_0009837,0,0,0.62858110
shopper_0009838,1,0,0.39236757
shopper_0009839,1,0,0.34387711
shopper_0009840,1,0,0.40352099
shopper_0009841,1,0,0.71214268
shopper_0009842,0,0,0.30124435
shopper_0009843,0,0,0.61071139
shopper_0009844,0,0,0.83496497
shopper_0009845,0,0,0.71482811
shopper_0009846,1,0,0.57961405
shopper_0009847,0,0,0.71638672
shopper_0009848,0,0,0.36305004
shopper_0009849,1,0,0.56051651
shopper_0009850,0,0,0.91845555
shopper_0009851,0,1,0.62881807
shopper_0009852,1,0,0.82339583
shopper_0009853,0,0,0.53112640
shopper_0009854,0,1,0.76093700
shopper_0009855,1,0,0.44509482
shopper_0009856,0,0,0.41784036
shopper_0009857,1,0,0.20429311
shopper_0009858,1,0,0.13988717
shopper_0009859,0,0,0.33652130
shopper_0009860,0,0,0.44169267
shopper_0009861,1,1,0.19395468
shopper_0009862,0,0,0.66928748
shopper_0009863,1,0,0.18274837
shopper_0009864,0,0,0.58428539
shopper_0009865,0,0,0.59333359
shopper_0009866,0,0,0.72420874
shopper_0009867,1,0,0.82678835
shopper_0009868,0,0,0.36393354
shopper_0009869,1,0,0.27720183
shopper_0009870,1,0,0.65274808
shopper_0009871,1,0,0.46926224
shopper_0009872,1,0,0.64205098
shopper_0009873,0,0,0.76593267
shopper_0009874,1,0,0.42345376
shopper_0009875,0,0,0.37143148
shopper_0009876,0,0,0.53865434
shopper_0009877,1,0,0.57497221
shopper_0009878,1,0,0.42207074
shopper_0009879,0,0,0.27588480
shopper_0009880,1,0,0.61496400
shopper_0009881,0,0,0.30596685
shopper_0009882,1,0,0.46529397
shopper_0009883,0,0,0.23818307
shopper_0009884,0,0,0.39104373
shopper_0009885,1,0,0.16356195
shopper_0009886,1,0,0.52447664
shopper_0009887,0,0,0.46713193
shopper_0009888,1,1,0.42386027
shopper_0009889,0,0,0.50465645
shopper_0009890,0,0,0.48651196
shopper_0009891,0,0,0.84186303
shopper_0009892,0,0,0.10751372
shopper_0009893,1,1,0.37565595
shopper_0009894,1,0,0.71294288
shopper_0009895,1,0,0.96841423
shopper_0009896,0,0,0.12946761
shopper_0009897,0,1,0.54561907
shopper_0009898,0,0,0.21840155
shopper_0009899,0,0,0.43376204
shopper_0009900,1,0,0.30134761
shopper_0009901,0,0,0.26706951
shopper_0009902,1,0,0.63372155
shopper_0009903,1,0,0.40011372
shopper_0009904,1,0,0.49197234
shopper_0009905,0,0,0.24743975
shopper_0009906,1,0,0.47882872
shopper_0009907,0,1,0.88900363
shopper_0009908,0,0,0.59261356
shopper_0009909,0,0,0.39440230
shopper_0009910,1,1,0.84233092
shopper_0009911,0,0,0.69152268
shopper_0009912,1,0,0.76550562
shopper_0009913,1,0,0.19975211
shopper_0009914,0,0,0.63599273
shopper_0009915,1,0,0.90469977
shopper_0009916,0,0,0.49518891
shopper_0009917,0,0,0.44616229
shopper_0009918,0,0,0.33868193
shopper_0009919,0,0,0.36153081
shopper_0009920,0,0,0.34325720
shopper_0009921,1,0,0.52776091
shopper_0009922,1,0,0.37560819
shopper_0009923,0,0,0.94445795
shopper_0009924,1,0,0.93224652
shopper_0009925,1,0,0.41212312
shopper_0009926,0,0,0.55940970
shopper_0009927,0,0,0.53364920
shopper_0009928,1,1,0.52408468
shopper_0009929,1,0,0.95717283
shopper_0009930,0,0,0.64965166
shopper_0009931,1,0,0.67546979
shopper_0009932,0,0,0.38277214
shopper_0009933,1,0,0.62218269
shopper_0009934,1,0,0.65748953
shopper_0009935,1,0,0.22308901
shopper_0009936,0,0,0.14780081
shopper_0009937,1,0,0.43487173
shopper_0009938,0,0,0.66435096
shopper_0009939,0,0,0.70522143
shopper_0009940,1,0,0.52842736
shopper_0009941,1,0,0.47438288
shopper_0009942,1,0,0.08566311
shopper_0009943,0,0,0.32936339
shopper_0009944,1,0,0.72288202
shopper_0009945,0,0,0.46105271
shopper_0009946,1,0,0.39198650
shopper_0009947,0,0,0.07258836
shopper_0009948,1,0,0.38606837
shopper_0009949,1,0,0.20250393
shopper_0009950,0,0,0.90615001
shopper_0009951,1,0,0.70901636
shopper_0009952,0,0,0.42914909
shopper_0009953,1,0,0.43480672
shopper_0009954,0,0,0.88913637
shopper_0009955,0,0,0.27380063
shopper_0009956,1,0,0.43552336
shopper_0009957,1,0,0.31989646
shopper_0009958,0,0,0.31494960
shopper_0009959,1,0,0.24755513
shopper_0009960,1,0,0.49999345
shopper_0009961,0,0,0.53015841
shopper_0009962,1,0,0.28273089
shopper_0009963,1,0,0.16876060
shopper_0009964,0,0,0.26818875
shopper_0009965,1,0,0.36094168
shopper_0009966,0,0,0.77968187
shopper_0009967,1,0,0.25194611
shopper_0009968,1,0,0.35128268
shopper_0009969,1,0,0.57257310
shopper_0009970,1,0,0.31399344
shopper_0009971,1,0,0.45108358
shopper_0009972,1,0,0.74794235
shopper_0009973,1,0,0.23016183
shopper_0009974,1,0,0.24321729
shopper_0009975,0,0,0.13071175
shopper_0009976,1,0,0.49806128
shopper_0009977,1,0,0.53017831
shopper_0009978,1,0,0.22150331
shopper_0009979,1,0,0.05689177
shopper_0009980,1,0,0.47902476
shopper_0009981,1,0,0.64889348
shopper_0009982,0,0,0.57000010
shopper_0009983,1,0,0.04705465
shopper_0009984,0,0,0.69555892
shopper_0009985,1,0,0.13332295
shopper_0009986,1,0,0.12780164
shopper_0009987,1,0,0.73642143
shopper_0009988,0,0,0.72823492
shopper_0009989,0,0,0.43440611
shopper_0009990,0,0,0.58156729
shopper_0009991,1,0,0.95032719
shopper_0009992,1,0,0.17612867
shopper_0009993,1,0,0.23453858
shopper_0009994,0,0,0.71372492
shopper_0009995,1,0,0.30532937
shopper_0009996,1,0,0.92321087
shopper_0009997,1,0,0.43362922
shopper_0009998,1,0,0.37100988
shopper_0009999,1,1,0.44529059
shopper_0010000,0,0,0.35516330
shopper_0010001,1,0,0.75821418
shopper_0010002,0,0,0.43627472
shopper_0010003,0,0,0.44739594
shopper_0010004,1,0,0.09011314
shopper_0010005,0,1,0.14416488
shopper_0010006,1,0,0.77083867
shopper_0010007,1,0,0.72866556
shopper_0010008,0,0,0.06671807
shopper_0010009,0,0,0.40012883
shopper_0010010,1,0,0.30554366
shopper_0010011,0,0,0.24224559
shopper_0010012,1,0,0.21409763
shopper_0010013,0,1,0.90032879
shopper_0010014,0,0,0.75665716
shopper_0010015,1,0,0.88046640
shopper_0010016,0,0,0.64280210
shopper_0010017,1,1,0.67718415
shopper_0010018,1,0,0.53690936
shopper_0010019,1,0,0.69951996
shopper_0010020,0,0,0.11217208
shopper_0010021,0,0,0.36409242
shopper_0010022,1,0,0.57464232
shopper_0010023,0,0,0.69680804
shopper_0010024,1,0,0.45379299
shopper_0010025,1,0,0.27449014
shopper_0010026,1,0,0.57482713
shopper_0010027,1,0,0.69611312
shopper_0010028,0,0,0.60853626
shopper_0010029,1,0,0.38373735
shopper_0010030,1,0,0.74908997
shopper_0010031,0,0,0.16119023
shopper_0010032,1,0,0.48355545
shopper_0010033,0,0,0.69999667
shopper_0010034,1,0,0.25153242
shopper_0010035,1,0,0.66576655
shopper_0010036,1,0,0.56355414
shopper_0010037,1,1,0.18533895
shopper_0010038,1,0,0.22956679
shopper_0010039,1,0,0.44611805
shopper_0010040,1,0,0.34938576
shopper_0010041,1,0,0.49408131
shopper_0010042,0,0,0.68794782
shopper_0010043,1,0,0.49114654
shopper_0010044,0,0,0.30616529
shopper_0010045,1,0,0.62765725
shopper_0010046,1,0,0.69698156
shopper_0010047,0,0,0.92198620
shopper_0010048,0,0,0.23045603
shopper_0010049,1,0,0.45620943
shopper_0010050,1,1,0.86196059
shopper_0010051,0,0,0.85557243
shopper_0010052,1,0,0.80577587
shopper_0010053,1,0,0.08344108
shopper_0010054,0,1,0.61269042
shopper_0010055,1,0,0.62459213
shopper_0010056,1,0,0.64926053
shopper_0010057,1,0,0.70846105
shopper_0010058,1,0,0.67068575
shopper_0010059,0,0,0.40702185
shopper_0010060,1,0,0.59170986
shopper_0010061,1,1,0.55921664
shopper_0010062,1,0,0.33193368
shopper_0010063,0,0,0.61241314
shopper_0010064,0,0,0.14848428
shopper_0010065,0,0,0.18118815
shopper_0010066,1,0,0.29229966
shopper_0010067,1,1,0.57231153
shopper_0010068,0,0,0.80030649
shopper_0010069,0,0,0.37942563
shopper_0010070,0,0,0.49627640
shopper_0010071,0,0,0.19589109
shopper_0010072,0,0,0.48904171
shopper_0010073,1,0,0.49041120
shopper_0010074,1,0,0.54539186
shopper_0010075,1,0,0.31237499
shopper_0010076,0,1,0.82622854
shopper_0010077,1,0,0.60339516
shopper_0010078,1,1,0.49663062
shopper_0010079,0,1,0.79175476
shopper_0010080,1,0,0.32675996
shopper_0010081,0,0,0.74810233
shopper_0010082,1,0,0.34600711
shopper_0010083,1,0,0.07129929
shopper_0010084,0,0,0.76543368
shopper_0010085,0,0,0.55812969
shopper_0010086,1,0,0.10820074
shopper_0010087,0,0,0.87790052
shopper_0010088,0,0,0.55495441
shopper_0010089,0,0,0.89332480
shopper_0010090,1,0,0.17199408
shopper_0010091,0,0,0.27656597
shopper_0010092,1,0,0.21615229
shopper_0010093,1,0,0.68376425
shopper_0010094,1,1,0.71240365
shopper_0010095,0,0,0.30090610
shopper_0010096,0,0,0.40577832
shopper_0010097,0,1,0.63350128
shopper_0010098,1,0,0.58176455
shopper_0010099,0,1,0.50535304
shopper_0010100,1,0,0.63533701
shopper_0010101,0,0,0.69250287
shopper_0010102,1,0,0.97087760
shopper_0010103,1,0,0.67682365
shopper_0010104,0,0,0.46217226
shopper_0010105,0,0,0.25703646
shopper_0010106,0,0,0.65964896
shopper_0010107,1,0,0.89496290
shopper_0010108,0,0,0.18127766
shopper_0010109,1,0,0.38764885
shopper_0010110,0,0,0.26148639
shopper_0010111,0,0,0.30773042
shopper_0010112,1,0,0.27544019
shopper_0010113,0,0,0.51815650
shopper_0010114,0,0,0.40171702
shopper_0010115,1,0,0.45991820
shopper_0010116,0,0,0.63391382
shopper_0010117,1,0,0.44927410
shopper_0010118,1,0,0.64139752
shopper_0010119,1,0,0.91738409
shopper_0010120,0,0,0.64541037
shopper_0010121,1,1,0.59080031
shopper_0010122,1,0,0.61744610
shopper_0010123,1,0,0.25670143
shopper_0010124,0,0,0.22026010
shopper_0010125,1,0,0.14653802
shopper_0010126,1,1,0.34022676
shopper_0010127,1,0,0.52602037
shopper_0010128,0,0,0.58119813
shopper_0010129,1,0,0.62226402
shopper_0010130,1,0,0.59934230
shopper_0010131,0,0,0.34003611
shopper_0010132,1,0,0.42543011
shopper_0010133,1,0,0.16562256
shopper_0010134,0,0,0.34008183
shopper_0010135,1,1,0.37844466
shopper_0010136,0,0,0.48333999
shopper_0010137,1,0,0.32345179
shopper_0010138,0,0,0.73349677
shopper_0010139,1,0,0.72160927
shopper_0010140,1,0,0.68077673
shopper_0010141,0,0,0.62638705
shopper_0010142,0,0,0.45319285
shopper_0010143,0,1,0.39167186
shopper_0010144,0,0,0.63361740
shopper_0010145,1,0,0.64420764
shopper_0010146,0,0,0.58217800
shopper_0010147,1,0,0.78789628
shopper_0010148,0,0,0.69202681
shopper_0010149,0,0,0.28900478
shopper_0010150,0,0,0.07255276
shopper_0010151,1,0,0.76889528
shopper_0010152,0,0,0.53550872
shopper_0010153,1,0,0.54355929
shopper_0010154,1,0,0.18894332
shopper_0010155,1,0,0.67232526
shopper_0010156,1,1,0.37675539
shopper_0010157,1,0,0.44771724
shopper_0010158,1,0,0.43087367
shopper_0010159,0,1,0.93055285
shopper_0010160,1,0,0.27733641
shopper_0010161,1,0,0.24625521
shopper_0010162,1,0,0.70530593
shopper_0010163,1,0,0.78024875
shopper_0010164,1,0,0.45642766
shopper_0010165,1,0,0.53347836
shopper_0010166,1,0,0.81519583
shopper_0010167,0,0,0.85935100
shopper_0010168,0,0,0.34986884
shopper_0010169,0,0,0.22097546
shopper_0010170,1,0,0.66397001
shopper_0010171,0,0,0.59256447
shopper_0010172,1,0,0.76634203
shopper_0010173,1,0,0.18667100
shopper_0010174,0,0,0.60897828
shopper_0010175,0,0,0.61977290
shopper_0010176,0,0,0.94525965
shopper_0010177,1,0,0.05005913
shopper_0010178,1,0,0.34690313
shopper_0010179,0,1,0.41330940
shopper_0010180,1,0,0.74861128
shopper_0010181,1,0,0.23512889
shopper_0010182,1,0,0.39647832
shopper_0010183,0,0,0.63848482
shopper_0010184,1,0,0.24689494
shopper_0010185,1,0,0.58956666
shopper_0010186,0,1,0.20821394
shopper_0010187,0,1,0.29341923
shopper_0010188,0,0,0.44586668
shopper_0010189,0,0,0.34892636
shopper_0010190,0,0,0.64859108
shopper_0010191,0,0,0.59052490
shopper_0010192,1,1,0.48082299
shopper_0010193,1,0,0.96571926
shopper_0010194,1,0,0.17174827
shopper_0010195,1,0,0.09147703
shopper_0010196,1,0,0.92121161
shopper_0010197,1,0,0.84300791
shopper_0010198,1,1,0.68946922
shopper_0010199,0,0,0.24612908
shopper_0010200,0,0,0.52619723
shopper_0010201,0,0,0.84500405
shopper_0010202,0,0,0.43119168
shopper_0010203,1,0,0.16308978
shopper_0010204,0,0,0.72394398
shopper_0010205,1,0,0.04414601
shopper_0010206,0,0,0.48341051
shopper_0010207,0,0,0.86925515
shopper_0010208,1,0,0.90403018
shopper_0010209,0,1,0.70947317
shopper_0010210,1,0,0.47058908
shopper_0010211,0,0,0.52791168
shopper_0010212,0,0,0.84561000
shopper_0010213,0,0,0.18236036
shopper_0010214,0,0,0.70309522
shopper_0010215,0,0,0.66550570
shopper_0010216,1,1,0.40373299
shopper_0010217,1,0,0.23416117
shopper_0010218,1,0,0.37543717
shopper_0010219,1,1,0.51583528
shopper_0010220,1,0,0.31554834
shopper_0010221,0,0,0.51464425
shopper_0010222,0,0,0.51063553
shopper_0010223,1,0,0.59329474
shopper_0010224,0,0,0.47632380
shopper_0010225,0,0,0.42174063
shopper_0010226,0,0,0.38394162
shopper_0010227,1,0,0.84207712
shopper_0010228,0,0,0.22409885
shopper_0010229,1,0,0.15564559
shopper_0010230,0,0,0.43893993
shopper_0010231,1,0,0.54262946
shopper_0010232,1,0,0.76504653
shopper_0010233,1,0,0.69880007
shopper_0010234,0,0,0.36099601
shopper_0010235,1,0,0.16615446
shopper_0010236,0,0,0.87037120
shopper_0010237,0,0,0.63085437
shopper_0010238,1,0,0.17492210
shopper_0010239,0,0,0.46674057
shopper_0010240,0,0,0.18879880
shopper_0010241,0,1,0.65628998
shopper_0010242,1,0,0.68393660
shopper_0010243,0,0,0.19307104
shopper_0010244,0,0,0.35620243
shopper_0010245,1,0,0.88230206
shopper_0010246,1,1,0.30423400
shopper_0010247,1,0,0.08863017
shopper_0010248,1,0,0.68684856
shopper_0010249,1,0,0.13780745
shopper_0010250,1,0,0.70958438
shopper_0010251,0,0,0.08396960
shopper_0010252,0,0,0.28922488
shopper_0010253,0,0,0.58555751
shopper_0010254,1,0,0.67454845
shopper_0010255,0,0,0.85839739
shopper_0010256,0,0,0.45687389
shopper_0010257,0,0,0.16648533
shopper_0010258,0,1,0.31841505
shopper_0010259,0,0,0.08402533
shopper_0010260,0,0,0.81203331
shopper_0010261,0,0,0.89460761
shopper_0010262,0,0,0.72766939
shopper_0010263,1,0,0.56695497
shopper_0010264,1,0,0.56612367
shopper_0010265,1,0,0.54636774
shopper_0010266,0,0,0.29824911
shopper_0010267,1,0,0.55291218
shopper_0010268,0,0,0.60772890
shopper_0010269,1,0,0.14587476
shopper_0010270,1,0,0.50567390
shopper_0010271,1,0,0.28249990
shopper_0010272,0,0,0.32954744
shopper_0010273,0,0,0.55488546
shopper_0010274,0,0,0.26131513
shopper_0010275,1,0,0.90637483
shopper_0010276,1,0,0.28431026
shopper_0010277,0,0,0.78433847
shopper_0010278,1,0,0.77235488
shopper_0010279,1,0,0.57514673
shopper_0010280,1,0,0.41650885
shopper_0010281,1,1,0.63641698
shopper_0010282,0,1,0.28780066
shopper_0010283,1,0,0.56622385
shopper_0010284,1,1,0.72761696
shopper_0010285,1,0,0.48495370
shopper_0010286,1,0,0.46813477
shopper_0010287,0,0,0.58619120
shopper_0010288,1,0,0.18269168
shopper_0010289,0,0,0.55264855
shopper_0010290,0,0,0.86271835
shopper_0010291,0,0,0.38850390
shopper_0010292,0,0,0.49901978
shopper_0010293,0,1,0.66444504
shopper_0010294,1,0,0.32539351
shopper_0010295,1,0,0.64043298
shopper_0010296,0,0,0.11107858
shopper_0010297,1,0,0.77923301
shopper_0010298,1,0,0.76172514
shopper_0010299,0,0,0.59698969
shopper_0010300,0,0,0.57329120
shopper_0010301,0,0,0.47409199
shopper_0010302,0,0,0.40928332
shopper_0010303,0,0,0.63284177
shopper_0010304,1,0,0.37421450
shopper_0010305,1,0,0.64644161
shopper_0010306,1,0,0.34291310
shopper_0010307,1,0,0.25007317
shopper_0010308,1,0,0.40926501
shopper_0010309,0,0,0.34946567
shopper_0010310,1,0,0.65123831
shopper_0010311,1,0,0.30173857
shopper_0010312,0,1,0.83235260
shopper_0010313,1,0,0.63987454
shopper_0010314,1,0,0.41735449
shopper_0010315,1,0,0.74526919
shopper_0010316,0,1,0.43639816
shopper_0010317,0,0,0.47156213
shopper_0010318,1,0,0.63739940
shopper_0010319,1,0,0.39361071
shopper_0010320,0,0,0.66376809
shopper_0010321,1,0,0.33642975
shopper_0010322,0,0,0.44153755
shopper_0010323,1,0,0.58957886
shopper_0010324,1,0,0.60923933
shopper_0010325,1,1,0.58849506
shopper_0010326,1,0,0.70197612
shopper_0010327,1,0,0.15382574
shopper_0010328,0,0,0.73623431
shopper_0010329,0,0,0.14116812
shopper_0010330,1,0,0.11802607
shopper_0010331,0,0,0.44424925
shopper_0010332,1,0,0.39288766
shopper_0010333,1,0,0.76652878
shopper_0010334,0,0,0.75386607
shopper_0010335,1,0,0.76368492
shopper_0010336,1,0,0.18717205
shopper_0010337,0,1,0.33608163
shopper_0010338,0,0,0.58590031
shopper_0010339,1,0,0.86364662
shopper_0010340,1,0,0.47599453
shopper_0010341,0,0,0.67391284
shopper_0010342,0,0,0.36273132
shopper_0010343,0,0,0.53651386
shopper_0010344,1,1,0.55854417
shopper_0010345,1,0,0.50299403
shopper_0010346,0,1,0.75498580
shopper_0010347,0,0,0.87091261
shopper_0010348,0,0,0.50994041
shopper_0010349,1,0,0.40708697
shopper_0010350,1,0,0.49621735
shopper_0010351,0,0,0.09643700
shopper_0010352,1,0,0.80109769
shopper_0010353,1,0,0.74733976
shopper_0010354,0,0,0.11293693
shopper_0010355,1,0,0.35439798
shopper_0010356,0,0,0.59063877
shopper_0010357,0,0,0.01735001
shopper_0010358,0,0,0.11585083
shopper_0010359,0,0,0.71670881
shopper_0010360,1,0,0.64181534
shopper_0010361,0,0,0.21053110
shopper_0010362,0,0,0.07866822
shopper_0010363,0,1,0.90702382
shopper_0010364,1,0,0.65954729
shopper_0010365,0,0,0.13743550
shopper_0010366,1,0,0.20268303
shopper_0010367,0,0,0.23505081
shopper_0010368,1,0,0.14841678
shopper_0010369,1,0,0.64064231
shopper_0010370,0,0,0.58916262
shopper_0010371,1,0,0.63961760
shopper_0010372,1,0,0.11604489
shopper_0010373,1,0,0.64259800
shopper_0010374,0,1,0.23352069
shopper_0010375,0,0,0.28638722
shopper_0010376,1,0,0.86255832
shopper_0010377,0,0,0.28175372
shopper_0010378,0,0,0.21972571
shopper_0010379,1,0,0.29329758
shopper_0010380,1,0,0.66238364
shopper_0010381,0,0,0.80707069
shopper_0010382,1,0,0.60093188
shopper_0010383,1,1,0.76571158
shopper_0010384,1,0,0.38594230
shopper_0010385,0,0,0.64254890
shopper_0010386,1,0,0.08335342
shopper_0010387,0,0,0.75975916
shopper_0010388,0,0,0.69021099
shopper_0010389,1,0,0.65827198
shopper_0010390,1,0,0.83279119
shopper_0010391,1,0,0.78259041
shopper_0010392,1,0,0.28052437
shopper_0010393,1,0,0.30658644
shopper_0010394,0,0,0.48525391
shopper_0010395,0,0,0.17522363
shopper_0010396,1,0,0.51649861
shopper_0010397,1,0,0.95128830
shopper_0010398,1,0,0.78647725
shopper_0010399,1,0,0.72581192
shopper_0010400,1,0,0.45397751
shopper_0010401,1,0,0.45465212
shopper_0010402,1,0,0.97578202
shopper_0010403,1,0,0.45457746
shopper_0010404,1,0,0.93157589
shopper_0010405,0,0,0.68006486
shopper_0010406,0,0,0.80174316
shopper_0010407,0,1,0.79615040
shopper_0010408,1,0,0.13436075
shopper_0010409,0,0,0.26841452
shopper_0010410,1,1,0.26242840
shopper_0010411,1,1,0.58414671
shopper_0010412,0,0,0.21638642
shopper_0010413,1,1,0.31493124
shopper_0010414,0,0,0.51481802
shopper_0010415,0,0,0.90804330
shopper_0010416,1,0,0.45979842
shopper_0010417,0,0,0.23075935
shopper_0010418,1,0,0.44458144
shopper_0010419,1,0,0.27173657
shopper_0010420,0,0,0.87288056
shopper_0010421,0,0,0.31318451
shopper_0010422,0,0,0.83996575
shopper_0010423,1,0,0.18369941
shopper_0010424,1,0,0.57638729
shopper_0010425,0,0,0.49558139
shopper_0010426,0,0,0.28175955
shopper_0010427,1,0,0.65746048
shopper_0010428,0,0,0.58079242
shopper_0010429,0,0,0.77630899
shopper_0010430,1,0,0.32996776
shopper_0010431,1,1,0.38754378
shopper_0010432,0,0,0.54063633
shopper_0010433,0,0,0.18662694
shopper_0010434,1,1,0.52325606
shopper_0010435,0,0,0.32603032
shopper_0010436,1,0,0.51897926
shopper_0010437,1,0,0.40938382
shopper_0010438,1,0,0.17796758
shopper_0010439,0,0,0.20543868
shopper_0010440,0,0,0.29828767
shopper_0010441,0,0,0.52905660
shopper_0010442,1,0,0.17438129
shopper_0010443,1,0,0.27846578
shopper_0010444,0,0,0.14728220
shopper_0010445,0,1,0.73977731
shopper_0010446,1,0,0.44779414
shopper_0010447,0,0,0.37025932
shopper_0010448,1,0,0.25576869
shopper_0010449,0,0,0.39336428
shopper_0010450,0,0,0.39804036
shopper_0010451,1,0,0.38177034
shopper_0010452,1,1,0.60333450
shopper_0010453,1,0,0.48845986
shopper_0010454,0,0,0.68423313
shopper_0010455,0,0,0.33867049
shopper_0010456,0,0,0.47454661
shopper_0010457,0,0,0.73030092
shopper_0010458,1,0,0.40509739
shopper_0010459,0,0,0.28865642
shopper_0010460,1,1,0.84139669
shopper_0010461,0,0,0.65774088
shopper_0010462,0,0,0.46823272
shopper_0010463,1,0,0.96462380
shopper_0010464,0,0,0.79428012
shopper_0010465,0,0,0.12949254
shopper_0010466,0,0,0.41333746
shopper_0010467,1,1,0.31572160
shopper_0010468,1,0,0.36658784
shopper_0010469,0,0,0.27831443
shopper_0010470,1,0,0.76003217
shopper_0010471,1,0,0.66662434
shopper_0010472,1,0,0.65525862
shopper_0010473,1,0,0.66033504
shopper_0010474,0,0,0.52963008
shopper_0010475,0,0,0.78758246
shopper_0010476,1,0,0.32554553
shopper_0010477,0,0,0.76292598
shopper_0010478,1,0,0.68149430
shopper_0010479,1,1,0.92811667
shopper_0010480,1,1,0.92353680
shopper_0010481,1,0,0.15414541
shopper_0010482,1,0,0.61141577
shopper_0010483,0,0,0.45924141
shopper_0010484,1,0,0.60829829
shopper_0010485,0,0,0.35958260
shopper_0010486,0,0,0.58833175
shopper_0010487,0,0,0.28726940
shopper_0010488,0,1,0.22316605
shopper_0010489,0,0,0.27633748
shopper_0010490,0,0,0.39376152
shopper_0010491,1,0,0.41533142
shopper_0010492,1,0,0.63059859
shopper_0010493,0,0,0.67482872
shopper_0010494,1,0,0.73106289
shopper_0010495,0,0,0.41494081
shopper_0010496,0,0,0.85148580
shopper_0010497,1,0,0.75401893
shopper_0010498,1,0,0.71695614
shopper_0010499,1,1,0.89073158
shopper_0010500,0,0,0.74516059
shopper_0010501,1,0,0.78218580
shopper_0010502,1,0,0.46982262
shopper_0010503,1,0,0.26473273
shopper_0010504,1,0,0.60080562
shopper_0010505,1,1,0.39736233
shopper_0010506,1,0,0.23321663
shopper_0010507,1,0,0.86528062
shopper_0010508,1,0,0.62078149
shopper_0010509,0,0,0.33578100
shopper_0010510,1,0,0.28204382
shopper_0010511,1,0,0.87643115
shopper_0010512,1,0,0.45784260
shopper_0010513,1,0,0.30555498
shopper_0010514,0,0,0.26466015
shopper_0010515,0,0,0.21586765
shopper_0010516,0,0,0.46099337
shopper_0010517,0,0,0.33285528
shopper_0010518,0,0,0.34237663
shopper_0010519,0,0,0.36560872
shopper_0010520,1,1,0.43349941
shopper_0010521,0,0,0.48311294
shopper_0010522,0,0,0.58456200
shopper_0010523,0,0,0.23900807
shopper_0010524,1,0,0.28625881
shopper_0010525,0,0,0.56784790
shopper_0010526,1,0,0.48419751
shopper_0010527,0,0,0.75603172
shopper_0010528,0,0,0.83261852
shopper_0010529,0,0,0.70575656
shopper_0010530,1,0,0.26709148
shopper_0010531,0,0,0.81042874
shopper_0010532,0,0,0.61419267
shopper_0010533,0,0,0.17069138
shopper_0010534,1,0,0.64635083
shopper_0010535,1,0,0.70495266
shopper_0010536,1,0,0.64715541
shopper_0010537,0,0,0.82295623
shopper_0010538,0,0,0.82111657
shopper_0010539,0,0,0.44609087
shopper_0010540,1,0,0.68937114
shopper_0010541,1,1,0.09142420
shopper_0010542,0,0,0.24350781
shopper_0010543,0,0,0.09932302
shopper_0010544,1,0,0.28879144
shopper_0010545,0,0,0.85906135
shopper_0010546,1,1,0.59582565
shopper_0010547,0,0,0.69143336
shopper_0010548,1,0,0.44819415
shopper_0010549,0,0,0.63257196
shopper_0010550,1,0,0.76855925
shopper_0010551,1,0,0.68490017
shopper_0010552,1,0,0.46721042
shopper_0010553,1,0,0.32935426
shopper_0010554,0,0,0.68159973
shopper_0010555,0,0,0.50032361
shopper_0010556,0,0,0.14961103
shopper_0010557,0,0,0.89929163
shopper_0010558,1,0,0.24920441
shopper_0010559,0,0,0.05264639
shopper_0010560,0,0,0.44029978
shopper_0010561,1,0,0.82753644
shopper_0010562,1,0,0.60292054
shopper_0010563,1,0,0.02319419
shopper_0010564,1,0,0.11648298
shopper_0010565,0,1,0.55772657
shopper_0010566,0,0,0.48785638
shopper_0010567,1,0,0.74017973
shopper_0010568,1,0,0.57781613
shopper_0010569,1,0,0.64973275
shopper_0010570,0,1,0.74983895
shopper_0010571,1,0,0.91321429
shopper_0010572,1,0,0.57013364
shopper_0010573,1,1,0.77783542
shopper_0010574,0,0,0.42384115
shopper_0010575,0,1,0.78316053
shopper_0010576,0,0,0.78535450
shopper_0010577,1,0,0.26870589
shopper_0010578,0,0,0.37932885
shopper_0010579,0,0,0.14919291
shopper_0010580,0,0,0.20006496
shopper_0010581,1,0,0.20642683
shopper_0010582,0,1,0.60538867
shopper_0010583,1,0,0.23719601
shopper_0010584,0,0,0.54964555
shopper_0010585,0,0,0.16072978
shopper_0010586,0,0,0.80723395
shopper_0010587,1,0,0.86586929
shopper_0010588,0,0,0.57583483
shopper_0010589,0,0,0.76194908
shopper_0010590,0,0,0.27070663
shopper_0010591,1,0,0.71210062
shopper_0010592,1,0,0.40667738
shopper_0010593,1,0,0.35545347
shopper_0010594,0,0,0.34428172
shopper_0010595,0,1,0.60451071
shopper_0010596,1,0,0.31093576
shopper_0010597,1,0,0.41305270
shopper_0010598,0,0,0.12245418
shopper_0010599,1,0,0.12093420
shopper_0010600,0,0,0.45319755
shopper_0010601,1,1,0.57895430
shopper_0010602,0,0,0.16300266
shopper_0010603,1,0,0.69723193
shopper_0010604,0,0,0.35458360
shopper_0010605,0,0,0.10629720
shopper_0010606,1,0,0.64670532
shopper_0010607,0,0,0.70849875
shopper_0010608,1,0,0.32567035
shopper_0010609,1,0,0.64202589
shopper_0010610,0,0,0.32778102
shopper_0010611,1,0,0.41842002
shopper_0010612,1,0,0.28155180
shopper_0010613,1,1,0.43721968
shopper_0010614,1,0,0.52637632
shopper_0010615,1,1,0.28934711
shopper_0010616,0,0,0.53115985
shopper_0010617,0,1,0.51976857
shopper_0010618,1,0,0.14344518
shopper_0010619,0,0,0.16450112
shopper_0010620,0,0,0.59663526
shopper_0010621,1,0,0.56572806
shopper_0010622,0,0,0.19714705
shopper_0010623,0,0,0.41445398
shopper_0010624,1,0,0.61163417
shopper_0010625,0,0,0.49816598
shopper_0010626,1,0,0.09757591
shopper_0010627,1,0,0.69046060
shopper_0010628,1,0,0.39010394
shopper_0010629,0,1,0.49891442
shopper_0010630,0,0,0.07256997
shopper_0010631,1,0,0.49389313
shopper_0010632,0,0,0.33128256
shopper_0010633,0,0,0.64776167
shopper_0010634,0,0,0.59991159
shopper_0010635,1,0,0.59989597
shopper_0010636,1,0,0.48942580
shopper_0010637,1,0,0.41227113
shopper_0010638,0,0,0.55107164
shopper_0010639,1,0,0.82322048
shopper_0010640,0,0,0.33328527
shopper_0010641,1,0,0.39257421
shopper_0010642,1,0,0.49030179
shopper_0010643,1,0,0.64214820
shopper_0010644,0,0,0.47542854
shopper_0010645,1,0,0.81965746
shopper_0010646,1,0,0.68180742
shopper_0010647,1,0,0.34107097
shopper_0010648,0,1,0.90566311
shopper_0010649,1,0,0.50983345
shopper_0010650,0,0,0.55813353
shopper_0010651,0,0,0.08921402
shopper_0010652,1,0,0.45783706
shopper_0010653,1,0,0.45341564
shopper_0010654,1,1,0.28723910
shopper_0010655,1,0,0.23808598
shopper_0010656,1,0,0.65841834
shopper_0010657,1,0,0.14246556
shopper_0010658,1,0,0.47692508
shopper_0010659,0,0,0.23339988
shopper_0010660,0,0,0.26493755
shopper_0010661,0,0,0.03804128
shopper_0010662,1,0,0.32653641
shopper_0010663,1,0,0.37738556
shopper_0010664,0,0,0.22378335
shopper_0010665,0,0,0.55618797
shopper_0010666,0,0,0.66471045
shopper_0010667,0,0,0.75695581
shopper_0010668,1,1,0.32843552
shopper_0010669,1,0,0.40539953
shopper_0010670,0,0,0.33803376
shopper_0010671,1,0,0.72801311
shopper_0010672,1,0,0.78494173
shopper_0010673,1,0,0.08679232
shopper_0010674,0,0,0.20012321
shopper_0010675,1,0,0.44233882
shopper_0010676,0,0,0.71945801
shopper_0010677,0,0,0.73400381
shopper_0010678,0,0,0.49193189
shopper_0010679,1,0,0.69005959
shopper_0010680,0,1,0.46369697
shopper_0010681,0,0,0.38056394
shopper_0010682,0,0,0.62937407
shopper_0010683,0,0,0.63032848
shopper_0010684,1,1,0.41006477
shopper_0010685,1,0,0.43403143
shopper_0010686,0,0,0.09082497
shopper_0010687,0,0,0.27595961
shopper_0010688,1,0,0.49916682
shopper_0010689,0,0,0.84687310
shopper_0010690,1,0,0.35388323
shopper_0010691,1,0,0.59471845
shopper_0010692,0,0,0.42821899
shopper_0010693,0,0,0.78349030
shopper_0010694,1,0,0.22803324
shopper_0010695,0,1,0.49190644
shopper_0010696,0,0,0.13681093
shopper_0010697,0,0,0.86238447
shopper_0010698,1,0,0.59904436
shopper_0010699,1,0,0.59277101
shopper_0010700,0,1,0.40615943
shopper_0010701,1,0,0.86018004
shopper_0010702,1,0,0.68340219
shopper_0010703,0,1,0.37073962
shopper_0010704,1,0,0.84123651
shopper_0010705,0,0,0.59319260
shopper_0010706,1,0,0.74447511
shopper_0010707,0,0,0.49203134
shopper_0010708,1,0,0.40280897
shopper_0010709,1,0,0.13320108
shopper_0010710,1,0,0.38480250
shopper_0010711,1,0,0.18933540
shopper_0010712,0,0,0.33451120
shopper_0010713,1,0,0.41530682
shopper_0010714,1,0,0.69729742
shopper_0010715,1,0,0.78180723
shopper_0010716,1,0,0.46976240
shopper_0010717,0,0,0.23393896
shopper_0010718,0,0,0.53096745
shopper_0010719,1,0,0.67026639
shopper_0010720,0,0,0.37725824
shopper_0010721,0,0,0.77692995
shopper_0010722,1,0,0.36334351
shopper_0010723,0,1,0.18156486
shopper_0010724,1,0,0.50900997
shopper_0010725,0,0,0.41891756
shopper_0010726,1,0,0.45523350
shopper_0010727,0,0,0.47642213
shopper_0010728,0,1,0.49661171
shopper_0010729,0,0,0.09436971
shopper_0010730,1,0,0.52526026
shopper_0010731,0,0,0.73737037
shopper_0010732,1,1,0.50182611
shopper_0010733,1,0,0.39382561
shopper_0010734,1,0,0.71962397
shopper_0010735,0,0,0.86034964
shopper_0010736,0,0,0.58968472
shopper_0010737,0,1,0.25262325
shopper_0010738,1,0,0.62336566
shopper_0010739,0,0,0.22132466
shopper_0010740,1,0,0.47092213
shopper_0010741,0,0,0.43721563
shopper_0010742,1,0,0.29816062
shopper_0010743,1,0,0.47650121
shopper_0010744,1,1,0.67520433
shopper_0010745,1,0,0.64593309
shopper_0010746,1,0,0.85757038
shopper_0010747,0,0,0.59524151
shopper_0010748,0,0,0.73955549
shopper_0010749,0,0,0.14226446
shopper_0010750,1,0,0.45358188
shopper_0010751,0,0,0.34513807
shopper_0010752,0,0,0.82644922
shopper_0010753,1,0,0.92002013
shopper_0010754,0,0,0.34278338
shopper_0010755,0,0,0.81304234
shopper_0010756,1,0,0.56055484
shopper_0010757,0,0,0.70039995
shopper_0010758,1,1,0.52481153
shopper_0010759,0,0,0.87815636
shopper_0010760,0,0,0.57445823
shopper_0010761,1,1,0.74678645
shopper_0010762,1,0,0.15866537
shopper_0010763,1,1,0.54083198
shopper_0010764,0,0,0.44306746
shopper_0010765,1,0,0.41178439
shopper_0010766,1,0,0.80402365
shopper_0010767,0,0,0.42091133
shopper_0010768,1,0,0.27089922
shopper_0010769,1,0,0.30104599
shopper_0010770,0,0,0.47679020
shopper_0010771,1,0,0.39467229
shopper_0010772,1,0,0.54024766
shopper_0010773,0,0,0.88929888
shopper_0010774,1,0,0.28758911
shopper_0010775,0,0,0.45654812
shopper_0010776,1,0,0.72218053
shopper_0010777,0,0,0.33602207
shopper_0010778,0,0,0.52593092
shopper_0010779,0,1,0.50019756
shopper_0010780,1,0,0.17790445
shopper_0010781,1,0,0.76725409
shopper_0010782,0,0,0.89577519
shopper_0010783,1,0,0.37098959
shopper_0010784,1,0,0.29165740
shopper_0010785,1,0,0.23483292
shopper_0010786,1,0,0.35341083
shopper_0010787,1,0,0.83488572
shopper_0010788,1,0,0.76455745
shopper_0010789,0,0,0.66723883
shopper_0010790,1,0,0.53486863
shopper_0010791,1,0,0.64869338
shopper_0010792,1,0,0.44534221
shopper_0010793,1,0,0.29377875
shopper_0010794,1,0,0.94614812
shopper_0010795,0,0,0.38331653
shopper_0010796,1,0,0.35290040
shopper_0010797,1,0,0.39736001
shopper_0010798,1,0,0.40152559
shopper_0010799,1,1,0.63637572
shopper_0010800,1,0,0.12022351
shopper_0010801,1,0,0.29718521
shopper_0010802,1,0,0.49349247
shopper_0010803,0,0,0.71891428
shopper_0010804,0,0,0.57497013
shopper_0010805,0,0,0.71955700
shopper_0010806,1,0,0.55227279
shopper_0010807,1,0,0.71128970
shopper_0010808,1,0,0.84581788
shopper_0010809,0,0,0.65332576
shopper_0010810,0,1,0.98758444
shopper_0010811,0,0,0.30221023
shopper_0010812,1,0,0.18368997
shopper_0010813,1,0,0.38083640
shopper_0010814,1,1,0.62419181
shopper_0010815,0,0,0.77293675
shopper_0010816,1,0,0.52099576
shopper_0010817,0,0,0.52951649
shopper_0010818,1,0,0.64609134
shopper_0010819,1,0,0.39637585
shopper_0010820,1,0,0.22127261
shopper_0010821,0,0,0.23296363
shopper_0010822,0,0,0.15377259
shopper_0010823,0,0,0.38639462
shopper_0010824,1,0,0.21290607
shopper_0010825,1,0,0.81792752
shopper_0010826,0,0,0.63231849
shopper_0010827,0,0,0.70967273
shopper_0010828,0,0,0.79203144
shopper_0010829,0,0,0.57157195
shopper_0010830,0,0,0.41083384
shopper_0010831,1,0,0.78192259
shopper_0010832,1,0,0.25036676
shopper_0010833,0,0,0.77854078
shopper_0010834,0,0,0.30988220
shopper_0010835,0,0,0.43502793
shopper_0010836,0,0,0.85013696
shopper_0010837,0,0,0.52524529
shopper_0010838,1,1,0.68699741
shopper_0010839,1,0,0.49899527
shopper_0010840,1,0,0.70699653
shopper_0010841,1,0,0.77875151
shopper_0010842,1,0,0.24650725
shopper_0010843,0,1,0.12594067
shopper_0010844,0,0,0.60488312
shopper_0010845,1,0,0.08319047
shopper_0010846,1,0,0.29001217
shopper_0010847,1,0,0.43861541
shopper_0010848,0,0,0.09652506
shopper_0010849,0,0,0.46512629
shopper_0010850,0,0,0.82557579
shopper_0010851,1,0,0.45962792
shopper_0010852,0,0,0.82990153
shopper_0010853,0,0,0.64465738
shopper_0010854,0,0,0.45998793
shopper_0010855,1,0,0.57771863
shopper_0010856,0,0,0.48064934
shopper_0010857,1,0,0.74179857
shopper_0010858,1,0,0.17312866
shopper_0010859,0,0,0.03788990
shopper_0010860,0,0,0.20043396
shopper_0010861,1,0,0.60338515
shopper_0010862,1,0,0.43258393
shopper_0010863,1,0,0.80790450
shopper_0010864,1,0,0.89620768
shopper_0010865,0,0,0.66247275
shopper_0010866,0,0,0.41943580
shopper_0010867,1,0,0.07229835
shopper_0010868,1,0,0.32876846
shopper_0010869,1,0,0.13491592
shopper_0010870,0,0,0.83879506
shopper_0010871,0,0,0.71307412
shopper_0010872,1,1,0.94444463
shopper_0010873,1,1,0.66517867
shopper_0010874,0,0,0.11516064
shopper_0010875,0,0,0.43431217
shopper_0010876,0,0,0.87262430
shopper_0010877,1,0,0.44347962
shopper_0010878,0,0,0.74441708
shopper_0010879,1,0,0.70074048
shopper_0010880,0,0,0.66536372
shopper_0010881,0,0,0.77694655
shopper_0010882,0,0,0.38218310
shopper_0010883,0,0,0.88453059
shopper_0010884,0,0,0.61223344
shopper_0010885,0,0,0.45206604
shopper_0010886,0,0,0.28656860
shopper_0010887,1,0,0.68935466
shopper_0010888,0,0,0.73588535
shopper_0010889,1,0,0.30445253
shopper_0010890,0,1,0.06664421
shopper_0010891,0,0,0.87728179
shopper_0010892,1,0,0.36119076
shopper_0010893,1,0,0.73480252
shopper_0010894,0,0,0.62509364
shopper_0010895,0,0,0.18343283
shopper_0010896,1,0,0.34816095
shopper_0010897,0,0,0.44364466
shopper_0010898,1,0,0.45974630
shopper_0010899,0,1,0.78796044
shopper_0010900,1,0,0.33563371
shopper_0010901,0,0,0.51080237
shopper_0010902,1,0,0.40880488
shopper_0010903,1,0,0.59669335
shopper_0010904,1,0,0.39051997
shopper_0010905,1,0,0.46811868
shopper_0010906,0,0,0.57456432
shopper_0010907,0,0,0.77034010
shopper_0010908,0,0,0.75500360
shopper_0010909,1,0,0.37986790
shopper_0010910,1,0,0.51339751
shopper_0010911,1,0,0.72389096
shopper_0010912,0,0,0.11588454
shopper_0010913,0,0,0.51086148
shopper_0010914,0,0,0.76207992
shopper_0010915,0,0,0.52136387
shopper_0010916,1,0,0.42721313
shopper_0010917,0,0,0.69163177
shopper_0010918,0,0,0.36680667
shopper_0010919,0,0,0.33178060
shopper_0010920,0,0,0.55163244
shopper_0010921,1,0,0.51109746
shopper_0010922,0,0,0.80611224
shopper_0010923,1,1,0.71772553
shopper_0010924,1,0,0.75819970
shopper_0010925,1,1,0.67334034
shopper_0010926,1,0,0.63623071
shopper_0010927,1,0,0.04995938
shopper_0010928,1,0,0.76749885
shopper_0010929,1,0,0.36365601
shopper_0010930,1,0,0.54512614
shopper_0010931,1,0,0.36984764
shopper_0010932,0,0,0.56627383
shopper_0010933,1,0,0.43993602
shopper_0010934,1,0,0.15891018
shopper_0010935,1,0,0.45822019
shopper_0010936,0,0,0.36537194
shopper_0010937,1,0,0.94549034
shopper_0010938,1,0,0.31285867
shopper_0010939,1,0,0.63238806
shopper_0010940,0,0,0.48101955
shopper_0010941,1,0,0.82476774
shopper_0010942,0,1,0.63789853
shopper_0010943,0,0,0.25609663
shopper_0010944,1,0,0.49806029
shopper_0010945,1,0,0.72950564
shopper_0010946,0,0,0.11737485
shopper_0010947,1,0,0.81676834
shopper_0010948,1,0,0.21321662
shopper_0010949,0,0,0.47497821
shopper_0010950,1,0,0.23369099
shopper_0010951,1,0,0.18228880
shopper_0010952,0,0,0.69043423
shopper_0010953,1,0,0.42446843
shopper_0010954,0,0,0.62281288
shopper_0010955,0,0,0.36992624
shopper_0010956,1,0,0.23095357
shopper_0010957,1,0,0.77806594
shopper_0010958,0,0,0.79936120
shopper_0010959,0,0,0.67054852
shopper_0010960,0,0,0.20991862
shopper_0010961,0,0,0.87786781
shopper_0010962,0,0,0.60847177
shopper_0010963,1,0,0.20633543
shopper_0010964,0,0,0.69246385
shopper_0010965,1,0,0.35556982
shopper_0010966,0,0,0.93097323
shopper_0010967,0,0,0.51727887
shopper_0010968,1,0,0.15458531
shopper_0010969,1,0,0.91766491
shopper_0010970,0,0,0.48005462
shopper_0010971,1,0,0.57847849
shopper_0010972,0,0,0.52072203
shopper_0010973,0,0,0.64543582
shopper_0010974,1,0,0.49707899
shopper_0010975,0,0,0.53561571
shopper_0010976,0,0,0.94498294
shopper_0010977,0,0,0.29544310
shopper_0010978,1,0,0.56588575
shopper_0010979,0,0,0.52014572
shopper_0010980,1,0,0.19019705
shopper_0010981,1,0,0.51153714
shopper_0010982,0,0,0.96872928
shopper_0010983,0,0,0.19145712
shopper_0010984,0,0,0.70841260
shopper_0010985,0,0,0.80811887
shopper_0010986,0,1,0.89372841
shopper_0010987,0,0,0.71303528
shopper_0010988,1,0,0.09912046
shopper_0010989,1,0,0.70766263
shopper_0010990,0,0,0.12435319
shopper_0010991,1,0,0.19882252
shopper_0010992,0,0,0.88569226
shopper_0010993,0,0,0.40325410
shopper_0010994,1,0,0.41276390
shopper_0010995,0,0,0.07365600
shopper_0010996,0,0,0.59455057
shopper_0010997,0,0,0.15509960
shopper_0010998,1,0,0.94791611
shopper_0010999,0,0,0.08637929
shopper_0011000,0,0,0.77097953
shopper_0011001,1,0,0.62712510
shopper_0011002,1,0,0.30109606
shopper_0011003,0,0,0.78280435
shopper_0011004,0,0,0.44559809
shopper_0011005,1,0,0.61813842
shopper_0011006,1,0,0.28455699
shopper_0011007,0,0,0.64565441
shopper_0011008,0,0,0.73196003
shopper_0011009,1,1,0.65210434
shopper_0011010,1,0,0.81937535
shopper_0011011,1,0,0.26812028
shopper_0011012,1,0,0.30771491
shopper_0011013,0,0,0.76444099
shopper_0011014,0,0,0.66824779
shopper_0011015,1,0,0.33338923
shopper_0011016,0,1,0.45356823
shopper_0011017,1,0,0.52449016
shopper_0011018,0,0,0.31632394
shopper_0011019,0,0,0.42895595
shopper_0011020,0,0,0.36701644
shopper_0011021,1,0,0.13462411
shopper_0011022,0,0,0.18493577
shopper_0011023,1,0,0.32570580
shopper_0011024,0,0,0.35412126
shopper_0011025,1,0,0.57946160
shopper_0011026,0,0,0.71229449
shopper_0011027,0,0,0.75639861
shopper_0011028,0,0,0.74648561
shopper_0011029,0,0,0.96329158
shopper_0011030,0,1,0.87039796
shopper_0011031,0,0,0.42452381
shopper_0011032,1,0,0.49027939
shopper_0011033,0,0,0.19059846
shopper_0011034,1,0,0.39839135
shopper_0011035,0,0,0.28626277
shopper_0011036,1,0,0.43542770
shopper_0011037,1,0,0.51282951
shopper_0011038,0,0,0.49636173
shopper_0011039,1,1,0.48441284
shopper_0011040,0,0,0.79536079
shopper_0011041,1,0,0.19837777
shopper_0011042,1,0,0.64848667
shopper_0011043,1,0,0.62422047
shopper_0011044,0,0,0.52789150
shopper_0011045,1,0,0.11899808
shopper_0011046,1,0,0.26741953
shopper_0011047,0,0,0.59688061
shopper_0011048,1,0,0.82074451
shopper_0011049,1,0,0.78924330
shopper_0011050,0,0,0.73950035
shopper_0011051,0,0,0.46777758
shopper_0011052,1,0,0.64161827
shopper_0011053,1,0,0.16866488
shopper_0011054,0,0,0.26022839
shopper_0011055,0,0,0.38840991
shopper_0011056,1,0,0.24454884
shopper_0011057,0,0,0.47908796
shopper_0011058,1,0,0.13248177
shopper_0011059,1,0,0.68356519
shopper_0011060,0,0,0.78545583
shopper_0011061,0,1,0.44171618
shopper_0011062,0,0,0.51227517
shopper_0011063,0,0,0.42474977
shopper_0011064,1,0,0.40217170
shopper_0011065,1,0,0.84137228
shopper_0011066,0,0,0.25557458
shopper_0011067,0,0,0.56611817
shopper_0011068,1,1,0.81574717
shopper_0011069,0,0,0.56857653
shopper_0011070,0,0,0.50385355
shopper_0011071,1,0,0.76032687
shopper_0011072,0,0,0.92643680
shopper_0011073,0,0,0.18649558
shopper_0011074,1,1,0.21523264
shopper_0011075,0,0,0.69663302
shopper_0011076,1,0,0.65909050
shopper_0011077,1,1,0.72135719
shopper_0011078,1,0,0.50370088
shopper_0011079,0,0,0.92588699
shopper_0011080,0,0,0.18224202
shopper_0011081,0,0,0.31400631
shopper_0011082,0,0,0.27829997
shopper_0011083,0,0,0.56739670
shopper_0011084,0,0,0.52005260
shopper_0011085,1,0,0.95979870
shopper_0011086,0,0,0.39531593
shopper_0011087,1,0,0.84754724
shopper_0011088,1,0,0.57657451
shopper_0011089,0,0,0.63100705
shopper_0011090,1,1,0.56946549
shopper_0011091,0,0,0.53315997
shopper_0011092,0,0,0.86163642
shopper_0011093,1,0,0.66974597
shopper_0011094,0,1,0.27123648
shopper_0011095,0,0,0.35566958
shopper_0011096,1,0,0.82877504
shopper_0011097,1,0,0.43694681
shopper_0011098,0,0,0.39663198
shopper_0011099,0,1,0.25203440
shopper_0011100,1,0,0.33977326
shopper_0011101,1,0,0.03392605
shopper_0011102,1,0,0.09679408
shopper_0011103,0,0,0.79947480
shopper_0011104,0,0,0.15671585
shopper_0011105,1,0,0.71327954
shopper_0011106,0,0,0.51157931
shopper_0011107,0,0,0.30181574
shopper_0011108,0,0,0.59242490
shopper_0011109,0,0,0.23495153
shopper_0011110,0,0,0.60131056
shopper_0011111,1,0,0.49371506
shopper_0011112,0,0,0.70134917
shopper_0011113,1,0,0.52406540
shopper_0011114,0,1,0.36161416
shopper_0011115,0,0,0.47051507
shopper_0011116,1,0,0.81778678
shopper_0011117,0,0,0.42728677
shopper_0011118,1,0,0.35641891
shopper_0011119,0,0,0.47757173
shopper_0011120,1,0,0.78203808
shopper_0011121,1,0,0.28980840
shopper_0011122,1,0,0.17487676
shopper_0011123,0,0,0.19927257
shopper_0011124,0,0,0.54757206
shopper_0011125,0,0,0.23197381
shopper_0011126,0,0,0.65305192
shopper_0011127,1,0,0.67667563
shopper_0011128,0,0,0.30350567
shopper_0011129,0,1,0.90013432
shopper_0011130,1,0,0.73265931
shopper_0011131,1,0,0.40541571
shopper_0011132,0,0,0.44127041
shopper_0011133,1,0,0.44393942
shopper_0011134,1,0,0.47939152
shopper_0011135,1,0,0.62680299
shopper_0011136,1,1,0.75752170
shopper_0011137,1,0,0.49792080
shopper_0011138,0,0,0.23609937
shopper_0011139,1,0,0.61095200
shopper_0011140,1,0,0.58546396
shopper_0011141,0,0,0.16491000
shopper_0011142,0,1,0.45122936
shopper_0011143,1,0,0.57223471
shopper_0011144,0,0,0.62765814
shopper_0011145,1,0,0.69399590
shopper_0011146,1,0,0.31644698
shopper_0011147,0,0,0.25378475
shopper_0011148,1,0,0.25658355
shopper_0011149,1,0,0.74198912
shopper_0011150,1,0,0.39421480
shopper_0011151,1,0,0.58581668
shopper_0011152,1,0,0.34252621
shopper_0011153,1,0,0.74707177
shopper_0011154,0,0,0.54798377
shopper_0011155,1,0,0.22029171
shopper_0011156,0,0,0.21081941
shopper_0011157,1,0,0.50930389
shopper_0011158,1,0,0.63248402
shopper_0011159,0,0,0.61133842
shopper_0011160,0,0,0.51776640
shopper_0011161,1,0,0.18075676
shopper_0011162,0,0,0.91181769
shopper_0011163,1,0,0.76715682
shopper_0011164,0,0,0.77895506
shopper_0011165,0,1,0.51107614
shopper_0011166,1,0,0.15593885
shopper_0011167,1,0,0.67111071
shopper_0011168,0,0,0.21843495
shopper_0011169,0,0,0.76982112
shopper_0011170,1,0,0.61843211
shopper_0011171,0,0,0.48819634
shopper_0011172,0,0,0.81928693
shopper_0011173,0,0,0.52605006
shopper_0011174,0,0,0.47623385
shopper_0011175,1,0,0.29162673
shopper_0011176,1,0,0.60598638
shopper_0011177,1,0,0.29412726
shopper_0011178,1,0,0.54760890
shopper_0011179,1,0,0.36018210
shopper_0011180,1,0,0.32359860
shopper_0011181,1,0,0.58995126
shopper_0011182,1,1,0.79384181
shopper_0011183,1,1,0.51654099
shopper_0011184,1,1,0.52429548
shopper_0011185,1,1,0.93393320
shopper_0011186,0,1,0.26567238
shopper_0011187,0,0,0.54331768
shopper_0011188,1,0,0.51167323
shopper_0011189,0,0,0.46314097
shopper_0011190,1,0,0.63263476
shopper_0011191,1,0,0.42391361
shopper_0011192,1,0,0.47042479
shopper_0011193,0,0,0.26303282
shopper_0011194,0,0,0.34171017
shopper_0011195,1,0,0.34082640
shopper_0011196,1,0,0.28492068
shopper_0011197,1,0,0.07594234
shopper_0011198,0,0,0.15508488
shopper_0011199,1,1,0.64714323
shopper_0011200,1,0,0.52236521
shopper_0011201,0,0,0.91365888
shopper_0011202,1,0,0.67230224
shopper_0011203,0,1,0.77792961
shopper_0011204,1,0,0.25693405
shopper_0011205,0,0,0.78488516
shopper_0011206,0,0,0.75377550
shopper_0011207,0,0,0.84716680
shopper_0011208,0,0,0.32189310
shopper_0011209,1,0,0.39188981
shopper_0011210,1,0,0.78260436
shopper_0011211,0,0,0.29172870
shopper_0011212,1,0,0.75151376
shopper_0011213,1,0,0.54289151
shopper_0011214,0,0,0.50438015
shopper_0011215,1,0,0.28751410
shopper_0011216,0,0,0.32260521
shopper_0011217,1,0,0.39703548
shopper_0011218,1,0,0.20366693
shopper_0011219,0,0,0.49798232
shopper_0011220,0,0,0.66155406
shopper_0011221,1,0,0.24694483
shopper_0011222,1,1,0.76969667
shopper_0011223,1,0,0.23409580
shopper_0011224,0,0,0.74885750
shopper_0011225,1,1,0.47510216
shopper_0011226,1,0,0.07588909
shopper_0011227,0,0,0.48594288
shopper_0011228,0,0,0.72626009
shopper_0011229,1,0,0.69171981
shopper_0011230,1,0,0.94398341
shopper_0011231,0,0,0.75360598
shopper_0011232,1,0,0.28734902
shopper_0011233,1,0,0.49603022
shopper_0011234,1,0,0.68065834
shopper_0011235,1,1,0.57321087
shopper_0011236,0,0,0.28436634
shopper_0011237,1,0,0.38666903
shopper_0011238,0,0,0.34399832
shopper_0011239,0,0,0.53502887
shopper_0011240,0,0,0.34356688
shopper_0011241,1,0,0.58452562
shopper_0011242,1,0,0.35862446
shopper_0011243,1,1,0.52859816
shopper_0011244,1,0,0.71223027
shopper_0011245,0,0,0.29839133
shopper_0011246,0,1,0.28887343
shopper_0011247,1,0,0.13664346
shopper_0011248,1,0,0.59749689
shopper_0011249,0,0,0.42092626
shopper_0011250,0,1,0.32656896
shopper_0011251,0,0,0.44285743
shopper_0011252,0,0,0.43564471
shopper_0011253,1,0,0.66207971
shopper_0011254,0,0,0.88743819
shopper_0011255,1,0,0.16715859
shopper_0011256,0,0,0.23638905
shopper_0011257,1,0,0.76307668
shopper_0011258,0,0,0.82218861
shopper_0011259,1,0,0.31858605
shopper_0011260,1,0,0.27826659
shopper_0011261,0,0,0.09056764
shopper_0011262,1,0,0.66864124
shopper_0011263,0,0,0.73863616
shopper_0011264,0,0,0.48465311
shopper_0011265,0,0,0.57722577
shopper_0011266,0,0,0.43907965
shopper_0011267,0,0,0.38788879
shopper_0011268,0,0,0.08343369
shopper_0011269,0,0,0.61755185
shopper_0011270,1,0,0.59405371
shopper_0011271,1,0,0.12702176
shopper_0011272,0,0,0.48208048
shopper_0011273,1,1,0.76850364
shopper_0011274,1,1,0.67435064
shopper_0011275,1,1,0.61988231
shopper_0011276,1,0,0.32286810
shopper_0011277,1,0,0.81897035
shopper_0011278,0,0,0.36376396
shopper_0011279,1,0,0.03600079
shopper_0011280,1,0,0.84864029
shopper_0011281,0,0,0.82639760
shopper_0011282,0,0,0.30779723
shopper_0011283,0,0,0.46438376
shopper_0011284,0,0,0.17320627
shopper_0011285,0,0,0.19828371
shopper_0011286,0,0,0.36423963
shopper_0011287,1,0,0.12152687
shopper_0011288,1,0,0.36357667
shopper_0011289,1,0,0.45563802
shopper_0011290,0,0,0.52304546
shopper_0011291,1,0,0.22123568
shopper_0011292,0,0,0.32425499
shopper_0011293,0,0,0.02550619
shopper_0011294,0,1,0.24306768
shopper_0011295,0,0,0.20078999
shopper_0011296,1,0,0.20850512
shopper_0011297,0,1,0.55558737
shopper_0011298,1,0,0.73396106
shopper_0011299,1,0,0.81088555
shopper_0011300,0,0,0.35100147
shopper_0011301,1,0,0.42541483
shopper_0011302,0,0,0.49666398
shopper_0011303,0,1,0.78224196
shopper_0011304,0,1,0.77545644
shopper_0011305,0,1,0.32953087
shopper_0011306,0,0,0.44585846
shopper_0011307,1,1,0.87054646
shopper_0011308,0,0,0.20159331
shopper_0011309,0,1,0.24565028
shopper_0011310,0,0,0.76939447
shopper_0011311,0,1,0.63442744
shopper_0011312,0,0,0.69861226
shopper_0011313,0,0,0.63773894
shopper_0011314,1,0,0.91626730
shopper_0011315,1,0,0.60391592
shopper_0011316,1,0,0.47329862
shopper_0011317,1,0,0.74740989
shopper_0011318,1,0,0.30007798
shopper_0011319,0,0,0.20730929
shopper_0011320,0,0,0.88624005
shopper_0011321,0,0,0.38428367
shopper_0011322,0,0,0.75373313
shopper_0011323,1,1,0.71377955
shopper_0011324,0,0,0.79338325
shopper_0011325,0,0,0.11815800
shopper_0011326,1,0,0.31792698
shopper_0011327,1,0,0.70975007
shopper_0011328,0,0,0.52272173
shopper_0011329,1,0,0.26631778
shopper_0011330,1,0,0.83626381
shopper_0011331,0,0,0.30623293
shopper_0011332,1,0,0.27609786
shopper_0011333,0,0,0.46198035
shopper_0011334,1,0,0.10032921
shopper_0011335,1,0,0.24037582
shopper_0011336,1,0,0.74597207
shopper_0011337,1,0,0.08948354
shopper_0011338,1,0,0.52322313
shopper_0011339,1,0,0.62176638
shopper_0011340,0,0,0.65341398
shopper_0011341,0,0,0.48836694
shopper_0011342,0,1,0.48843431
shopper_0011343,1,0,0.48271895
shopper_0011344,0,0,0.30321805
shopper_0011345,0,1,0.35564255
shopper_0011346,0,0,0.35769251
shopper_0011347,0,0,0.52410276
shopper_0011348,1,0,0.42024635
shopper_0011349,0,0,0.53791519
shopper_0011350,1,0,0.81304680
shopper_0011351,0,0,0.44475988
shopper_0011352,0,0,0.21733607
shopper_0011353,0,1,0.59863414
shopper_0011354,1,0,0.89124705
shopper_0011355,0,0,0.56763222
shopper_0011356,1,0,0.67893228
shopper_0011357,1,0,0.59256723
shopper_0011358,0,0,0.51003204
shopper_0011359,0,1,0.69094663
shopper_0011360,0,0,0.81681641
shopper_0011361,1,0,0.48245013
shopper_0011362,0,0,0.30790235
shopper_0011363,0,0,0.45294413
shopper_0011364,1,0,0.32590024
shopper_0011365,1,0,0.78587549
shopper_0011366,0,0,0.22061435
shopper_0011367,0,0,0.50684676
shopper_0011368,1,0,0.62608672
shopper_0011369,1,0,0.65527177
shopper_0011370,0,0,0.70376641
shopper_0011371,1,1,0.78231914
shopper_0011372,1,0,0.11601169
shopper_0011373,0,0,0.36157979
shopper_0011374,0,0,0.40721311
shopper_0011375,1,1,0.17171091
shopper_0011376,0,0,0.23550880
shopper_0011377,1,0,0.24100214
shopper_0011378,1,0,0.24615128
shopper_0011379,0,0,0.18519019
shopper_0011380,0,0,0.10500674
shopper_0011381,0,0,0.32388668
shopper_0011382,1,0,0.77353787
shopper_0011383,0,0,0.96497680
shopper_0011384,0,0,0.75577850
shopper_0011385,0,0,0.76680066
shopper_0011386,0,0,0.36561899
shopper_0011387,1,1,0.94646776
shopper_0011388,0,0,0.65697489
shopper_0011389,0,0,0.70707417
shopper_0011390,1,0,0.62188130
shopper_0011391,1,0,0.39944658
shopper_0011392,0,0,0.11082313
shopper_0011393,0,0,0.46874511
shopper_0011394,0,0,0.61868362
shopper_0011395,1,0,0.78801325
shopper_0011396,0,0,0.42837508
shopper_0011397,0,1,0.79792351
shopper_0011398,0,0,0.43614590
shopper_0011399,1,0,0.37544844
shopper_0011400,1,0,0.54540098
shopper_0011401,0,0,0.81143135
shopper_0011402,0,0,0.36726414
shopper_0011403,0,0,0.68492643
shopper_0011404,0,0,0.26319221
shopper_0011405,1,0,0.71152464
shopper_0011406,1,0,0.39342661
shopper_0011407,1,0,0.52508976
shopper_0011408,0,0,0.52392457
shopper_0011409,0,0,0.25597266
shopper_0011410,0,0,0.37179977
shopper_0011411,0,0,0.32749219
shopper_0011412,0,0,0.86451458
shopper_0011413,1,0,0.62275780
shopper_0011414,1,0,0.77570178
shopper_0011415,1,1,0.39036555
shopper_0011416,1,0,0.48536619
shopper_0011417,1,0,0.82349901
shopper_0011418,1,0,0.45806530
shopper_0011419,1,0,0.47155610
shopper_0011420,0,0,0.15711107
shopper_0011421,1,0,0.12962408
shopper_0011422,0,0,0.22856242
shopper_0011423,1,0,0.94531839
shopper_0011424,0,0,0.61167199
shopper_0011425,0,0,0.23728616
shopper_0011426,1,0,0.59650618
shopper_0011427,0,0,0.46093765
shopper_0011428,1,0,0.76391170
shopper_0011429,0,1,0.73808291
shopper_0011430,0,1,0.38019964
shopper_0011431,0,0,0.73296904
shopper_0011432,1,0,0.80496218
shopper_0011433,0,0,0.90780323
shopper_0011434,0,0,0.64950251
shopper_0011435,0,0,0.34127354
shopper_0011436,0,0,0.67442248
shopper_0011437,0,0,0.28662954
shopper_0011438,1,0,0.78855460
shopper_0011439,1,1,0.25031008
shopper_0011440,0,0,0.30556458
shopper_0011441,0,1,0.72968301
shopper_0011442,0,0,0.59202989
shopper_0011443,0,1,0.59674934
shopper_0011444,0,0,0.22481602
shopper_0011445,1,1,0.53353188
shopper_0011446,0,0,0.69294569
shopper_0011447,1,0,0.77266242
shopper_0011448,0,0,0.63526933
shopper_0011449,0,0,0.67770821
shopper_0011450,0,0,0.41040072
shopper_0011451,1,0,0.41746155
shopper_0011452,1,0,0.73178298
shopper_0011453,1,0,0.85790162
shopper_0011454,1,0,0.86246652
shopper_0011455,1,0,0.54472421
shopper_0011456,1,0,0.85558678
shopper_0011457,1,0,0.49077072
shopper_0011458,1,0,0.29362057
shopper_0011459,0,0,0.79561763
shopper_0011460,1,0,0.23589078
shopper_0011461,1,0,0.33314633
shopper_0011462,1,0,0.72179329
shopper_0011463,0,0,0.59022694
shopper_0011464,0,0,0.27910228
shopper_0011465,1,1,0.66520887
shopper_0011466,0,0,0.83200914
shopper_0011467,0,0,0.80080443
shopper_0011468,1,0,0.47112947
shopper_0011469,0,0,0.54249781
shopper_0011470,0,0,0.45102957
shopper_0011471,0,0,0.58893216
shopper_0011472,1,1,0.98103601
shopper_0011473,1,0,0.26700399
shopper_0011474,0,0,0.32973655
shopper_0011475,1,1,0.96734108
shopper_0011476,0,0,0.45462887
shopper_0011477,0,0,0.26819122
shopper_0011478,1,0,0.84548284
shopper_0011479,0,0,0.11820514
shopper_0011480,1,0,0.96126213
shopper_0011481,1,0,0.61112135
shopper_0011482,1,0,0.74667424
shopper_0011483,0,1,0.55262789
shopper_0011484,1,0,0.62600382
shopper_0011485,1,0,0.66861670
shopper_0011486,1,0,0.78566184
shopper_0011487,0,0,0.67800367
shopper_0011488,1,0,0.85162936
shopper_0011489,1,0,0.31544784
shopper_0011490,0,0,0.46562297
shopper_0011491,1,1,0.91253625
shopper_0011492,0,0,0.54511340
shopper_0011493,0,0,0.54019076
shopper_0011494,0,0,0.46444278
shopper_0011495,1,0,0.86293954
shopper_0011496,1,0,0.33736224
shopper_0011497,1,0,0.44852932
shopper_0011498,1,0,0.13780433
shopper_0011499,1,0,0.43951604
shopper_0011500,1,0,0.37667303
shopper_0011501,0,0,0.81041102
shopper_0011502,1,0,0.73038490
shopper_0011503,1,0,0.24445194
shopper_0011504,1,0,0.62032669
shopper_0011505,0,0,0.60514622
shopper_0011506,0,0,0.48328206
shopper_0011507,1,0,0.55108071
shopper_0011508,0,0,0.56622905
shopper_0011509,0,0,0.03382642
shopper_0011510,1,1,0.22233683
shopper_0011511,0,1,0.89802515
shopper_0011512,1,0,0.19027311
shopper_0011513,1,0,0.35322565
shopper_0011514,0,0,0.36673837
shopper_0011515,0,0,0.74030328
shopper_0011516,1,0,0.34959069
shopper_0011517,1,0,0.29005736
shopper_0011518,1,0,0.29368838
shopper_0011519,1,0,0.71341980
shopper_0011520,0,0,0.51524795
shopper_0011521,0,0,0.32816792
shopper_0011522,0,0,0.53144935
shopper_0011523,0,0,0.74581296
shopper_0011524,0,0,0.90594833
shopper_0011525,1,0,0.59656957
shopper_0011526,0,0,0.64714000
shopper_0011527,0,0,0.78240344
shopper_0011528,1,0,0.51209860
shopper_0011529,0,1,0.63807816
shopper_0011530,0,0,0.27903148
shopper_0011531,1,0,0.54905780
shopper_0011532,0,0,0.35694653
shopper_0011533,1,0,0.43043250
shopper_0011534,0,0,0.32163682
shopper_0011535,0,0,0.59121506
shopper_0011536,1,0,0.19624786
shopper_0011537,0,0,0.70336749
shopper_0011538,1,0,0.42735912
shopper_0011539,0,0,0.28870468
shopper_0011540,0,1,0.93442833
shopper_0011541,0,0,0.53606518
shopper_0011542,1,0,0.45712356
shopper_0011543,0,0,0.26771415
shopper_0011544,1,1,0.67117898
shopper_0011545,0,0,0.79972964
shopper_0011546,1,0,0.34460879
shopper_0011547,0,1,0.73880740
shopper_0011548,1,0,0.10957452
shopper_0011549,0,0,0.34716500
shopper_0011550,1,0,0.36023688
shopper_0011551,1,0,0.72070609
shopper_0011552,1,0,0.87364138
shopper_0011553,1,1,0.81966174
shopper_0011554,0,1,0.29411619
shopper_0011555,1,0,0.30591672
shopper_0011556,1,0,0.72283675
shopper_0011557,1,0,0.35695256
shopper_0011558,0,1,0.28537567
shopper_0011559,0,0,0.69900363
shopper_0011560,1,0,0.36666291
shopper_0011561,0,0,0.53162062
shopper_0011562,1,0,0.86397759
shopper_0011563,1,0,0.61354212
shopper_0011564,0,0,0.40841388
shopper_0011565,0,0,0.12000821
shopper_0011566,0,0,0.53074841
shopper_0011567,0,0,0.49686317
shopper_0011568,0,0,0.42398219
shopper_0011569,0,0,0.40902755
shopper_0011570,0,0,0.19285576
shopper_0011571,0,0,0.94267352
shopper_0011572,1,0,0.50367931
shopper_0011573,0,0,0.47646043
shopper_0011574,0,0,0.59407566
shopper_0011575,0,0,0.28540899
shopper_0011576,0,0,0.50270214
shopper_0011577,1,1,0.37804024
shopper_0011578,0,0,0.30753312
shopper_0011579,0,0,0.34283708
shopper_0011580,1,0,0.30184520
shopper_0011581,1,0,0.59486856
shopper_0011582,0,0,0.32059997
shopper_0011583,0,0,0.61263893
shopper_0011584,1,0,0.45165341
shopper_0011585,1,0,0.72062396
shopper_0011586,0,0,0.56448521
shopper_0011587,0,0,0.42491427
shopper_0011588,0,0,0.48242295
shopper_0011589,0,0,0.24356459
shopper_0011590,1,0,0.75887523
shopper_0011591,0,0,0.61379778
shopper_0011592,0,0,0.74295612
shopper_0011593,1,0,0.87005478
shopper_0011594,1,0,0.42004393
shopper_0011595,0,0,0.26096278
shopper_0011596,1,0,0.74436990
shopper_0011597,0,0,0.37173269
shopper_0011598,0,0,0.55437110
shopper_0011599,1,0,0.82022326
shopper_0011600,0,0,0.59039207
shopper_0011601,0,0,0.37340674
shopper_0011602,1,1,0.94833296
shopper_0011603,0,0,0.09393213
shopper_0011604,1,0,0.75559146
shopper_0011605,0,0,0.61314974
shopper_0011606,1,0,0.64071445
shopper_0011607,0,0,0.65329277
shopper_0011608,1,1,0.42353031
shopper_0011609,0,0,0.13956451
shopper_0011610,0,0,0.31858223
shopper_0011611,1,0,0.45700889
shopper_0011612,0,0,0.86077122
shopper_0011613,0,0,0.45120754
shopper_0011614,0,0,0.62189185
shopper_0011615,1,0,0.28601076
shopper_0011616,0,0,0.45878611
shopper_0011617,1,0,0.92665627
shopper_0011618,0,0,0.90067018
shopper_0011619,1,0,0.05449438
shopper_0011620,0,0,0.11136039
shopper_0011621,0,0,0.96176784
shopper_0011622,0,0,0.21999687
shopper_0011623,0,0,0.70155633
shopper_0011624,1,0,0.68224863
shopper_0011625,1,0,0.17411974
shopper_0011626,1,0,0.83912204
shopper_0011627,1,0,0.34337072
shopper_0011628,1,0,0.80314432
shopper_0011629,1,0,0.57283602
shopper_0011630,0,1,0.74149469
shopper_0011631,1,0,0.52831543
shopper_0011632,1,0,0.82860768
shopper_0011633,0,0,0.27199222
shopper_0011634,1,0,0.23655955
shopper_0011635,0,1,0.41308547
shopper_0011636,0,0,0.08155224
shopper_0011637,1,0,0.36276313
shopper_0011638,0,0,0.57955312
shopper_0011639,1,0,0.34252421
shopper_0011640,0,0,0.90789597
shopper_0011641,0,0,0.55847119
shopper_0011642,0,0,0.50903891
shopper_0011643,0,0,0.72887213
shopper_0011644,0,0,0.63633039
shopper_0011645,0,0,0.32871699
shopper_0011646,1,0,0.41835572
shopper_0011647,0,0,0.66498401
shopper_0011648,0,0,0.89847633
shopper_0011649,0,0,0.35673621
shopper_0011650,0,0,0.61431348
shopper_0011651,1,0,0.68489837
shopper_0011652,0,0,0.76017617
shopper_0011653,0,0,0.83024872
shopper_0011654,0,0,0.22037697
shopper_0011655,1,0,0.53330024
shopper_0011656,1,0,0.86911505
shopper_0011657,1,0,0.23879446
shopper_0011658,0,0,0.88770218
shopper_0011659,1,0,0.79474835
shopper_0011660,0,0,0.65082250
shopper_0011661,1,0,0.79037179
shopper_0011662,0,0,0.08323469
shopper_0011663,0,0,0.79546853
shopper_0011664,1,0,0.33166367
shopper_0011665,1,0,0.69962585
shopper_0011666,0,0,0.58626345
shopper_0011667,0,0,0.46584099
shopper_0011668,1,0,0.54922694
shopper_0011669,0,0,0.82263177
shopper_0011670,0,0,0.56875405
shopper_0011671,0,0,0.54034097
shopper_0011672,0,0,0.46936172
shopper_0011673,1,0,0.42907725
shopper_0011674,1,0,0.21061419
shopper_0011675,0,0,0.59668550
shopper_0011676,1,0,0.31538358
shopper_0011677,1,0,0.60424101
shopper_0011678,0,0,0.68161037
shopper_0011679,0,0,0.20532132
shopper_0011680,0,0,0.79560786
shopper_0011681,1,0,0.86349564
shopper_0011682,1,0,0.61938101
shopper_0011683,1,1,0.81962943
shopper_0011684,1,0,0.67326621
shopper_0011685,0,0,0.54082330
shopper_0011686,0,0,0.78987471
shopper_0011687,0,1,0.79736532
shopper_0011688,1,0,0.47881862
shopper_0011689,0,0,0.95014478
shopper_0011690,0,0,0.17094932
shopper_0011691,1,0,0.21636532
shopper_0011692,1,0,0.47587041
shopper_0011693,1,0,0.42048738
shopper_0011694,1,0,0.32888642
shopper_0011695,1,0,0.75529835
shopper_0011696,0,0,0.72027530
shopper_0011697,1,0,0.20053513
shopper_0011698,1,1,0.49698803
shopper_0011699,0,0,0.25392791
shopper_0011700,1,0,0.40790194
shopper_0011701,0,0,0.28609050
shopper_0011702,0,0,0.34100521
shopper_0011703,0,0,0.36718855
shopper_0011704,0,0,0.48498031
shopper_0011705,1,0,0.84154830
shopper_0011706,0,0,0.37381993
shopper_0011707,0,1,0.49047877
shopper_0011708,1,0,0.38053244
shopper_0011709,1,1,0.58898627
shopper_0011710,1,1,0.74105282
shopper_0011711,1,0,0.54062863
shopper_0011712,0,1,0.94306030
shopper_0011713,0,1,0.48744618
shopper_0011714,0,0,0.92382412
shopper_0011715,1,1,0.77968777
shopper_0011716,1,0,0.77567608
shopper_0011717,0,1,0.68817658
shopper_0011718,0,0,0.40543381
shopper_0011719,0,0,0.83132936
shopper_0011720,0,1,0.87110248
shopper_0011721,0,0,0.65005120
shopper_0011722,1,0,0.27193144
shopper_0011723,1,1,0.81427295
shopper_0011724,1,0,0.28383614
shopper_0011725,1,0,0.31230078
shopper_0011726,0,0,0.52991181
shopper_0011727,0,0,0.69061771
shopper_0011728,0,0,0.61433280
shopper_0011729,0,0,0.36047520
shopper_0011730,0,0,0.86742436
shopper_0011731,1,0,0.41600638
shopper_0011732,0,0,0.30141395
shopper_0011733,1,1,0.18990104
shopper_0011734,0,0,0.71756949
shopper_0011735,1,0,0.47816647
shopper_0011736,1,1,0.62367985
shopper_0011737,0,0,0.92806144
shopper_0011738,1,0,0.87542574
shopper_0011739,0,0,0.27145914
shopper_0011740,1,0,0.35731875
shopper_0011741,0,0,0.87142416
shopper_0011742,1,0,0.13932778
shopper_0011743,0,0,0.23273143
shopper_0011744,0,0,0.92833444
shopper_0011745,0,0,0.78776215
shopper_0011746,0,0,0.59161861
shopper_0011747,0,1,0.29078543
shopper_0011748,0,0,0.72466692
shopper_0011749,1,0,0.56020461
shopper_0011750,0,0,0.21064096
shopper_0011751,0,0,0.24942109
shopper_0011752,0,0,0.28859566
shopper_0011753,1,0,0.67728470
shopper_0011754,1,0,0.68937415
shopper_0011755,1,0,0.87742603
shopper_0011756,0,0,0.27044266
shopper_0011757,1,0,0.46365624
shopper_0011758,1,0,0.33728401
shopper_0011759,1,0,0.61231569
shopper_0011760,1,0,0.58757993
shopper_0011761,0,0,0.73257695
shopper_0011762,0,0,0.62321331
shopper_0011763,1,1,0.39883118
shopper_0011764,1,0,0.22028619
shopper_0011765,1,0,0.32250940
shopper_0011766,0,0,0.68646515
shopper_0011767,1,0,0.20633237
shopper_0011768,1,0,0.87572805
shopper_0011769,0,0,0.21950720
shopper_0011770,0,0,0.73590943
shopper_0011771,0,0,0.59416557
shopper_0011772,1,0,0.24293081
shopper_0011773,0,0,0.58747129
shopper_0011774,1,0,0.28695977
shopper_0011775,0,0,0.38098474
shopper_0011776,0,0,0.44026364
shopper_0011777,1,0,0.31192669
shopper_0011778,0,0,0.54043109
shopper_0011779,1,0,0.55823860
shopper_0011780,1,0,0.66759074
shopper_0011781,1,0,0.11057100
shopper_0011782,0,0,0.14787771
shopper_0011783,0,0,0.43437415
shopper_0011784,1,0,0.25726563
shopper_0011785,1,0,0.78992463
shopper_0011786,1,0,0.52467159
shopper_0011787,0,0,0.21840863
shopper_0011788,1,0,0.36020851
shopper_0011789,1,0,0.69856596
shopper_0011790,0,0,0.79056498
shopper_0011791,0,0,0.47776695
shopper_0011792,0,1,0.37404703
shopper_0011793,0,0,0.24461436
shopper_0011794,0,0,0.64858089
shopper_0011795,1,1,0.67660090
shopper_0011796,0,0,0.78604256
shopper_0011797,0,0,0.59909320
shopper_0011798,1,0,0.74456753
shopper_0011799,0,0,0.36165924
shopper_0011800,0,1,0.35886055
shopper_0011801,1,0,0.63621477
shopper_0011802,1,0,0.44875404
shopper_0011803,0,0,0.84294945
shopper_0011804,0,0,0.41641909
shopper_0011805,1,0,0.45789251
shopper_0011806,0,0,0.68132852
shopper_0011807,1,0,0.38732068
shopper_0011808,0,0,0.45815943
shopper_0011809,0,0,0.56010827
shopper_0011810,1,0,0.84593045
shopper_0011811,0,0,0.49400797
shopper_0011812,0,0,0.63180807
shopper_0011813,1,0,0.19986318
shopper_0011814,0,0,0.45998582
shopper_0011815,0,0,0.70299226
shopper_0011816,0,0,0.85039899
shopper_0011817,1,0,0.58884663
shopper_0011818,1,0,0.94094958
shopper_0011819,0,0,0.76833713
shopper_0011820,0,0,0.27237507
shopper_0011821,1,0,0.53154507
shopper_0011822,1,0,0.85414935
shopper_0011823,1,0,0.50647775
shopper_0011824,0,0,0.15634425
shopper_0011825,1,0,0.23996437
shopper_0011826,0,0,0.27590700
shopper_0011827,1,0,0.38588730
shopper_0011828,0,0,0.29148136
shopper_0011829,0,0,0.15280909
shopper_0011830,1,0,0.84466704
shopper_0011831,1,1,0.18913743
shopper_0011832,1,0,0.44749460
shopper_0011833,0,1,0.46139941
shopper_0011834,1,0,0.30526953
shopper_0011835,1,0,0.67125734
shopper_0011836,1,0,0.62127214
shopper_0011837,0,0,0.23446469
shopper_0011838,0,0,0.41936455
shopper_0011839,0,0,0.68987197
shopper_0011840,0,0,0.11804596
shopper_0011841,0,0,0.40160021
shopper_0011842,0,1,0.66952155
shopper_0011843,1,0,0.41247551
shopper_0011844,1,0,0.53651669
shopper_0011845,0,0,0.79087865
shopper_0011846,0,0,0.06986162
shopper_0011847,0,0,0.39990173
shopper_0011848,1,0,0.73699657
shopper_0011849,1,0,0.18950078
shopper_0011850,0,0,0.76030886
shopper_0011851,0,1,0.42711397
shopper_0011852,0,0,0.59630994
shopper_0011853,0,0,0.78450530
shopper_0011854,0,0,0.79710774
shopper_0011855,0,0,0.28307894
shopper_0011856,0,0,0.72996039
shopper_0011857,1,0,0.56127916
shopper_0011858,0,0,0.32631401
shopper_0011859,1,0,0.63746048
shopper_0011860,0,1,0.40666371
shopper_0011861,0,0,0.66391316
shopper_0011862,0,0,0.58587330
shopper_0011863,1,0,0.56692764
shopper_0011864,1,0,0.68000537
shopper_0011865,1,0,0.89719341
shopper_0011866,1,0,0.79035588
shopper_0011867,1,1,0.47000404
shopper_0011868,0,0,0.64912984
shopper_0011869,0,0,0.21585122
shopper_0011870,1,0,0.20368320
shopper_0011871,1,0,0.55891199
shopper_0011872,0,0,0.86058982
shopper_0011873,1,0,0.71086368
shopper_0011874,0,0,0.64389775
shopper_0011875,0,0,0.78689840
shopper_0011876,1,0,0.65852577
shopper_0011877,1,1,0.31504134
shopper_0011878,0,0,0.50140264
shopper_0011879,0,0,0.52267287
shopper_0011880,1,0,0.58799895
shopper_0011881,1,0,0.68874771
shopper_0011882,1,0,0.38789133
shopper_0011883,1,0,0.80303033
shopper_0011884,0,0,0.52612905
shopper_0011885,1,0,0.25842552
shopper_0011886,0,0,0.48399986
shopper_0011887,1,0,0.60420192
shopper_0011888,0,0,0.24321808
shopper_0011889,0,0,0.53437798
shopper_0011890,0,0,0.50192043
shopper_0011891,1,0,0.92077683
shopper_0011892,1,0,0.40543955
shopper_0011893,0,0,0.29156474
shopper_0011894,0,0,0.52823130
shopper_0011895,1,0,0.66474922
shopper_0011896,1,0,0.13253809
shopper_0011897,1,1,0.79842618
shopper_0011898,0,0,0.75926398
shopper_0011899,1,0,0.54234222
shopper_0011900,0,0,0.35042909
shopper_0011901,1,0,0.45906211
shopper_0011902,1,0,0.80175544
shopper_0011903,1,0,0.51388580
shopper_0011904,1,1,0.83260526
shopper_0011905,0,0,0.60428248
shopper_0011906,1,0,0.45924407
shopper_0011907,1,1,0.29596204
shopper_0011908,1,0,0.55943894
shopper_0011909,0,0,0.29147263
shopper_0011910,1,0,0.45225214
shopper_0011911,1,0,0.65783011
shopper_0011912,0,0,0.53020751
shopper_0011913,0,0,0.68382075
shopper_0011914,0,0,0.38375245
shopper_0011915,0,0,0.41725841
shopper_0011916,1,0,0.43888296
shopper_0011917,1,0,0.57606449
shopper_0011918,1,0,0.40536838
shopper_0011919,0,0,0.45936765
shopper_0011920,1,0,0.63603387
shopper_0011921,0,0,0.38304974
shopper_0011922,0,0,0.05383167
shopper_0011923,0,0,0.94333578
shopper_0011924,1,0,0.18677778
shopper_0011925,0,0,0.39680902
shopper_0011926,1,1,0.92172417
shopper_0011927,1,0,0.64617192
shopper_0011928,0,0,0.86509857
shopper_0011929,0,0,0.37939689
shopper_0011930,1,0,0.65139591
shopper_0011931,0,0,0.48318314
shopper_0011932,1,0,0.63112181
shopper_0011933,1,0,0.71835269
shopper_0011934,1,0,0.68149271
shopper_0011935,1,0,0.27512483
shopper_0011936,1,1,0.32906163
shopper_0011937,1,0,0.76119692
shopper_0011938,1,0,0.88458326
shopper_0011939,0,1,0.53356641
shopper_0011940,1,0,0.87050684
shopper_0011941,0,0,0.71585051
shopper_0011942,1,0,0.13796883
shopper_0011943,1,0,0.70176794
shopper_0011944,0,0,0.29144189
shopper_0011945,1,0,0.64813584
shopper_0011946,0,0,0.48330226
shopper_0011947,1,0,0.71446093
shopper_0011948,1,0,0.30818160
shopper_0011949,0,0,0.69600549
shopper_0011950,1,0,0.20966158
shopper_0011951,0,0,0.67801878
shopper_0011952,0,0,0.48429555
shopper_0011953,0,0,0.57018749
shopper_0011954,1,0,0.34362261
shopper_0011955,0,0,0.27421625
shopper_0011956,1,0,0.39482467
shopper_0011957,1,0,0.54975620
shopper_0011958,1,0,0.58642898
shopper_0011959,1,0,0.56161284
shopper_0011960,0,0,0.49012088
shopper_0011961,0,0,0.50193620
shopper_0011962,0,0,0.57966663
shopper_0011963,0,0,0.09807319
shopper_0011964,0,0,0.92558498
shopper_0011965,0,1,0.27635607
shopper_0011966,1,0,0.50743993
shopper_0011967,1,1,0.22481468
shopper_0011968,1,0,0.37009761
shopper_0011969,1,1,0.92982690
shopper_0011970,0,0,0.40450016
shopper_0011971,0,0,0.69817810
shopper_0011972,1,0,0.57127859
shopper_0011973,0,0,0.90004309
shopper_0011974,1,0,0.15384532
shopper_0011975,0,0,0.32030098
shopper_0011976,0,0,0.89702471
shopper_0011977,1,0,0.66103411
shopper_0011978,1,0,0.41096553
shopper_0011979,1,0,0.52380239
shopper_0011980,1,0,0.33544848
shopper_0011981,1,0,0.96362333
shopper_0011982,1,0,0.85412124
shopper_0011983,0,0,0.61544268
shopper_0011984,0,0,0.38253525
shopper_0011985,1,0,0.93302542
shopper_0011986,1,0,0.23205655
shopper_0011987,1,0,0.70310682
shopper_0011988,1,0,0.48679513
shopper_0011989,1,0,0.36573948
shopper_0011990,1,0,0.36010933
shopper_0011991,0,0,0.12964878
shopper_0011992,0,0,0.76247936
shopper_0011993,0,0,0.38861171
shopper_0011994,1,1,0.39748217
shopper_0011995,0,0,0.56145295
shopper_0011996,1,0,0.49110146
shopper_0011997,0,0,0.52285787
shopper_0011998,1,0,0.85142104
shopper_0011999,0,0,0.33281133
shopper_0012000,1,0,0.59930790
shopper_0012001,1,0,0.41793532
shopper_0012002,1,0,0.48144718
shopper_0012003,0,0,0.56627170
shopper_0012004,0,0,0.31249002
shopper_0012005,1,1,0.64359916
shopper_0012006,1,0,0.74041406
shopper_0012007,0,0,0.45759195
shopper_0012008,1,0,0.65204400
shopper_0012009,1,1,0.83269159
shopper_0012010,0,0,0.42337051
shopper_0012011,0,0,0.53670483
shopper_0012012,1,0,0.71538087
shopper_0012013,1,0,0.60246329
shopper_0012014,1,0,0.28518030
shopper_0012015,0,0,0.27058017
shopper_0012016,0,0,0.10068894
shopper_0012017,1,0,0.36607056
shopper_0012018,0,0,0.57499915
shopper_0012019,0,0,0.43118183
shopper_0012020,1,0,0.86075399
shopper_0012021,0,0,0.92496803
shopper_0012022,0,0,0.45297163
shopper_0012023,1,0,0.95964664
shopper_0012024,0,0,0.44648340
shopper_0012025,0,0,0.69015673
shopper_0012026,0,0,0.64960834
shopper_0012027,0,1,0.47503797
shopper_0012028,0,0,0.91650242
shopper_0012029,1,0,0.10905823
shopper_0012030,0,0,0.89958687
shopper_0012031,1,0,0.64977167
shopper_0012032,0,0,0.45542300
shopper_0012033,0,0,0.26329202
shopper_0012034,1,0,0.66054514
shopper_0012035,0,0,0.27552011
shopper_0012036,1,0,0.49411953
shopper_0012037,0,0,0.36585725
shopper_0012038,0,0,0.45082349
shopper_0012039,0,0,0.54768312
shopper_0012040,0,0,0.18612039
shopper_0012041,1,0,0.45076873
shopper_0012042,1,0,0.64231108
shopper_0012043,1,1,0.60965682
shopper_0012044,1,0,0.18959474
shopper_0012045,0,0,0.84046999
shopper_0012046,0,0,0.29195562
shopper_0012047,1,0,0.41272234
shopper_0012048,0,0,0.28228120
shopper_0012049,1,0,0.98932724
shopper_0012050,1,1,0.92212710
shopper_0012051,0,0,0.49986060
shopper_0012052,0,0,0.21395597
shopper_0012053,1,0,0.70578400
shopper_0012054,0,0,0.78247166
shopper_0012055,0,0,0.24267208
shopper_0012056,1,0,0.54320594
shopper_0012057,1,0,0.24072583
shopper_0012058,1,0,0.26079228
shopper_0012059,1,0,0.85350657
shopper_0012060,0,0,0.56219692
shopper_0012061,1,0,0.62475809
shopper_0012062,1,0,0.84839615
shopper_0012063,0,0,0.78213428
shopper_0012064,0,0,0.64457102
shopper_0012065,1,0,0.63464262
shopper_0012066,1,0,0.65236669
shopper_0012067,1,1,0.76594919
shopper_0012068,1,0,0.27186647
shopper_0012069,1,0,0.56207244
shopper_0012070,1,1,0.32405773
shopper_0012071,1,1,0.32426856
shopper_0012072,1,0,0.70845243
shopper_0012073,0,1,0.82064574
shopper_0012074,0,0,0.36410944
shopper_0012075,0,0,0.65588477
shopper_0012076,1,0,0.48589350
shopper_0012077,1,0,0.27436200
shopper_0012078,1,0,0.40594533
shopper_0012079,1,0,0.30947224
shopper_0012080,1,1,0.89003394
shopper_0012081,0,0,0.52931269
shopper_0012082,1,0,0.44359359
shopper_0012083,0,0,0.62261357
shopper_0012084,0,0,0.60019726
shopper_0012085,1,1,0.73571003
shopper_0012086,0,0,0.60249960
shopper_0012087,1,1,0.71774168
shopper_0012088,1,0,0.77557601
shopper_0012089,1,0,0.19983637
shopper_0012090,0,0,0.16548322
shopper_0012091,1,0,0.38812201
shopper_0012092,1,1,0.51173876
shopper_0012093,1,0,0.59931586
shopper_0012094,0,0,0.81152291
shopper_0012095,1,0,0.25556841
shopper_0012096,1,0,0.25927656
shopper_0012097,1,0,0.60929398
shopper_0012098,1,0,0.24976799
shopper_0012099,0,0,0.86188399
shopper_0012100,1,0,0.09446636
shopper_0012101,1,0,0.16552136
shopper_0012102,1,0,0.66645991
shopper_0012103,0,1,0.68033017
shopper_0012104,1,0,0.47713335
shopper_0012105,0,0,0.13974187
shopper_0012106,0,0,0.72291440
shopper_0012107,1,0,0.21352052
shopper_0012108,1,0,0.85697428
shopper_0012109,0,0,0.25452872
shopper_0012110,1,0,0.53381853
shopper_0012111,0,0,0.36296356
shopper_0012112,1,0,0.27874501
shopper_0012113,0,0,0.67825994
shopper_0012114,0,0,0.37916164
shopper_0012115,1,0,0.14466794
shopper_0012116,1,0,0.28230283
shopper_0012117,1,0,0.90875933
shopper_0012118,0,0,0.13953390
shopper_0012119,0,1,0.18580614
shopper_0012120,0,0,0.60862898
shopper_0012121,0,0,0.80013941
shopper_0012122,0,0,0.20387282
shopper_0012123,0,0,0.25089264
shopper_0012124,0,1,0.87272632
shopper_0012125,0,0,0.40636916
shopper_0012126,1,0,0.55573718
shopper_0012127,1,0,0.30665321
shopper_0012128,1,0,0.53703218
shopper_0012129,0,1,0.77125529
shopper_0012130,1,1,0.25323390
shopper_0012131,0,0,0.20340539
shopper_0012132,1,0,0.85948779
shopper_0012133,0,0,0.40422817
shopper_0012134,1,0,0.30422590
shopper_0012135,0,0,0.83985895
shopper_0012136,0,0,0.62443771
shopper_0012137,0,1,0.59882944
shopper_0012138,0,0,0.49637661
shopper_0012139,0,0,0.47241626
shopper_0012140,1,0,0.07145692
shopper_0012141,0,0,0.46330341
shopper_0012142,0,0,0.77114455
shopper_0012143,0,0,0.30845124
shopper_0012144,0,0,0.62396125
shopper_0012145,0,0,0.62361426
shopper_0012146,0,1,0.79730645
shopper_0012147,0,0,0.55578379
shopper_0012148,1,0,0.46411260
shopper_0012149,0,0,0.73894829
shopper_0012150,0,0,0.55066898
shopper_0012151,0,0,0.53354465
shopper_0012152,1,0,0.20687391
shopper_0012153,0,1,0.70133714
shopper_0012154,0,0,0.43805236
shopper_0012155,1,1,0.12245609
shopper_0012156,1,1,0.38608306
shopper_0012157,0,0,0.62004133
shopper_0012158,0,0,0.11116116
shopper_0012159,1,0,0.55452234
shopper_0012160,0,0,0.77267781
shopper_0012161,1,0,0.21093362
shopper_0012162,1,0,0.68114558
shopper_0012163,1,1,0.46157393
shopper_0012164,1,0,0.56791595
shopper_0012165,0,0,0.52218406
shopper_0012166,1,0,0.72294509
shopper_0012167,1,0,0.47881366
shopper_0012168,1,0,0.31553761
shopper_0012169,0,0,0.63214550
shopper_0012170,1,0,0.89392248
shopper_0012171,1,0,0.24458040
shopper_0012172,0,1,0.74734085
shopper_0012173,0,0,0.62323036
shopper_0012174,1,0,0.05884897
shopper_0012175,1,0,0.65356231
shopper_0012176,1,1,0.78749656
shopper_0012177,0,0,0.56560498
shopper_0012178,0,0,0.85748479
shopper_0012179,1,0,0.22569717
shopper_0012180,0,0,0.32291017
shopper_0012181,0,0,0.59512316
shopper_0012182,0,0,0.41351073
shopper_0012183,1,1,0.28262517
shopper_0012184,1,0,0.58916105
shopper_0012185,1,1,0.23196990
shopper_0012186,1,0,0.73975415
shopper_0012187,0,0,0.61832599
shopper_0012188,1,0,0.79253395
shopper_0012189,1,0,0.58149751
shopper_0012190,1,0,0.11681003
shopper_0012191,1,0,0.16709248
shopper_0012192,0,0,0.75057309
shopper_0012193,1,0,0.69481666
shopper_0012194,1,0,0.30881738
shopper_0012195,0,0,0.26034658
shopper_0012196,0,0,0.27934658
shopper_0012197,0,0,0.93648031
shopper_0012198,1,1,0.02550482
shopper_0012199,1,0,0.68621459
shopper_0012200,0,1,0.92352864
shopper_0012201,1,0,0.63617937
shopper_0012202,0,0,0.32873286
shopper_0012203,1,0,0.44546335
shopper_0012204,0,0,0.64836537
shopper_0012205,0,0,0.89143640
shopper_0012206,0,0,0.40739652
shopper_0012207,1,1,0.32534699
shopper_0012208,0,0,0.55655421
shopper_0012209,0,0,0.44812332
shopper_0012210,0,0,0.67510476
shopper_0012211,0,0,0.17191050
shopper_0012212,1,0,0.93698970
shopper_0012213,1,0,0.41024143
shopper_0012214,1,0,0.84917313
shopper_0012215,0,0,0.87841728
shopper_0012216,1,0,0.92365148
shopper_0012217,0,0,0.11993689
shopper_0012218,0,0,0.58923563
shopper_0012219,0,0,0.71946200
shopper_0012220,1,0,0.89137519
shopper_0012221,0,0,0.15635434
shopper_0012222,0,0,0.48036591
shopper_0012223,0,0,0.68397813
shopper_0012224,1,0,0.50051810
shopper_0012225,1,0,0.84658023
shopper_0012226,1,0,0.12719670
shopper_0012227,0,0,0.08482168
shopper_0012228,0,0,0.33517978
shopper_0012229,1,0,0.59582542
shopper_0012230,1,0,0.36009916
shopper_0012231,1,0,0.80619712
shopper_0012232,0,0,0.28924653
shopper_0012233,1,0,0.18738240
shopper_0012234,0,1,0.35034397
shopper_0012235,0,0,0.85993273
shopper_0012236,1,0,0.36917412
shopper_0012237,0,0,0.67507804
shopper_0012238,1,0,0.65111156
shopper_0012239,0,0,0.60224085
shopper_0012240,0,0,0.40992333
shopper_0012241,0,0,0.26996327
shopper_0012242,0,0,0.08898520
shopper_0012243,1,0,0.26400515
shopper_0012244,0,0,0.69472612
shopper_0012245,1,1,0.43676860
shopper_0012246,1,0,0.25542358
shopper_0012247,0,1,0.62104143
shopper_0012248,1,0,0.63319990
shopper_0012249,0,0,0.61927449
shopper_0012250,0,0,0.31600631
shopper_0012251,1,1,0.17650181
shopper_0012252,0,0,0.31736673
shopper_0012253,1,0,0.52976974
shopper_0012254,0,0,0.53672186
shopper_0012255,1,1,0.58383259
shopper_0012256,1,0,0.51727169
shopper_0012257,0,0,0.89905426
shopper_0012258,0,0,0.15974596
shopper_0012259,0,0,0.70819941
shopper_0012260,1,0,0.30067568
shopper_0012261,1,1,0.31145469
shopper_0012262,1,0,0.65629030
shopper_0012263,1,1,0.93167318
shopper_0012264,0,0,0.62593973
shopper_0012265,0,0,0.53599629
shopper_0012266,0,0,0.44680688
shopper_0012267,1,0,0.41378593
shopper_0012268,0,0,0.92826843
shopper_0012269,0,0,0.55801756
shopper_0012270,1,0,0.70501561
shopper_0012271,0,0,0.79148883
shopper_0012272,0,0,0.43934187
shopper_0012273,0,0,0.71355589
shopper_0012274,0,0,0.19085020
shopper_0012275,0,0,0.53966492
shopper_0012276,1,0,0.33843328
shopper_0012277,1,0,0.86652619
shopper_0012278,1,0,0.37228867
shopper_0012279,1,0,0.80429571
shopper_0012280,0,0,0.29620150
shopper_0012281,0,0,0.56337427
shopper_0012282,1,0,0.73427375
shopper_0012283,1,1,0.78549406
shopper_0012284,0,0,0.06363563
shopper_0012285,1,0,0.56553851
shopper_0012286,1,0,0.07611018
shopper_0012287,0,0,0.59685469
shopper_0012288,0,0,0.14952976
shopper_0012289,0,0,0.14538343
shopper_0012290,0,0,0.70907731
shopper_0012291,1,0,0.39959893
shopper_0012292,0,0,0.49894785
shopper_0012293,1,0,0.64394713
shopper_0012294,1,0,0.34044726
shopper_0012295,0,0,0.21249324
shopper_0012296,1,0,0.67710586
shopper_0012297,1,0,0.45228044
shopper_0012298,0,0,0.22933703
shopper_0012299,1,0,0.15639419
shopper_0012300,1,0,0.56562838
shopper_0012301,1,0,0.62220804
shopper_0012302,1,0,0.68753025
shopper_0012303,0,0,0.13508478
shopper_0012304,0,0,0.46959033
shopper_0012305,0,0,0.39227472
shopper_0012306,1,0,0.92157556
shopper_0012307,1,0,0.88997565
shopper_0012308,0,0,0.41693093
shopper_0012309,1,0,0.50465388
shopper_0012310,1,0,0.17217573
shopper_0012311,0,0,0.42509100
shopper_0012312,1,0,0.11971138
shopper_0012313,0,0,0.53597274
shopper_0012314,1,0,0.27984257
shopper_0012315,0,0,0.65927217
shopper_0012316,1,0,0.75993067
shopper_0012317,0,0,0.26780828
shopper_0012318,1,0,0.40144732
shopper_0012319,0,1,0.42781551
shopper_0012320,0,0,0.33200002
shopper_0012321,1,0,0.63511481
shopper_0012322,0,0,0.44022779
shopper_0012323,0,0,0.93491762
shopper_0012324,0,0,0.31847892
shopper_0012325,0,0,0.83664534
shopper_0012326,1,0,0.11601618
shopper_0012327,0,0,0.37986060
shopper_0012328,1,0,0.22110724
shopper_0012329,0,0,0.59798686
shopper_0012330,1,1,0.77708533
shopper_0012331,1,0,0.45874548
shopper_0012332,0,0,0.39006974
shopper_0012333,0,0,0.09991933
shopper_0012334,1,0,0.78943293
shopper_0012335,0,0,0.27833062
shopper_0012336,0,0,0.75839059
shopper_0012337,1,0,0.55200895
shopper_0012338,1,0,0.54175172
shopper_0012339,0,0,0.41551196
shopper_0012340,0,0,0.62395573
shopper_0012341,0,0,0.69325379
shopper_0012342,0,0,0.73115318
shopper_0012343,0,0,0.97899319
shopper_0012344,1,1,0.31172029
shopper_0012345,1,0,0.32852568
shopper_0012346,1,0,0.63985006
shopper_0012347,0,0,0.71113685
shopper_0012348,0,0,0.50537040
shopper_0012349,1,1,0.68746103
shopper_0012350,1,0,0.71742795
shopper_0012351,1,0,0.77584977
shopper_0012352,1,0,0.62751509
shopper_0012353,1,0,0.73888781
shopper_0012354,0,0,0.69597299
shopper_0012355,1,0,0.40695486
shopper_0012356,0,0,0.53171234
shopper_0012357,0,1,0.26635497
shopper_0012358,0,0,0.45178265
shopper_0012359,0,1,0.69163337
shopper_0012360,1,0,0.82715142
shopper_0012361,1,0,0.27497676
shopper_0012362,0,0,0.52600287
shopper_0012363,0,0,0.26855902
shopper_0012364,0,0,0.54147272
shopper_0012365,1,0,0.55763149
shopper_0012366,0,0,0.56345448
shopper_0012367,1,0,0.30285605
shopper_0012368,1,0,0.75568474
shopper_0012369,0,0,0.30037781
shopper_0012370,0,0,0.38485498
shopper_0012371,1,0,0.83878025
shopper_0012372,0,0,0.51309263
shopper_0012373,1,0,0.41158583
shopper_0012374,0,0,0.63609506
shopper_0012375,1,0,0.75662445
shopper_0012376,1,0,0.36300779
shopper_0012377,1,0,0.48750466
shopper_0012378,0,0,0.44730590
shopper_0012379,1,0,0.15726711
shopper_0012380,1,0,0.23728554
shopper_0012381,0,0,0.77414808
shopper_0012382,0,0,0.47823964
shopper_0012383,1,0,0.35706476
shopper_0012384,0,0,0.35001570
shopper_0012385,0,0,0.18249070
shopper_0012386,0,1,0.38827009
shopper_0012387,0,0,0.13678456
shopper_0012388,1,0,0.13841468
shopper_0012389,1,0,0.37518230
shopper_0012390,1,0,0.28046312
shopper_0012391,1,0,0.27750332
shopper_0012392,0,0,0.45455879
shopper_0012393,0,0,0.52718975
shopper_0012394,0,0,0.14958307
shopper_0012395,0,0,0.86561428
shopper_0012396,1,0,0.52915334
shopper_0012397,1,0,0.37021359
shopper_0012398,1,1,0.66773270
shopper_0012399,1,0,0.11118535
shopper_0012400,0,0,0.43159402
shopper_0012401,0,0,0.36229274
shopper_0012402,1,1,0.30883241
shopper_0012403,0,0,0.68432512
shopper_0012404,1,0,0.83378232
shopper_0012405,0,1,0.78004912
shopper_0012406,1,0,0.39541026
shopper_0012407,0,0,0.12750266
shopper_0012408,0,0,0.16087701
shopper_0012409,1,0,0.38218382
shopper_0012410,0,0,0.33958717
shopper_0012411,0,1,0.46032720
shopper_0012412,0,0,0.72070506
shopper_0012413,0,0,0.22754824
shopper_0012414,0,1,0.56737179
shopper_0012415,0,0,0.45624544
shopper_0012416,0,0,0.14207424
shopper_0012417,1,0,0.43097736
shopper_0012418,1,0,0.54593469
shopper_0012419,1,1,0.82582491
shopper_0012420,1,0,0.58042294
shopper_0012421,1,0,0.61117080
shopper_0012422,1,0,0.19407821
shopper_0012423,1,0,0.27350179
shopper_0012424,1,1,0.46205766
shopper_0012425,1,0,0.41250362
shopper_0012426,1,0,0.22091762
shopper_0012427,1,0,0.70628277
shopper_0012428,0,0,0.15603544
shopper_0012429,0,0,0.25174766
shopper_0012430,0,0,0.87628322
shopper_0012431,1,0,0.56188720
shopper_0012432,1,0,0.38086968
shopper_0012433,1,0,0.44807017
shopper_0012434,1,0,0.38368415
shopper_0012435,1,0,0.87309201
shopper_0012436,1,0,0.58731568
shopper_0012437,0,0,0.50816537
shopper_0012438,1,0,0.82220916
shopper_0012439,1,0,0.54803313
shopper_0012440,1,0,0.33855258
shopper_0012441,0,0,0.81889037
shopper_0012442,0,1,0.69514503
shopper_0012443,1,1,0.79237774
shopper_0012444,0,0,0.79150841
shopper_0012445,1,1,0.58732169
shopper_0012446,1,0,0.85579268
shopper_0012447,1,1,0.50235210
shopper_0012448,1,0,0.69316333
shopper_0012449,1,1,0.39464402
shopper_0012450,1,0,0.08626822
shopper_0012451,0,0,0.24084146
shopper_0012452,0,0,0.33780881
shopper_0012453,1,0,0.61736935
shopper_0012454,0,0,0.51750433
shopper_0012455,1,0,0.56497681
shopper_0012456,0,0,0.22693635
shopper_0012457,1,0,0.51064822
shopper_0012458,0,0,0.41471224
shopper_0012459,1,0,0.67277150
shopper_0012460,1,0,0.65682268
shopper_0012461,0,1,0.80553838
shopper_0012462,1,1,0.08914173
shopper_0012463,0,0,0.28693021
shopper_0012464,1,0,0.13954005
shopper_0012465,0,1,0.56232685
shopper_0012466,0,0,0.82680228
shopper_0012467,1,0,0.51261625
shopper_0012468,1,1,0.83034926
shopper_0012469,1,0,0.61315993
shopper_0012470,1,0,0.32840412
shopper_0012471,0,0,0.65435352
shopper_0012472,1,0,0.60644110
shopper_0012473,0,1,0.37396931
shopper_0012474,1,0,0.62888708
shopper_0012475,1,0,0.17752554
shopper_0012476,0,0,0.14952880
shopper_0012477,0,0,0.79280427
shopper_0012478,1,0,0.68578093
shopper_0012479,1,0,0.51005467
shopper_0012480,0,0,0.13841916
shopper_0012481,1,0,0.55004311
shopper_0012482,0,0,0.20793652
shopper_0012483,0,0,0.36926847
shopper_0012484,1,0,0.51017876
shopper_0012485,1,0,0.15689333
shopper_0012486,0,0,0.36566298
shopper_0012487,1,0,0.05812137
shopper_0012488,1,1,0.67646235
shopper_0012489,0,0,0.48973962
shopper_0012490,1,0,0.25190503
shopper_0012491,0,0,0.58331710
shopper_0012492,0,0,0.55566663
shopper_0012493,1,0,0.43526878
shopper_0012494,0,0,0.40330245
shopper_0012495,1,0,0.26910710
shopper_0012496,1,0,0.74705317
shopper_0012497,0,0,0.14920205
shopper_0012498,0,1,0.19532411
shopper_0012499,0,0,0.32932305
shopper_0012500,0,0,0.38645270
shopper_0012501,1,0,0.42352886
shopper_0012502,1,0,0.54528919
shopper_0012503,1,0,0.59817152
shopper_0012504,0,0,0.39724566
shopper_0012505,1,1,0.77561307
shopper_0012506,0,0,0.81404169
shopper_0012507,0,1,0.77236672
shopper_0012508,0,0,0.26828989
shopper_0012509,0,0,0.54959572
shopper_0012510,1,0,0.57066762
shopper_0012511,1,0,0.55968401
shopper_0012512,1,0,0.86515403
shopper_0012513,0,0,0.66362632
shopper_0012514,0,0,0.61283162
shopper_0012515,0,0,0.05041621
shopper_0012516,1,1,0.77050684
shopper_0012517,0,1,0.30772772
shopper_0012518,1,0,0.67026771
shopper_0012519,1,0,0.77399287
shopper_0012520,1,0,0.13551667
shopper_0012521,0,0,0.84586651
shopper_0012522,1,0,0.62076941
shopper_0012523,1,0,0.27510887
shopper_0012524,0,0,0.09485304
shopper_0012525,1,1,0.27986692
shopper_0012526,0,0,0.64403264
shopper_0012527,0,1,0.53110055
shopper_0012528,0,0,0.27255875
shopper_0012529,0,0,0.65301473
shopper_0012530,1,0,0.55534096
shopper_0012531,0,0,0.24427747
shopper_0012532,1,0,0.62638665
shopper_0012533,1,0,0.28601260
shopper_0012534,0,0,0.02367735
shopper_0012535,0,0,0.47630971
shopper_0012536,0,0,0.31849670
shopper_0012537,0,0,0.04660386
shopper_0012538,1,0,0.66295816
shopper_0012539,0,0,0.55949344
shopper_0012540,1,0,0.35070649
shopper_0012541,1,0,0.36913546
shopper_0012542,1,1,0.64238773
shopper_0012543,0,0,0.43129420
shopper_0012544,1,0,0.59681156
shopper_0012545,1,0,0.84630913
shopper_0012546,1,0,0.39755620
shopper_0012547,1,0,0.87862397
shopper_0012548,1,0,0.84112381
shopper_0012549,1,0,0.72394140
shopper_0012550,0,1,0.46144839
shopper_0012551,1,0,0.56643675
shopper_0012552,1,0,0.20532932
shopper_0012553,0,0,0.42592784
shopper_0012554,1,1,0.79339302
shopper_0012555,1,0,0.13082253
shopper_0012556,0,0,0.56670505
shopper_0012557,0,0,0.11147828
shopper_0012558,0,0,0.72172923
shopper_0012559,1,0,0.50235754
shopper_0012560,1,0,0.87720603
shopper_0012561,0,0,0.35826937
shopper_0012562,0,0,0.79085390
shopper_0012563,1,0,0.29299777
shopper_0012564,1,0,0.87136247
shopper_0012565,1,0,0.49822111
shopper_0012566,1,0,0.16478205
shopper_0012567,0,0,0.30173786
shopper_0012568,0,0,0.53982969
shopper_0012569,1,0,0.39941959
shopper_0012570,0,0,0.33678844
shopper_0012571,0,0,0.65066304
shopper_0012572,0,0,0.02039091
shopper_0012573,1,0,0.65231748
shopper_0012574,0,0,0.15965388
shopper_0012575,1,0,0.79247734
shopper_0012576,0,0,0.39004961
shopper_0012577,1,0,0.59694338
shopper_0012578,1,0,0.06636424
shopper_0012579,1,0,0.75226794
shopper_0012580,1,0,0.40191422
shopper_0012581,0,1,0.47838789
shopper_0012582,0,0,0.18702457
shopper_0012583,1,1,0.35554935
shopper_0012584,0,0,0.14492527
shopper_0012585,0,0,0.73871430
shopper_0012586,0,0,0.51322985
shopper_0012587,0,0,0.53772559
shopper_0012588,1,0,0.71946757
shopper_0012589,0,0,0.44883375
shopper_0012590,0,0,0.20526156
shopper_0012591,0,0,0.39053489
shopper_0012592,0,0,0.59216730
shopper_0012593,0,0,0.08903655
shopper_0012594,0,0,0.50493971
shopper_0012595,0,0,0.46396126
shopper_0012596,0,1,0.68535606
shopper_0012597,0,0,0.44397674
shopper_0012598,1,0,0.57095525
shopper_0012599,0,1,0.41607182
shopper_0012600,1,0,0.75877308
shopper_0012601,0,0,0.79034979
shopper_0012602,0,0,0.29374221
shopper_0012603,0,0,0.16004424
shopper_0012604,0,0,0.47986337
shopper_0012605,1,0,0.82066790
shopper_0012606,1,1,0.84397647
shopper_0012607,1,0,0.68893558
shopper_0012608,1,0,0.21120964
shopper_0012609,1,0,0.28501130
shopper_0012610,1,0,0.33643281
shopper_0012611,1,0,0.25306737
shopper_0012612,1,0,0.16919157
shopper_0012613,1,0,0.35979109
shopper_0012614,1,1,0.64193095
shopper_0012615,1,0,0.45006673
shopper_0012616,0,0,0.26661091
shopper_0012617,1,0,0.46014122
shopper_0012618,0,0,0.58960499
shopper_0012619,1,0,0.58645360
shopper_0012620,0,0,0.50631610
shopper_0012621,0,0,0.03720218
shopper_0012622,1,0,0.38821043
shopper_0012623,1,0,0.29471865
shopper_0012624,1,0,0.15556966
shopper_0012625,1,0,0.26878739
shopper_0012626,1,0,0.32859897
shopper_0012627,1,0,0.53252787
shopper_0012628,0,0,0.93340996
shopper_0012629,1,0,0.82651548
shopper_0012630,1,0,0.51386314
shopper_0012631,1,0,0.68452481
shopper_0012632,0,0,0.19158124
shopper_0012633,1,0,0.37966572
shopper_0012634,1,0,0.21058220
shopper_0012635,0,0,0.64750385
shopper_0012636,1,0,0.09793916
shopper_0012637,1,0,0.58006243
shopper_0012638,0,0,0.90307826
shopper_0012639,0,0,0.51042076
shopper_0012640,0,0,0.46616254
shopper_0012641,1,0,0.66925735
shopper_0012642,1,0,0.82577087
shopper_0012643,0,0,0.39409504
shopper_0012644,0,0,0.31954654
shopper_0012645,0,0,0.93572365
shopper_0012646,1,0,0.16573028
shopper_0012647,0,0,0.57799790
shopper_0012648,0,0,0.66316121
shopper_0012649,1,0,0.91735884
shopper_0012650,1,0,0.30406712
shopper_0012651,1,0,0.63256754
shopper_0012652,1,0,0.26120021
shopper_0012653,0,0,0.82125987
shopper_0012654,1,0,0.97128463
shopper_0012655,1,0,0.28700545
shopper_0012656,0,0,0.54192084
shopper_0012657,0,0,0.54254087
shopper_0012658,0,0,0.62626457
shopper_0012659,0,0,0.58287317
shopper_0012660,1,0,0.51414504
shopper_0012661,0,0,0.14476918
shopper_0012662,0,0,0.67645934
shopper_0012663,0,0,0.16067303
shopper_0012664,0,0,0.26902443
shopper_0012665,1,0,0.35209418
shopper_0012666,1,0,0.46057122
shopper_0012667,1,1,0.50948525
shopper_0012668,0,0,0.40251105
shopper_0012669,1,1,0.27446481
shopper_0012670,1,0,0.20915560
shopper_0012671,1,0,0.40698312
shopper_0012672,0,0,0.47185849
shopper_0012673,1,0,0.63163605
shopper_0012674,1,1,0.87260278
shopper_0012675,0,0,0.68273883
shopper_0012676,0,0,0.47180620
shopper_0012677,1,0,0.70540312
shopper_0012678,1,0,0.49785272
shopper_0012679,0,1,0.76357589
shopper_0012680,0,0,0.41617261
shopper_0012681,1,0,0.78419526
shopper_0012682,1,0,0.47807318
shopper_0012683,1,0,0.25681692
shopper_0012684,1,0,0.19571560
shopper_0012685,1,0,0.40986759
shopper_0012686,0,0,0.48459987
shopper_0012687,0,0,0.61779693
shopper_0012688,0,0,0.57680077
shopper_0012689,0,0,0.27744459
shopper_0012690,0,0,0.67663000
shopper_0012691,0,0,0.41803850
shopper_0012692,0,0,0.66356564
shopper_0012693,1,0,0.47636793
shopper_0012694,1,0,0.41302757
shopper_0012695,1,0,0.15309738
shopper_0012696,1,0,0.19885690
shopper_0012697,0,0,0.33708369
shopper_0012698,1,0,0.06675484
shopper_0012699,0,1,0.82424427
shopper_0012700,0,0,0.35125614
shopper_0012701,1,0,0.86654379
shopper_0012702,1,0,0.47555578
shopper_0012703,1,0,0.87429177
shopper_0012704,0,0,0.71839157
shopper_0012705,0,0,0.23330006
shopper_0012706,0,0,0.42283496
shopper_0012707,0,0,0.60780090
shopper_0012708,1,0,0.61554094
shopper_0012709,0,0,0.17182864
shopper_0012710,1,0,0.23108167
shopper_0012711,1,0,0.13685253
shopper_0012712,1,0,0.44314732
shopper_0012713,0,0,0.43056455
shopper_0012714,1,1,0.48174182
shopper_0012715,1,0,0.47392614
shopper_0012716,1,0,0.33828282
shopper_0012717,0,0,0.87217084
shopper_0012718,0,0,0.45346899
shopper_0012719,1,0,0.90360639
shopper_0012720,1,0,0.35141580
shopper_0012721,0,0,0.56364454
shopper_0012722,0,0,0.47777743
shopper_0012723,1,1,0.52049214
shopper_0012724,0,0,0.21026775
shopper_0012725,1,0,0.54428427
shopper_0012726,1,0,0.77427991
shopper_0012727,0,0,0.39619152
shopper_0012728,0,0,0.52600316
shopper_0012729,0,0,0.65603703
shopper_0012730,0,0,0.68539124
shopper_0012731,1,0,0.24939368
shopper_0012732,0,0,0.38192199
shopper_0012733,0,0,0.08531692
shopper_0012734,0,0,0.58270348
shopper_0012735,0,0,0.28187557
shopper_0012736,1,0,0.47088335
shopper_0012737,1,1,0.61951835
shopper_0012738,1,0,0.82474348
shopper_0012739,1,0,0.44775237
shopper_0012740,0,0,0.43918771
shopper_0012741,0,0,0.13056514
shopper_0012742,1,0,0.44310932
shopper_0012743,1,0,0.71149836
shopper_0012744,1,1,0.60002916
shopper_0012745,1,1,0.28354361
shopper_0012746,1,0,0.31901829
shopper_0012747,0,0,0.38719601
shopper_0012748,1,0,0.64589501
shopper_0012749,0,0,0.58292664
shopper_0012750,1,0,0.85216026
shopper_0012751,1,1,0.85235525
shopper_0012752,0,0,0.54151688
shopper_0012753,1,0,0.46185626
shopper_0012754,0,0,0.96657094
shopper_0012755,0,0,0.45188554
shopper_0012756,1,0,0.47440038
shopper_0012757,0,0,0.13806160
shopper_0012758,0,0,0.43373004
shopper_0012759,1,0,0.57227159
shopper_0012760,0,0,0.38515712
shopper_0012761,0,1,0.50713305
shopper_0012762,1,0,0.13320801
shopper_0012763,0,0,0.06976431
shopper_0012764,0,0,0.73998730
shopper_0012765,1,0,0.24383255
shopper_0012766,1,1,0.69756281
shopper_0012767,1,0,0.59021169
shopper_0012768,1,0,0.41802406
shopper_0012769,0,0,0.14968326
shopper_0012770,0,0,0.71057159
shopper_0012771,1,0,0.74936384
shopper_0012772,0,0,0.29766741
shopper_0012773,0,0,0.55726727
shopper_0012774,0,0,0.65741593
shopper_0012775,1,0,0.70407363
shopper_0012776,1,0,0.10165848
shopper_0012777,1,0,0.75314249
shopper_0012778,0,1,0.37156130
shopper_0012779,0,0,0.68536138
shopper_0012780,0,0,0.56838469
shopper_0012781,1,0,0.35775016
shopper_0012782,0,0,0.04178725
shopper_0012783,0,0,0.65746344
shopper_0012784,0,0,0.30945597
shopper_0012785,0,0,0.34386323
shopper_0012786,0,0,0.69273801
shopper_0012787,0,0,0.84680989
shopper_0012788,0,0,0.10183064
shopper_0012789,1,0,0.15832271
shopper_0012790,1,0,0.09462978
shopper_0012791,0,0,0.46610199
shopper_0012792,0,0,0.41972468
shopper_0012793,0,0,0.53197758
shopper_0012794,1,0,0.61069608
shopper_0012795,1,0,0.48653578
shopper_0012796,1,0,0.60973106
shopper_0012797,0,1,0.44310136
shopper_0012798,1,0,0.36332619
shopper_0012799,1,0,0.62348985
shopper_0012800,0,0,0.44643822
shopper_0012801,0,0,0.71977180
shopper_0012802,1,0,0.66366029
shopper_0012803,1,1,0.49437870
shopper_0012804,1,0,0.37192055
shopper_0012805,1,0,0.50877290
shopper_0012806,1,0,0.46795664
shopper_0012807,0,0,0.57325364
shopper_0012808,0,0,0.37924863
shopper_0012809,1,0,0.34377153
shopper_0012810,0,0,0.22417659
shopper_0012811,0,0,0.80058218
shopper_0012812,0,0,0.39546295
shopper_0012813,0,0,0.93352562
shopper_0012814,0,0,0.55190705
shopper_0012815,0,0,0.61499969
shopper_0012816,1,0,0.65212622
shopper_0012817,0,0,0.18373647
shopper_0012818,1,0,0.30943185
shopper_0012819,0,0,0.53864232
shopper_0012820,0,0,0.72625743
shopper_0012821,0,0,0.73883233
shopper_0012822,0,0,0.48773368
shopper_0012823,1,0,0.31459365
shopper_0012824,1,0,0.77604263
shopper_0012825,0,0,0.74538452
shopper_0012826,1,0,0.24479881
shopper_0012827,1,0,0.89854253
shopper_0012828,0,1,0.46834172
shopper_0012829,0,0,0.46318535
shopper_0012830,1,0,0.62899049
shopper_0012831,0,0,0.79270879
shopper_0012832,1,0,0.70303989
shopper_0012833,0,0,0.31563751
shopper_0012834,1,0,0.48351886
shopper_0012835,0,0,0.76009113
shopper_0012836,0,0,0.70155233
shopper_0012837,1,0,0.35111366
shopper_0012838,1,0,0.70033647
shopper_0012839,1,0,0.67059813
shopper_0012840,0,0,0.47695364
shopper_0012841,1,0,0.96954170
shopper_0012842,1,0,0.60826609
shopper_0012843,0,0,0.47140452
shopper_0012844,0,0,0.71010453
shopper_0012845,0,0,0.60929076
shopper_0012846,1,0,0.63385662
shopper_0012847,0,0,0.47283844
shopper_0012848,1,0,0.64896830
shopper_0012849,0,0,0.38986128
shopper_0012850,1,0,0.93100360
shopper_0012851,0,1,0.35282054
shopper_0012852,0,0,0.56459968
shopper_0012853,0,0,0.75786942
shopper_0012854,1,0,0.32232295
shopper_0012855,1,0,0.67920445
shopper_0012856,1,0,0.58418088
shopper_0012857,1,0,0.44315670
shopper_0012858,0,0,0.35379800
shopper_0012859,0,0,0.29101228
shopper_0012860,0,0,0.71269423
shopper_0012861,0,0,0.53667324
shopper_0012862,1,0,0.54605918
shopper_0012863,0,0,0.44589863
shopper_0012864,1,0,0.92051102
shopper_0012865,1,0,0.58019885
shopper_0012866,1,0,0.35421887
shopper_0012867,0,0,0.59888201
shopper_0012868,0,0,0.55660141
shopper_0012869,1,0,0.62816327
shopper_0012870,0,0,0.42283726
shopper_0012871,1,0,0.54158012
shopper_0012872,0,0,0.46593764
shopper_0012873,1,0,0.75701311
shopper_0012874,0,0,0.67021450
shopper_0012875,1,1,0.19835357
shopper_0012876,0,0,0.11018579
shopper_0012877,1,0,0.19045451
shopper_0012878,1,0,0.48405264
shopper_0012879,0,0,0.46574054
shopper_0012880,1,0,0.50196692
shopper_0012881,0,0,0.75466103
shopper_0012882,1,1,0.73123582
shopper_0012883,0,0,0.39214814
shopper_0012884,0,0,0.41573487
shopper_0012885,1,0,0.64464747
shopper_0012886,1,1,0.17010590
shopper_0012887,1,0,0.40886703
shopper_0012888,0,0,0.75685211
shopper_0012889,0,0,0.21333596
shopper_0012890,0,0,0.59126528
shopper_0012891,1,0,0.55565864
shopper_0012892,0,0,0.41768677
shopper_0012893,0,0,0.73014918
shopper_0012894,0,0,0.51945953
shopper_0012895,1,0,0.44511019
shopper_0012896,0,0,0.09100266
shopper_0012897,1,0,0.36108275
shopper_0012898,1,1,0.58185798
shopper_0012899,1,0,0.34270826
shopper_0012900,0,0,0.51651259
shopper_0012901,1,0,0.10113155
shopper_0012902,0,0,0.55997627
shopper_0012903,0,0,0.64423222
shopper_0012904,1,0,0.52893443
shopper_0012905,1,1,0.66151424
shopper_0012906,1,0,0.29979547
shopper_0012907,1,0,0.20891200
shopper_0012908,1,0,0.59724237
shopper_0012909,1,0,0.80794889
shopper_0012910,0,0,0.26995609
shopper_0012911,1,0,0.52033071
shopper_0012912,0,0,0.27599062
shopper_0012913,1,0,0.09395801
shopper_0012914,0,0,0.61253277
shopper_0012915,0,0,0.96835001
shopper_0012916,1,1,0.64717437
shopper_0012917,0,1,0.21483187
shopper_0012918,1,0,0.51020068
shopper_0012919,0,0,0.29536838
shopper_0012920,1,0,0.38085298
shopper_0012921,0,0,0.77555029
shopper_0012922,1,0,0.10493941
shopper_0012923,1,0,0.43874702
shopper_0012924,1,0,0.39396593
shopper_0012925,0,0,0.75156760
shopper_0012926,0,0,0.41906487
shopper_0012927,0,0,0.14987058
shopper_0012928,0,0,0.63867755
shopper_0012929,1,1,0.37317066
shopper_0012930,0,1,0.39092949
shopper_0012931,0,0,0.72452718
shopper_0012932,1,0,0.15053225
shopper_0012933,0,0,0.66453732
shopper_0012934,1,0,0.40594307
shopper_0012935,0,0,0.23954532
shopper_0012936,0,0,0.66856860
shopper_0012937,1,0,0.43827367
shopper_0012938,0,0,0.56356900
shopper_0012939,0,0,0.26347533
shopper_0012940,0,0,0.44786031
shopper_0012941,0,0,0.16815684
shopper_0012942,0,0,0.66755724
shopper_0012943,1,0,0.19697581
shopper_0012944,0,0,0.64066176
shopper_0012945,0,0,0.39557510
shopper_0012946,1,0,0.26332792
shopper_0012947,1,0,0.66761399
shopper_0012948,0,0,0.40870314
shopper_0012949,1,0,0.80816586
shopper_0012950,0,1,0.20148691
shopper_0012951,0,1,0.71097948
shopper_0012952,0,0,0.31000220
shopper_0012953,0,0,0.21065592
shopper_0012954,1,0,0.35413248
shopper_0012955,0,0,0.23530221
shopper_0012956,0,0,0.63689237
shopper_0012957,1,0,0.40221920
shopper_0012958,1,0,0.44071543
shopper_0012959,1,0,0.61632306
shopper_0012960,0,0,0.53884403
shopper_0012961,0,0,0.09201694
shopper_0012962,0,0,0.95565800
shopper_0012963,0,0,0.40198269
shopper_0012964,0,0,0.14721251
shopper_0012965,1,0,0.37145474
shopper_0012966,1,0,0.32907730
shopper_0012967,1,0,0.65492061
shopper_0012968,0,0,0.29816706
shopper_0012969,1,0,0.13116546
shopper_0012970,0,0,0.37752909
shopper_0012971,0,0,0.15622896
shopper_0012972,1,0,0.57400590
shopper_0012973,1,0,0.72744828
shopper_0012974,1,0,0.82762777
shopper_0012975,1,0,0.58858632
shopper_0012976,1,0,0.56247219
shopper_0012977,1,0,0.68133371
shopper_0012978,1,0,0.41011147
shopper_0012979,0,0,0.49189644
shopper_0012980,1,0,0.82733569
shopper_0012981,0,0,0.60923456
shopper_0012982,0,0,0.49766316
shopper_0012983,0,0,0.83994572
shopper_0012984,1,0,0.28209803
shopper_0012985,0,0,0.38866542
shopper_0012986,0,0,0.91026735
shopper_0012987,1,0,0.42776476
shopper_0012988,0,0,0.51131991
shopper_0012989,1,0,0.32076595
shopper_0012990,0,1,0.74211915
shopper_0012991,0,0,0.21063867
shopper_0012992,1,0,0.83205307
shopper_0012993,0,1,0.80502494
shopper_0012994,1,0,0.49676495
shopper_0012995,1,0,0.70019034
shopper_0012996,1,0,0.45016598
shopper_0012997,0,0,0.39371480
shopper_0012998,1,1,0.62849240
shopper_0012999,1,0,0.75396817
shopper_0013000,0,0,0.92959840
shopper_0013001,1,0,0.25145392
shopper_0013002,1,1,0.35628345
shopper_0013003,0,1,0.65064431
shopper_0013004,1,0,0.61452881
shopper_0013005,0,0,0.54714824
shopper_0013006,0,0,0.10647189
shopper_0013007,1,0,0.47400654
shopper_0013008,0,0,0.87209162
shopper_0013009,1,0,0.09977964
shopper_0013010,1,0,0.80292512
shopper_0013011,0,1,0.36685711
shopper_0013012,0,1,0.20863451
shopper_0013013,0,0,0.26194211
shopper_0013014,0,0,0.11133093
shopper_0013015,0,0,0.29275345
shopper_0013016,1,0,0.48758641
shopper_0013017,1,0,0.44167069
shopper_0013018,0,0,0.55240399
shopper_0013019,1,0,0.58571184
shopper_0013020,1,0,0.66875192
shopper_0013021,0,0,0.62847689
shopper_0013022,1,0,0.76982914
shopper_0013023,1,0,0.44297970
shopper_0013024,1,0,0.40471225
shopper_0013025,1,0,0.56137792
shopper_0013026,1,0,0.17123540
shopper_0013027,0,0,0.74606505
shopper_0013028,1,0,0.23834723
shopper_0013029,0,0,0.68326875
shopper_0013030,1,0,0.23859899
shopper_0013031,1,0,0.27564362
shopper_0013032,1,0,0.60793854
shopper_0013033,1,1,0.77096910
shopper_0013034,0,0,0.47732082
shopper_0013035,1,0,0.49859131
shopper_0013036,0,0,0.88207795
shopper_0013037,1,0,0.30696253
shopper_0013038,1,0,0.49028287
shopper_0013039,0,0,0.25100749
shopper_0013040,1,0,0.56874755
shopper_0013041,0,0,0.60883959
shopper_0013042,0,0,0.50037214
shopper_0013043,0,0,0.13455864
shopper_0013044,0,1,0.30351747
shopper_0013045,1,0,0.89064153
shopper_0013046,1,0,0.35834308
shopper_0013047,0,0,0.48647265
shopper_0013048,1,0,0.23626186
shopper_0013049,1,0,0.14244533
shopper_0013050,0,0,0.75276893
shopper_0013051,0,0,0.91664840
shopper_0013052,0,0,0.41489168
shopper_0013053,1,0,0.29184955
shopper_0013054,1,1,0.49014624
shopper_0013055,1,0,0.54903631
shopper_0013056,1,0,0.07172446
shopper_0013057,0,0,0.63794597
shopper_0013058,1,0,0.50490959
shopper_0013059,1,0,0.41762628
shopper_0013060,0,0,0.51418144
shopper_0013061,0,0,0.59587094
shopper_0013062,1,0,0.26492920
shopper_0013063,0,0,0.66628614
shopper_0013064,0,0,0.43453859
shopper_0013065,0,0,0.21068083
shopper_0013066,0,0,0.35699252
shopper_0013067,1,0,0.48246766
shopper_0013068,1,0,0.41312005
shopper_0013069,0,1,0.64532145
shopper_0013070,1,0,0.74283230
shopper_0013071,0,0,0.50986207
shopper_0013072,1,1,0.36479944
shopper_0013073,0,1,0.55780534
shopper_0013074,0,0,0.23776983
shopper_0013075,0,0,0.31375074
shopper_0013076,0,0,0.72183228
shopper_0013077,1,1,0.64816098
shopper_0013078,1,0,0.17456982
shopper_0013079,0,0,0.81219987
shopper_0013080,1,0,0.87434874
shopper_0013081,1,0,0.28198077
shopper_0013082,1,1,0.68493671
shopper_0013083,0,0,0.25549036
shopper_0013084,1,0,0.67031230
shopper_0013085,0,0,0.24607238
shopper_0013086,1,0,0.59037288
shopper_0013087,0,0,0.32316969
shopper_0013088,1,1,0.75187276
shopper_0013089,0,0,0.79787389
shopper_0013090,1,0,0.11651427
shopper_0013091,1,1,0.59540036
shopper_0013092,1,0,0.74006813
shopper_0013093,1,0,0.42452022
shopper_0013094,0,0,0.55705974
shopper_0013095,1,1,0.76566990
shopper_0013096,1,0,0.77117457
shopper_0013097,1,0,0.61945854
shopper_0013098,1,0,0.43342830
shopper_0013099,1,0,0.83424441
shopper_0013100,0,0,0.47760583
shopper_0013101,0,0,0.79577376
shopper_0013102,1,0,0.63397148
shopper_0013103,0,0,0.63495235
shopper_0013104,0,1,0.81284656
shopper_0013105,1,1,0.58406932
shopper_0013106,0,0,0.62463174
shopper_0013107,0,1,0.20516114
shopper_0013108,0,0,0.38829939
shopper_0013109,0,0,0.15831177
shopper_0013110,0,0,0.66765516
shopper_0013111,0,0,0.36118666
shopper_0013112,1,0,0.54552149
shopper_0013113,1,0,0.45712396
shopper_0013114,1,0,0.83091133
shopper_0013115,0,0,0.65615982
shopper_0013116,1,0,0.50509986
shopper_0013117,0,0,0.47475661
shopper_0013118,1,0,0.90079711
shopper_0013119,1,1,0.55433511
shopper_0013120,0,0,0.15073699
shopper_0013121,0,0,0.77048991
shopper_0013122,1,0,0.59237957
shopper_0013123,1,0,0.46559435
shopper_0013124,1,0,0.43424324
shopper_0013125,1,0,0.47840739
shopper_0013126,1,0,0.49998986
shopper_0013127,0,1,0.56352264
shopper_0013128,0,0,0.40418938
shopper_0013129,1,0,0.30207062
shopper_0013130,1,0,0.18860087
shopper_0013131,0,0,0.05429254
shopper_0013132,0,0,0.57949066
shopper_0013133,1,0,0.25102267
shopper_0013134,1,0,0.17842706
shopper_0013135,0,0,0.61653098
shopper_0013136,0,0,0.50155892
shopper_0013137,0,1,0.25635851
shopper_0013138,0,0,0.51844684
shopper_0013139,0,0,0.75855061
shopper_0013140,1,1,0.61641168
shopper_0013141,1,0,0.20628835
shopper_0013142,1,0,0.59403209
shopper_0013143,1,0,0.72647406
shopper_0013144,0,0,0.65823178
shopper_0013145,0,0,0.71638050
shopper_0013146,1,0,0.81982996
shopper_0013147,0,0,0.59535738
shopper_0013148,0,0,0.70456261
shopper_0013149,1,0,0.61634791
shopper_0013150,1,0,0.24901339
shopper_0013151,1,0,0.64975859
shopper_0013152,1,0,0.32333113
shopper_0013153,1,1,0.48415261
shopper_0013154,1,0,0.10379040
shopper_0013155,0,0,0.30825322
shopper_0013156,0,0,0.59795494
shopper_0013157,1,0,0.54335656
shopper_0013158,0,1,0.63638098
shopper_0013159,1,0,0.43874921
shopper_0013160,0,0,0.75870619
shopper_0013161,0,0,0.90551725
shopper_0013162,1,0,0.69166017
shopper_0013163,0,0,0.80944742
shopper_0013164,1,0,0.28954886
shopper_0013165,0,0,0.36628480
shopper_0013166,0,1,0.08180622
shopper_0013167,0,0,0.50343830
shopper_0013168,0,0,0.89492403
shopper_0013169,0,0,0.09616898
shopper_0013170,1,0,0.53233808
shopper_0013171,0,1,0.29009677
shopper_0013172,1,0,0.18696394
shopper_0013173,0,0,0.23380157
shopper_0013174,1,0,0.59574556
shopper_0013175,0,0,0.18052317
shopper_0013176,0,0,0.30402921
shopper_0013177,1,0,0.67011623
shopper_0013178,1,1,0.63992336
shopper_0013179,0,0,0.44069680
shopper_0013180,1,0,0.10471316
shopper_0013181,0,0,0.33856006
shopper_0013182,1,0,0.47885514
shopper_0013183,1,0,0.82081304
shopper_0013184,1,0,0.33945387
shopper_0013185,0,0,0.12403131
shopper_0013186,1,0,0.84031124
shopper_0013187,0,0,0.30957661
shopper_0013188,0,0,0.24380527
shopper_0013189,0,0,0.67088952
shopper_0013190,0,0,0.65288239
shopper_0013191,0,0,0.06349872
shopper_0013192,1,0,0.57562861
shopper_0013193,0,0,0.72355075
shopper_0013194,0,1,0.50282014
shopper_0013195,1,0,0.40325751
shopper_0013196,0,1,0.63908177
shopper_0013197,1,0,0.80435611
shopper_0013198,0,0,0.37700307
shopper_0013199,1,0,0.39321013
shopper_0013200,0,0,0.63202474
shopper_0013201,1,0,0.47868868
shopper_0013202,1,0,0.44415855
shopper_0013203,0,0,0.33977466
shopper_0013204,0,0,0.25727290
shopper_0013205,0,0,0.31129473
shopper_0013206,1,1,0.71398747
shopper_0013207,1,1,0.38564125
shopper_0013208,0,0,0.61119754
shopper_0013209,1,0,0.73947822
shopper_0013210,0,0,0.30974240
shopper_0013211,1,0,0.42777804
shopper_0013212,1,0,0.18828257
shopper_0013213,1,0,0.19700792
shopper_0013214,1,1,0.62814117
shopper_0013215,0,0,0.26422265
shopper_0013216,0,0,0.26303686
shopper_0013217,1,0,0.19067259
shopper_0013218,1,0,0.76081293
shopper_0013219,0,1,0.15165338
shopper_0013220,1,0,0.69513397
shopper_0013221,0,0,0.39620352
shopper_0013222,1,0,0.32924662
shopper_0013223,1,0,0.56525846
shopper_0013224,0,0,0.39067154
shopper_0013225,0,1,0.26248188
shopper_0013226,0,0,0.67233457
shopper_0013227,1,0,0.92870067
shopper_0013228,1,0,0.38718306
shopper_0013229,0,0,0.45048289
shopper_0013230,1,0,0.64992350
shopper_0013231,0,0,0.52757212
shopper_0013232,0,0,0.47810918
shopper_0013233,0,0,0.64741395
shopper_0013234,0,1,0.71585222
shopper_0013235,1,0,0.18788871
shopper_0013236,1,0,0.83800787
shopper_0013237,0,1,0.52136938
shopper_0013238,0,0,0.39125553
shopper_0013239,0,0,0.86471197
shopper_0013240,0,0,0.88723566
shopper_0013241,1,1,0.89157097
shopper_0013242,0,0,0.54675643
shopper_0013243,0,0,0.34110752
shopper_0013244,0,0,0.51057238
shopper_0013245,0,0,0.67542980
shopper_0013246,0,0,0.73995700
shopper_0013247,0,0,0.57197715
shopper_0013248,0,0,0.23868428
shopper_0013249,0,0,0.79228582
shopper_0013250,1,0,0.67064730
shopper_0013251,1,0,0.04473606
shopper_0013252,1,0,0.58459005
shopper_0013253,0,0,0.32089940
shopper_0013254,1,0,0.49584334
shopper_0013255,1,0,0.76957891
shopper_0013256,1,0,0.57659028
shopper_0013257,0,0,0.92578223
shopper_0013258,1,0,0.54577045
shopper_0013259,1,0,0.30626649
shopper_0013260,0,0,0.36741280
shopper_0013261,0,1,0.22647607
shopper_0013262,1,0,0.51926422
shopper_0013263,0,0,0.59443546
shopper_0013264,1,1,0.45221857
shopper_0013265,0,0,0.50596964
shopper_0013266,0,0,0.20350368
shopper_0013267,1,0,0.15365732
shopper_0013268,1,0,0.48205689
shopper_0013269,1,0,0.69743628
shopper_0013270,1,0,0.57076571
shopper_0013271,0,0,0.12186079
shopper_0013272,0,0,0.54877857
shopper_0013273,1,1,0.69122923
shopper_0013274,1,0,0.56683695
shopper_0013275,0,0,0.51243083
shopper_0013276,1,0,0.55988875
shopper_0013277,1,1,0.78906691
shopper_0013278,0,0,0.15384539
shopper_0013279,1,1,0.30216067
shopper_0013280,1,0,0.47508419
shopper_0013281,0,0,0.31766843
shopper_0013282,0,1,0.65195972
shopper_0013283,1,0,0.49732918
shopper_0013284,1,0,0.57476419
shopper_0013285,0,0,0.29833737
shopper_0013286,1,0,0.32572169
shopper_0013287,0,0,0.25689292
shopper_0013288,0,0,0.20683547
shopper_0013289,1,0,0.07611610
shopper_0013290,0,0,0.43240105
shopper_0013291,1,1,0.48440781
shopper_0013292,1,0,0.17756237
shopper_0013293,1,0,0.48769735
shopper_0013294,1,0,0.37700105
shopper_0013295,0,0,0.27697244
shopper_0013296,1,0,0.10519252
shopper_0013297,0,0,0.36456241
shopper_0013298,1,0,0.30864427
shopper_0013299,0,0,0.20329670
shopper_0013300,1,0,0.79478217
shopper_0013301,0,0,0.50873143
shopper_0013302,0,1,0.47846998
shopper_0013303,0,0,0.58225745
shopper_0013304,0,0,0.63952259
shopper_0013305,1,0,0.47123327
shopper_0013306,0,0,0.70623095
shopper_0013307,1,0,0.60047423
shopper_0013308,0,0,0.41258447
shopper_0013309,1,0,0.79895999
shopper_0013310,0,0,0.53546594
shopper_0013311,1,0,0.50253936
shopper_0013312,0,0,0.09504699
shopper_0013313,1,0,0.65719308
shopper_0013314,0,0,0.92106453
shopper_0013315,0,0,0.62706627
shopper_0013316,0,0,0.65817097
shopper_0013317,0,0,0.49721708
shopper_0013318,1,0,0.41939187
shopper_0013319,0,0,0.39649367
shopper_0013320,1,0,0.47160216
shopper_0013321,1,1,0.92948490
shopper_0013322,1,0,0.58254179
shopper_0013323,1,1,0.62448095
shopper_0013324,0,0,0.51549003
shopper_0013325,1,0,0.54696885
shopper_0013326,0,0,0.52061999
shopper_0013327,1,0,0.81912167
shopper_0013328,1,0,0.66418155
shopper_0013329,1,0,0.08402341
shopper_0013330,1,0,0.35050404
shopper_0013331,0,1,0.74994923
shopper_0013332,1,0,0.46862024
shopper_0013333,1,0,0.55026856
shopper_0013334,1,0,0.61327438
shopper_0013335,1,1,0.65482452
shopper_0013336,1,0,0.57495405
shopper_0013337,0,0,0.44462274
shopper_0013338,0,0,0.59028438
shopper_0013339,0,0,0.26804830
shopper_0013340,1,0,0.81014124
shopper_0013341,0,0,0.80183570
shopper_0013342,0,0,0.93105888
shopper_0013343,0,0,0.22621973
shopper_0013344,0,0,0.47033633
shopper_0013345,0,0,0.31321096
shopper_0013346,0,0,0.13346908
shopper_0013347,0,0,0.81051907
shopper_0013348,1,0,0.35392432
shopper_0013349,1,0,0.17303780
shopper_0013350,0,0,0.63444941
shopper_0013351,0,0,0.91523937
shopper_0013352,1,0,0.58968036
shopper_0013353,0,0,0.53430258
shopper_0013354,1,0,0.50852138
shopper_0013355,1,0,0.34624062
shopper_0013356,0,0,0.60983483
shopper_0013357,0,0,0.34987468
shopper_0013358,1,0,0.71827582
shopper_0013359,0,0,0.14663019
shopper_0013360,1,0,0.50951689
shopper_0013361,1,0,0.46122301
shopper_0013362,0,0,0.28110774
shopper_0013363,1,0,0.59081425
shopper_0013364,0,0,0.41830964
shopper_0013365,1,0,0.20554066
shopper_0013366,0,0,0.43538706
shopper_0013367,0,0,0.35958049
shopper_0013368,1,0,0.84923438
shopper_0013369,0,0,0.76924065
shopper_0013370,0,0,0.88165215
shopper_0013371,1,0,0.59432554
shopper_0013372,1,0,0.53724862
shopper_0013373,1,0,0.35525684
shopper_0013374,1,0,0.72934250
shopper_0013375,1,0,0.83872517
shopper_0013376,1,0,0.91889569
shopper_0013377,0,0,0.24852836
shopper_0013378,1,0,0.31848473
shopper_0013379,0,1,0.50426412
shopper_0013380,1,0,0.32305373
shopper_0013381,0,0,0.79483854
shopper_0013382,1,0,0.87579189
shopper_0013383,0,0,0.36762773
shopper_0013384,0,0,0.31026524
shopper_0013385,0,0,0.39617881
shopper_0013386,0,0,0.27313321
shopper_0013387,0,0,0.68279757
shopper_0013388,1,0,0.42242919
shopper_0013389,1,0,0.15666628
shopper_0013390,0,1,0.56360572
shopper_0013391,1,0,0.45488336
shopper_0013392,0,0,0.23281205
shopper_0013393,0,0,0.34078645
shopper_0013394,1,0,0.68677015
shopper_0013395,0,0,0.09769804
shopper_0013396,0,0,0.32404185
shopper_0013397,0,0,0.55596560
shopper_0013398,1,0,0.38425946
shopper_0013399,1,0,0.49495147
shopper_0013400,1,1,0.64230952
shopper_0013401,1,1,0.65611086
shopper_0013402,0,0,0.40707104
shopper_0013403,0,0,0.55623607
shopper_0013404,1,0,0.11571738
shopper_0013405,1,0,0.84589482
shopper_0013406,1,0,0.96526337
shopper_0013407,1,0,0.06392678
shopper_0013408,0,0,0.63194569
shopper_0013409,0,0,0.33325283
shopper_0013410,0,0,0.16656463
shopper_0013411,1,0,0.72933821
shopper_0013412,1,0,0.29648841
shopper_0013413,0,0,0.84427271
shopper_0013414,1,0,0.38514590
shopper_0013415,0,0,0.45433833
shopper_0013416,1,0,0.41394423
shopper_0013417,1,0,0.49724954
shopper_0013418,0,0,0.25154504
shopper_0013419,0,0,0.25739332
shopper_0013420,0,0,0.20693300
shopper_0013421,0,0,0.55166098
shopper_0013422,1,0,0.61226652
shopper_0013423,1,0,0.80906073
shopper_0013424,0,0,0.67206903
shopper_0013425,0,0,0.81273756
shopper_0013426,1,0,0.68281509
shopper_0013427,0,0,0.45009921
shopper_0013428,1,0,0.61021203
shopper_0013429,1,0,0.37110233
shopper_0013430,0,0,0.50937028
shopper_0013431,1,0,0.73638114
shopper_0013432,1,0,0.49358750
shopper_0013433,0,0,0.19147691
shopper_0013434,0,0,0.65138034
shopper_0013435,1,0,0.25995459
shopper_0013436,1,0,0.69009111
shopper_0013437,0,0,0.32218175
shopper_0013438,1,0,0.76810824
shopper_0013439,0,0,0.39536073
shopper_0013440,0,1,0.29645561
shopper_0013441,1,0,0.31129951
shopper_0013442,1,0,0.81199812
shopper_0013443,1,0,0.49179447
shopper_0013444,1,0,0.67360776
shopper_0013445,1,0,0.85550820
shopper_0013446,0,0,0.52213140
shopper_0013447,0,0,0.71230763
shopper_0013448,0,1,0.52145553
shopper_0013449,0,0,0.52540762
shopper_0013450,1,0,0.65518352
shopper_0013451,1,0,0.45507589
shopper_0013452,1,0,0.48738408
shopper_0013453,1,1,0.82954009
shopper_0013454,0,0,0.60080080
shopper_0013455,1,0,0.48758601
shopper_0013456,1,0,0.50196130
shopper_0013457,1,0,0.71732473
shopper_0013458,1,0,0.50382582
shopper_0013459,1,0,0.79977689
shopper_0013460,1,0,0.55002059
shopper_0013461,0,0,0.54456227
shopper_0013462,0,0,0.52302124
shopper_0013463,0,1,0.30725709
shopper_0013464,1,0,0.12957744
shopper_0013465,0,0,0.59758011
shopper_0013466,0,0,0.60923835
shopper_0013467,1,0,0.22996105
shopper_0013468,0,0,0.24119235
shopper_0013469,1,0,0.56039498
shopper_0013470,1,0,0.59604767
shopper_0013471,1,0,0.25790268
shopper_0013472,0,0,0.29931098
shopper_0013473,0,0,0.07431915
shopper_0013474,0,0,0.60036722
shopper_0013475,0,0,0.22347737
shopper_0013476,0,0,0.25898863
shopper_0013477,1,1,0.59567298
shopper_0013478,0,0,0.61348701
shopper_0013479,0,1,0.31954336
shopper_0013480,0,0,0.40457058
shopper_0013481,0,0,0.50864634
shopper_0013482,1,0,0.63851424
shopper_0013483,1,0,0.64526454
shopper_0013484,1,0,0.20485740
shopper_0013485,1,0,0.25181097
shopper_0013486,1,0,0.85798433
shopper_0013487,1,0,0.26802024
shopper_0013488,1,0,0.79878549
shopper_0013489,1,0,0.42031430
shopper_0013490,1,0,0.30193202
shopper_0013491,0,0,0.65768358
shopper_0013492,0,0,0.28331716
shopper_0013493,1,0,0.61547717
shopper_0013494,0,0,0.28852113
shopper_0013495,0,0,0.73100053
shopper_0013496,0,0,0.35399139
shopper_0013497,0,0,0.73063626
shopper_0013498,0,0,0.38411944
shopper_0013499,1,0,0.07641004
shopper_0013500,1,1,0.84971092
shopper_0013501,1,0,0.37902640
shopper_0013502,1,0,0.45116481
shopper_0013503,0,0,0.86273618
shopper_0013504,0,0,0.03121096
shopper_0013505,1,0,0.58147771
shopper_0013506,0,0,0.86523657
shopper_0013507,0,0,0.57208560
shopper_0013508,0,0,0.37851453
shopper_0013509,0,0,0.45784146
shopper_0013510,1,1,0.65834189
shopper_0013511,0,0,0.73076814
shopper_0013512,1,1,0.16272200
shopper_0013513,0,0,0.78150534
shopper_0013514,0,0,0.10905945
shopper_0013515,1,0,0.44663510
shopper_0013516,0,0,0.62838603
shopper_0013517,1,0,0.72192474
shopper_0013518,1,0,0.09468723
shopper_0013519,0,0,0.70550629
shopper_0013520,0,0,0.87572138
shopper_0013521,0,0,0.25947219
shopper_0013522,1,0,0.53977341
shopper_0013523,0,0,0.47764364
shopper_0013524,0,0,0.78250609
shopper_0013525,0,0,0.28083714
shopper_0013526,1,0,0.30800210
shopper_0013527,1,0,0.07835985
shopper_0013528,1,0,0.50285171
shopper_0013529,0,0,0.66434706
shopper_0013530,1,0,0.73874592
shopper_0013531,0,0,0.45772586
shopper_0013532,1,1,0.90801319
shopper_0013533,1,0,0.14129562
shopper_0013534,0,0,0.88489798
shopper_0013535,0,0,0.42360715
shopper_0013536,0,0,0.88422497
shopper_0013537,0,0,0.70256732
shopper_0013538,1,0,0.51967341
shopper_0013539,1,0,0.27785315
shopper_0013540,1,0,0.57942509
shopper_0013541,1,0,0.34188103
shopper_0013542,1,0,0.80983958
shopper_0013543,1,0,0.53088181
shopper_0013544,0,0,0.37688704
shopper_0013545,0,0,0.54456508
shopper_0013546,1,0,0.76456356
shopper_0013547,0,0,0.35973243
shopper_0013548,1,0,0.22467243
shopper_0013549,0,0,0.86817667
shopper_0013550,0,0,0.43065250
shopper_0013551,1,1,0.06546536
shopper_0013552,1,0,0.30829520
shopper_0013553,1,0,0.55122274
shopper_0013554,1,0,0.38507148
shopper_0013555,1,1,0.35944149
shopper_0013556,1,0,0.41135070
shopper_0013557,0,0,0.53841444
shopper_0013558,0,0,0.21415773
shopper_0013559,0,0,0.76570356
shopper_0013560,0,0,0.16027051
shopper_0013561,0,0,0.77936288
shopper_0013562,1,0,0.81467913
shopper_0013563,1,0,0.31633992
shopper_0013564,0,1,0.75021728
shopper_0013565,1,0,0.25421661
shopper_0013566,0,1,0.26935241
shopper_0013567,0,0,0.57988374
shopper_0013568,0,0,0.71627065
shopper_0013569,1,1,0.35457671
shopper_0013570,0,0,0.27022424
shopper_0013571,1,1,0.39365627
shopper_0013572,1,0,0.67475711
shopper_0013573,1,1,0.13937063
shopper_0013574,0,0,0.91086875
shopper_0013575,0,0,0.54161292
shopper_0013576,0,1,0.55454518
shopper_0013577,1,0,0.83052013
shopper_0013578,0,0,0.70442748
shopper_0013579,0,1,0.47723112
shopper_0013580,0,0,0.24168828
shopper_0013581,1,0,0.75799080
shopper_0013582,1,1,0.38491040
shopper_0013583,0,0,0.43752718
shopper_0013584,1,0,0.56815394
shopper_0013585,0,0,0.35312604
shopper_0013586,1,0,0.33652556
shopper_0013587,1,0,0.40477861
shopper_0013588,1,0,0.56021379
shopper_0013589,1,0,0.31623981
shopper_0013590,0,0,0.53922998
shopper_0013591,0,1,0.26779820
shopper_0013592,0,0,0.56428230
shopper_0013593,0,0,0.52559919
shopper_0013594,1,0,0.72794496
shopper_0013595,0,0,0.42513135
shopper_0013596,1,0,0.29641484
shopper_0013597,0,0,0.50967736
shopper_0013598,0,0,0.04679118
shopper_0013599,0,0,0.31783720
shopper_0013600,0,0,0.25309404
shopper_0013601,1,0,0.33710029
shopper_0013602,0,1,0.73333124
shopper_0013603,0,0,0.74563456
shopper_0013604,0,1,0.74616951
shopper_0013605,0,0,0.46328797
shopper_0013606,0,0,0.06272086
shopper_0013607,1,0,0.38780409
shopper_0013608,1,0,0.55533274
shopper_0013609,0,0,0.51045519
shopper_0013610,1,1,0.21001911
shopper_0013611,0,0,0.16411709
shopper_0013612,0,0,0.42773899
shopper_0013613,1,0,0.49271626
shopper_0013614,1,0,0.45771676
shopper_0013615,0,0,0.68825140
shopper_0013616,0,0,0.62523022
shopper_0013617,1,0,0.57688942
shopper_0013618,0,0,0.51419339
shopper_0013619,1,0,0.81159361
shopper_0013620,0,0,0.67269277
shopper_0013621,0,0,0.61253172
shopper_0013622,0,0,0.17441510
shopper_0013623,1,0,0.59884760
shopper_0013624,0,0,0.68795920
shopper_0013625,1,0,0.44066718
shopper_0013626,1,0,0.40198773
shopper_0013627,1,0,0.70108701
shopper_0013628,1,0,0.23704730
shopper_0013629,1,0,0.58106144
shopper_0013630,1,0,0.61590783
shopper_0013631,0,0,0.83495389
shopper_0013632,0,0,0.48062118
shopper_0013633,1,0,0.53767766
shopper_0013634,1,1,0.71981287
shopper_0013635,0,0,0.46995375
shopper_0013636,1,0,0.87109003
shopper_0013637,0,0,0.38258759
shopper_0013638,1,0,0.24396894
shopper_0013639,0,0,0.47353348
shopper_0013640,1,1,0.67937576
shopper_0013641,0,0,0.09617784
shopper_0013642,1,0,0.46871339
shopper_0013643,1,0,0.51674920
shopper_0013644,1,0,0.75181640
shopper_0013645,1,0,0.56158586
shopper_0013646,0,0,0.72040778
shopper_0013647,0,0,0.33480942
shopper_0013648,1,0,0.26347852
shopper_0013649,1,0,0.38585747
shopper_0013650,0,0,0.78868501
shopper_0013651,1,0,0.34576935
shopper_0013652,0,0,0.26921855
shopper_0013653,1,0,0.16269176
shopper_0013654,0,0,0.39794972
shopper_0013655,1,0,0.66010701
shopper_0013656,0,0,0.30187080
shopper_0013657,1,0,0.44703836
shopper_0013658,1,0,0.46183798
shopper_0013659,1,1,0.74989595
shopper_0013660,1,0,0.50212520
shopper_0013661,1,0,0.49527511
shopper_0013662,1,0,0.68400824
shopper_0013663,0,0,0.20357402
shopper_0013664,0,0,0.34145445
shopper_0013665,1,0,0.57620192
shopper_0013666,1,0,0.52868595
shopper_0013667,1,1,0.74601459
shopper_0013668,0,0,0.77393781
shopper_0013669,1,0,0.68707982
shopper_0013670,1,0,0.55782990
shopper_0013671,1,0,0.17675856
shopper_0013672,1,0,0.75892091
shopper_0013673,1,0,0.53541490
shopper_0013674,1,0,0.22653395
shopper_0013675,1,1,0.73556538
shopper_0013676,1,0,0.24955835
shopper_0013677,1,1,0.68748757
shopper_0013678,0,1,0.30263596
shopper_0013679,0,0,0.27823887
shopper_0013680,0,0,0.67903709
shopper_0013681,0,0,0.22280039
shopper_0013682,1,0,0.71607180
shopper_0013683,0,0,0.39355551
shopper_0013684,1,0,0.44096344
shopper_0013685,1,0,0.62968570
shopper_0013686,1,0,0.23604882
shopper_0013687,0,0,0.84931224
shopper_0013688,0,0,0.38164559
shopper_0013689,0,1,0.50193921
shopper_0013690,0,0,0.62109456
shopper_0013691,0,0,0.60928712
shopper_0013692,1,0,0.71754555
shopper_0013693,0,0,0.60085492
shopper_0013694,1,0,0.41006202
shopper_0013695,0,0,0.54944650
shopper_0013696,0,0,0.47836969
shopper_0013697,0,0,0.87336735
shopper_0013698,1,0,0.31472295
shopper_0013699,0,0,0.50285152
shopper_0013700,0,1,0.83575628
shopper_0013701,1,0,0.32978863
shopper_0013702,0,0,0.82601486
shopper_0013703,1,0,0.90763565
shopper_0013704,1,0,0.21503452
shopper_0013705,0,0,0.61314794
shopper_0013706,0,0,0.46326487
shopper_0013707,1,0,0.22465909
shopper_0013708,0,0,0.70632422
shopper_0013709,1,0,0.49408829
shopper_0013710,0,0,0.76892052
shopper_0013711,0,0,0.39021341
shopper_0013712,0,0,0.68614161
shopper_0013713,0,0,0.22932369
shopper_0013714,0,0,0.62977269
shopper_0013715,0,0,0.54857284
shopper_0013716,1,0,0.42208592
shopper_0013717,0,0,0.50644234
shopper_0013718,1,1,0.61755388
shopper_0013719,1,0,0.40649664
shopper_0013720,1,0,0.69641369
shopper_0013721,0,1,0.16151878
shopper_0013722,1,0,0.18295712
shopper_0013723,1,0,0.27208146
shopper_0013724,1,0,0.25576383
shopper_0013725,1,0,0.58607258
shopper_0013726,0,0,0.12284015
shopper_0013727,0,0,0.47071634
shopper_0013728,0,0,0.17377889
shopper_0013729,0,0,0.18322752
shopper_0013730,0,0,0.41087899
shopper_0013731,0,0,0.42012048
shopper_0013732,0,0,0.29144764
shopper_0013733,1,1,0.64628673
shopper_0013734,0,0,0.90470243
shopper_0013735,1,0,0.90539097
shopper_0013736,1,0,0.73505236
shopper_0013737,0,0,0.80346532
shopper_0013738,0,0,0.75150163
shopper_0013739,1,0,0.80419484
shopper_0013740,1,0,0.42056880
shopper_0013741,0,0,0.59120599
shopper_0013742,1,0,0.17132030
shopper_0013743,0,1,0.72238437
shopper_0013744,1,0,0.75940374
shopper_0013745,1,1,0.27617777
shopper_0013746,0,0,0.66289301
shopper_0013747,1,0,0.89465088
shopper_0013748,1,0,0.57199743
shopper_0013749,0,0,0.87055541
shopper_0013750,1,0,0.38630608
shopper_0013751,0,0,0.51762850
shopper_0013752,0,0,0.54525757
shopper_0013753,0,0,0.03472175
shopper_0013754,0,0,0.77785301
shopper_0013755,0,0,0.04354049
shopper_0013756,0,0,0.33695941
shopper_0013757,0,0,0.24402509
shopper_0013758,1,0,0.35446440
shopper_0013759,1,0,0.30139181
shopper_0013760,1,0,0.21850492
shopper_0013761,1,0,0.35632088
shopper_0013762,0,0,0.58316415
shopper_0013763,1,1,0.52723715
shopper_0013764,0,0,0.52040575
shopper_0013765,1,1,0.50014929
shopper_0013766,1,0,0.57155952
shopper_0013767,1,0,0.65111665
shopper_0013768,0,0,0.12366554
shopper_0013769,1,0,0.83091382
shopper_0013770,1,0,0.39731723
shopper_0013771,0,0,0.68819272
shopper_0013772,0,0,0.95780935
shopper_0013773,0,0,0.32511700
shopper_0013774,1,0,0.47418595
shopper_0013775,1,0,0.01152368
shopper_0013776,0,0,0.21173314
shopper_0013777,1,0,0.26872862
shopper_0013778,0,0,0.63711305
shopper_0013779,1,1,0.24488165
shopper_0013780,0,0,0.72663656
shopper_0013781,1,0,0.41419676
shopper_0013782,1,0,0.64611949
shopper_0013783,1,0,0.35806189
shopper_0013784,1,0,0.63561891
shopper_0013785,1,0,0.54835079
shopper_0013786,1,0,0.73782541
shopper_0013787,0,0,0.70511251
shopper_0013788,0,0,0.26899547
shopper_0013789,1,0,0.18927504
shopper_0013790,0,0,0.67519523
shopper_0013791,0,0,0.40359093
shopper_0013792,1,0,0.95097482
shopper_0013793,1,0,0.72502797
shopper_0013794,0,0,0.76366025
shopper_0013795,1,0,0.46012250
shopper_0013796,0,0,0.43349024
shopper_0013797,0,0,0.24832941
shopper_0013798,0,0,0.18411273
shopper_0013799,0,0,0.43267180
shopper_0013800,1,0,0.22027177
shopper_0013801,0,0,0.53570317
shopper_0013802,0,0,0.61828094
shopper_0013803,0,1,0.57628915
shopper_0013804,1,0,0.50315433
shopper_0013805,1,0,0.67510553
shopper_0013806,0,1,0.62827923
shopper_0013807,0,0,0.42656422
shopper_0013808,0,0,0.57595695
shopper_0013809,0,0,0.27711354
shopper_0013810,0,0,0.68137917
shopper_0013811,1,1,0.65587459
shopper_0013812,1,1,0.31915137
shopper_0013813,0,0,0.26363798
shopper_0013814,0,0,0.43156095
shopper_0013815,1,0,0.60847640
shopper_0013816,0,0,0.36331225
shopper_0013817,0,0,0.78299580
shopper_0013818,0,0,0.26823990
shopper_0013819,1,0,0.65350768
shopper_0013820,1,0,0.37201565
shopper_0013821,0,1,0.16437441
shopper_0013822,0,1,0.76265777
shopper_0013823,1,0,0.31675892
shopper_0013824,1,0,0.12872819
shopper_0013825,0,0,0.06981669
shopper_0013826,1,0,0.13268806
shopper_0013827,1,0,0.20169904
shopper_0013828,0,0,0.49445327
shopper_0013829,1,0,0.58374640
shopper_0013830,1,1,0.16623730
shopper_0013831,0,1,0.69173674
shopper_0013832,0,0,0.52712524
shopper_0013833,1,0,0.19043395
shopper_0013834,1,0,0.29374812
shopper_0013835,1,0,0.85157419
shopper_0013836,1,0,0.13416496
shopper_0013837,0,0,0.51884502
shopper_0013838,0,0,0.90425590
shopper_0013839,1,0,0.62903715
shopper_0013840,0,0,0.85416974
shopper_0013841,1,0,0.72937491
shopper_0013842,0,0,0.22213315
shopper_0013843,0,0,0.35010179
shopper_0013844,0,0,0.17223414
shopper_0013845,1,0,0.11868848
shopper_0013846,0,0,0.20842209
shopper_0013847,1,0,0.79832163
shopper_0013848,0,0,0.07805715
shopper_0013849,0,0,0.47505529
shopper_0013850,1,0,0.48998280
shopper_0013851,1,1,0.47399934
shopper_0013852,0,1,0.55599275
shopper_0013853,0,0,0.45116502
shopper_0013854,1,1,0.93267570
shopper_0013855,1,0,0.80393306
shopper_0013856,1,0,0.08643688
shopper_0013857,1,0,0.02008587
shopper_0013858,1,0,0.22127816
shopper_0013859,0,0,0.46133073
shopper_0013860,0,0,0.37755348
shopper_0013861,0,0,0.64162011
shopper_0013862,1,0,0.42254748
shopper_0013863,0,0,0.08399128
shopper_0013864,0,0,0.31583694
shopper_0013865,0,0,0.58964605
shopper_0013866,1,0,0.04391392
shopper_0013867,0,0,0.77731054
shopper_0013868,0,0,0.44305367
shopper_0013869,0,0,0.64660941
shopper_0013870,1,0,0.21939347
shopper_0013871,1,0,0.79735389
shopper_0013872,1,0,0.45857659
shopper_0013873,1,0,0.48857178
shopper_0013874,0,0,0.75993251
shopper_0013875,0,0,0.27694611
shopper_0013876,1,0,0.24227988
shopper_0013877,1,1,0.50633180
shopper_0013878,1,0,0.25394881
shopper_0013879,1,1,0.23858375
shopper_0013880,0,0,0.72984641
shopper_0013881,0,0,0.84671643
shopper_0013882,1,0,0.56831529
shopper_0013883,0,0,0.88935087
shopper_0013884,0,0,0.19825107
shopper_0013885,1,0,0.36455888
shopper_0013886,1,0,0.70309222
shopper_0013887,1,0,0.44338988
shopper_0013888,0,0,0.33973077
shopper_0013889,0,0,0.79503163
shopper_0013890,0,0,0.60884405
shopper_0013891,0,0,0.10073411
shopper_0013892,1,0,0.23443210
shopper_0013893,1,1,0.36271532
shopper_0013894,0,0,0.63534640
shopper_0013895,1,0,0.33896259
shopper_0013896,1,1,0.52392748
shopper_0013897,0,0,0.71026609
shopper_0013898,0,0,0.46399360
shopper_0013899,0,0,0.01683252
shopper_0013900,0,0,0.44401581
shopper_0013901,1,0,0.38156284
shopper_0013902,1,0,0.42655537
shopper_0013903,1,0,0.77446104
shopper_0013904,1,1,0.54773300
shopper_0013905,0,0,0.04767946
shopper_0013906,1,1,0.45037194
shopper_0013907,1,0,0.45485692
shopper_0013908,1,0,0.67010870
shopper_0013909,1,0,0.79052011
shopper_0013910,0,0,0.19882368
shopper_0013911,1,0,0.72593595
shopper_0013912,0,0,0.69898923
shopper_0013913,0,0,0.38771611
shopper_0013914,1,0,0.77412713
shopper_0013915,1,0,0.48945407
shopper_0013916,1,0,0.10690248
shopper_0013917,1,0,0.37224009
shopper_0013918,0,0,0.73203593
shopper_0013919,0,0,0.13450666
shopper_0013920,1,0,0.43275041
shopper_0013921,0,0,0.39222569
shopper_0013922,0,0,0.31583789
shopper_0013923,0,0,0.66131479
shopper_0013924,0,0,0.39772079
shopper_0013925,0,1,0.67788946
shopper_0013926,0,0,0.22521292
shopper_0013927,1,0,0.31534459
shopper_0013928,0,0,0.30235941
shopper_0013929,1,0,0.69093904
shopper_0013930,1,0,0.68827833
shopper_0013931,1,0,0.81434862
shopper_0013932,1,0,0.28174486
shopper_0013933,0,0,0.49350894
shopper_0013934,1,0,0.45408333
shopper_0013935,0,0,0.14645906
shopper_0013936,0,0,0.68021119
shopper_0013937,0,0,0.54759127
shopper_0013938,1,0,0.32598230
shopper_0013939,0,0,0.95062061
shopper_0013940,1,0,0.57954015
shopper_0013941,1,0,0.63986080
shopper_0013942,0,0,0.18151914
shopper_0013943,1,0,0.53149064
shopper_0013944,1,0,0.77298527
shopper_0013945,0,0,0.48920264
shopper_0013946,0,1,0.60837960
shopper_0013947,1,0,0.44789171
shopper_0013948,1,1,0.37842623
shopper_0013949,0,0,0.51663029
shopper_0013950,1,0,0.36903538
shopper_0013951,1,0,0.44605488
shopper_0013952,0,0,0.23018018
shopper_0013953,0,0,0.30310361
shopper_0013954,1,1,0.60927375
shopper_0013955,1,0,0.55731763
shopper_0013956,0,0,0.40842779
shopper_0013957,1,1,0.35218507
shopper_0013958,1,0,0.90982720
shopper_0013959,1,0,0.91905776
shopper_0013960,0,0,0.61190436
shopper_0013961,1,0,0.51369038
shopper_0013962,0,0,0.90717498
shopper_0013963,1,1,0.55167116
shopper_0013964,0,0,0.30755189
shopper_0013965,0,0,0.48615848
shopper_0013966,0,0,0.53432093
shopper_0013967,1,0,0.60584830
shopper_0013968,1,0,0.74841925
shopper_0013969,1,0,0.04036167
shopper_0013970,0,0,0.88943996
shopper_0013971,0,0,0.85309548
shopper_0013972,1,0,0.40431020
shopper_0013973,0,0,0.31247257
shopper_0013974,0,0,0.65856333
shopper_0013975,0,0,0.43858903
shopper_0013976,1,0,0.08216839
shopper_0013977,0,0,0.71311329
shopper_0013978,0,0,0.69041943
shopper_0013979,0,0,0.77103302
shopper_0013980,1,0,0.31353955
shopper_0013981,0,0,0.18107283
shopper_0013982,1,0,0.61470947
shopper_0013983,1,0,0.10191903
shopper_0013984,1,0,0.37691896
shopper_0013985,1,0,0.95329373
shopper_0013986,1,0,0.29751690
shopper_0013987,0,0,0.69612487
shopper_0013988,0,0,0.43828653
shopper_0013989,1,0,0.40175248
shopper_0013990,0,0,0.96372574
shopper_0013991,0,0,0.76674021
shopper_0013992,0,0,0.35139601
shopper_0013993,0,0,0.58890965
shopper_0013994,0,0,0.62305242
shopper_0013995,1,0,0.80852796
shopper_0013996,1,0,0.68443278
shopper_0013997,1,0,0.46733148
shopper_0013998,0,0,0.69025115
shopper_0013999,1,0,0.61161047
shopper_0014000,0,0,0.20650955
shopper_0014001,0,1,0.38530545
shopper_0014002,1,0,0.17320451
shopper_0014003,1,0,0.39112974
shopper_0014004,1,0,0.78015597
shopper_0014005,0,0,0.28688313
shopper_0014006,0,0,0.32683725
shopper_0014007,1,1,0.70967787
shopper_0014008,0,0,0.27327693
shopper_0014009,0,0,0.19899796
shopper_0014010,0,0,0.39472068
shopper_0014011,1,0,0.39593006
shopper_0014012,1,0,0.21634955
shopper_0014013,0,0,0.71093238
shopper_0014014,0,0,0.50779411
shopper_0014015,0,0,0.69675064
shopper_0014016,1,0,0.52581584
shopper_0014017,1,0,0.47481036
shopper_0014018,0,0,0.25207425
shopper_0014019,1,0,0.35003713
shopper_0014020,1,0,0.81618698
shopper_0014021,0,0,0.09299489
shopper_0014022,1,0,0.40962847
shopper_0014023,1,0,0.24570438
shopper_0014024,1,0,0.68689093
shopper_0014025,1,0,0.63066869
shopper_0014026,0,0,0.29131553
shopper_0014027,1,0,0.39975329
shopper_0014028,1,0,0.68593712
shopper_0014029,1,0,0.73286533
shopper_0014030,1,0,0.45686828
shopper_0014031,0,0,0.26109806
shopper_0014032,1,0,0.27668975
shopper_0014033,0,0,0.11876711
shopper_0014034,1,0,0.47507977
shopper_0014035,0,0,0.32657421
shopper_0014036,1,0,0.89378599
shopper_0014037,0,1,0.24882527
shopper_0014038,0,0,0.43957264
shopper_0014039,1,0,0.71262769
shopper_0014040,1,1,0.56090637
shopper_0014041,0,0,0.56198612
shopper_0014042,1,1,0.41898766
shopper_0014043,1,0,0.32840843
shopper_0014044,1,0,0.43851306
shopper_0014045,0,0,0.23130569
shopper_0014046,1,0,0.66188340
shopper_0014047,0,0,0.26111193
shopper_0014048,1,0,0.21032273
shopper_0014049,0,0,0.47205907
shopper_0014050,0,0,0.47072136
shopper_0014051,1,0,0.23600392
shopper_0014052,1,0,0.75146697
shopper_0014053,1,0,0.62985789
shopper_0014054,0,0,0.69586326
shopper_0014055,0,0,0.58955831
shopper_0014056,0,0,0.82133689
shopper_0014057,0,0,0.95746804
shopper_0014058,1,1,0.79524758
shopper_0014059,1,0,0.09095990
shopper_0014060,0,0,0.96922662
shopper_0014061,1,0,0.70992168
shopper_0014062,1,0,0.57281992
shopper_0014063,0,0,0.20268487
shopper_0014064,1,0,0.36203639
shopper_0014065,0,0,0.32955086
shopper_0014066,0,0,0.37417179
shopper_0014067,1,1,0.82648725
shopper_0014068,0,0,0.49215533
shopper_0014069,0,0,0.70017323
shopper_0014070,1,0,0.88916808
shopper_0014071,0,1,0.71072619
shopper_0014072,1,1,0.79405085
shopper_0014073,1,0,0.50048764
shopper_0014074,0,0,0.40086976
shopper_0014075,1,0,0.26848102
shopper_0014076,0,0,0.06312344
shopper_0014077,1,0,0.85534100
shopper_0014078,0,0,0.58617693
shopper_0014079,0,0,0.55511062
shopper_0014080,0,0,0.20833577
shopper_0014081,1,0,0.17125268
shopper_0014082,0,0,0.56293665
shopper_0014083,0,0,0.35755029
shopper_0014084,1,0,0.34505317
shopper_0014085,0,0,0.30436095
shopper_0014086,0,1,0.61942671
shopper_0014087,0,0,0.56355202
shopper_0014088,0,0,0.65101677
shopper_0014089,1,0,0.15170408
shopper_0014090,1,0,0.54818819
shopper_0014091,0,0,0.59788784
shopper_0014092,0,1,0.84849948
shopper_0014093,0,0,0.73580121
shopper_0014094,0,0,0.49442504
shopper_0014095,0,0,0.97722601
shopper_0014096,1,0,0.81239633
shopper_0014097,1,0,0.35191721
shopper_0014098,1,0,0.11386691
shopper_0014099,1,0,0.64799250
shopper_0014100,0,0,0.62867340
shopper_0014101,1,1,0.44261335
shopper_0014102,0,0,0.10815973
shopper_0014103,0,0,0.40268464
shopper_0014104,1,0,0.84745966
shopper_0014105,0,0,0.11502195
shopper_0014106,0,0,0.53833122
shopper_0014107,1,0,0.26528673
shopper_0014108,0,0,0.37632328
shopper_0014109,0,0,0.55061979
shopper_0014110,1,0,0.52424288
shopper_0014111,1,0,0.32433691
shopper_0014112,0,0,0.62993248
shopper_0014113,0,0,0.27245426
shopper_0014114,0,1,0.36780996
shopper_0014115,0,0,0.48808913
shopper_0014116,1,0,0.26294726
shopper_0014117,1,1,0.69678849
shopper_0014118,0,0,0.43055470
shopper_0014119,1,0,0.40600897
shopper_0014120,0,0,0.10651924
shopper_0014121,1,0,0.22197930
shopper_0014122,1,0,0.17436409
shopper_0014123,0,0,0.19724109
shopper_0014124,1,0,0.73217164
shopper_0014125,1,0,0.62494301
shopper_0014126,0,0,0.21428723
shopper_0014127,1,0,0.49377645
shopper_0014128,1,0,0.50769983
shopper_0014129,1,0,0.53121114
shopper_0014130,0,0,0.18925284
shopper_0014131,0,0,0.33514253
shopper_0014132,1,0,0.44015577
shopper_0014133,1,1,0.35587428
shopper_0014134,1,0,0.02774226
shopper_0014135,1,0,0.79004396
shopper_0014136,1,0,0.64939065
shopper_0014137,1,0,0.41725176
shopper_0014138,1,0,0.93326269
shopper_0014139,1,0,0.19460782
shopper_0014140,0,0,0.47634381
shopper_0014141,1,0,0.84353219
shopper_0014142,0,0,0.82457879
shopper_0014143,0,0,0.54433270
shopper_0014144,0,1,0.83826130
shopper_0014145,0,0,0.63471942
shopper_0014146,0,0,0.89770987
shopper_0014147,1,0,0.17666405
shopper_0014148,0,0,0.16676712
shopper_0014149,0,0,0.73793966
shopper_0014150,1,0,0.07172398
shopper_0014151,1,0,0.22635355
shopper_0014152,0,0,0.94835656
shopper_0014153,1,0,0.84434621
shopper_0014154,0,0,0.37840273
shopper_0014155,1,0,0.64833785
shopper_0014156,0,0,0.77961848
shopper_0014157,0,0,0.18806170
shopper_0014158,0,0,0.52046550
shopper_0014159,0,0,0.69432988
shopper_0014160,0,0,0.20427628
shopper_0014161,1,0,0.50490261
shopper_0014162,1,0,0.73198268
shopper_0014163,0,0,0.61165951
shopper_0014164,0,0,0.78632658
shopper_0014165,0,0,0.20390356
shopper_0014166,0,1,0.55500873
shopper_0014167,0,1,0.21672602
shopper_0014168,1,0,0.71922711
shopper_0014169,0,0,0.46259454
shopper_0014170,1,0,0.77826306
shopper_0014171,0,0,0.24760708
shopper_0014172,0,0,0.47527349
shopper_0014173,1,0,0.18120958
shopper_0014174,1,0,0.50180897
shopper_0014175,1,0,0.35148161
shopper_0014176,0,0,0.42121424
shopper_0014177,0,1,0.25555074
shopper_0014178,0,1,0.71494856
shopper_0014179,1,0,0.26497911
shopper_0014180,1,0,0.16259971
shopper_0014181,1,0,0.76627547
shopper_0014182,0,0,0.35687106
shopper_0014183,0,0,0.63855543
shopper_0014184,0,0,0.85781706
shopper_0014185,1,0,0.55232605
shopper_0014186,0,0,0.80583236
shopper_0014187,1,0,0.64700993
shopper_0014188,0,1,0.74769090
shopper_0014189,0,0,0.44874090
shopper_0014190,0,0,0.38412802
shopper_0014191,0,0,0.40127749
shopper_0014192,1,0,0.42575484
shopper_0014193,1,0,0.74177144
shopper_0014194,1,1,0.57542425
shopper_0014195,1,0,0.60773470
shopper_0014196,1,0,0.21460220
shopper_0014197,1,0,0.52590444
shopper_0014198,1,0,0.50159520
shopper_0014199,0,0,0.28339693
shopper_0014200,1,0,0.48358373
shopper_0014201,1,0,0.82280246
shopper_0014202,1,0,0.26778396
shopper_0014203,0,0,0.71494295
shopper_0014204,1,0,0.80513007
shopper_0014205,1,0,0.34743519
shopper_0014206,0,0,0.32695277
shopper_0014207,1,0,0.67951742
shopper_0014208,1,0,0.48149330
shopper_0014209,1,0,0.92744486
shopper_0014210,1,0,0.29360424
shopper_0014211,0,0,0.19223468
shopper_0014212,1,0,0.59279890
shopper_0014213,0,0,0.44972696
shopper_0014214,1,0,0.27567831
shopper_0014215,1,0,0.69925375
shopper_0014216,0,0,0.78682222
shopper_0014217,1,0,0.86352280
shopper_0014218,1,0,0.34534739
shopper_0014219,0,0,0.20460012
shopper_0014220,0,0,0.77662465
shopper_0014221,0,0,0.48790172
shopper_0014222,1,0,0.15188537
shopper_0014223,1,0,0.26686265
shopper_0014224,1,0,0.74628580
shopper_0014225,0,0,0.19302455
shopper_0014226,0,0,0.08351509
shopper_0014227,1,1,0.70788706
shopper_0014228,1,0,0.40645653
shopper_0014229,1,0,0.76841711
shopper_0014230,0,0,0.68505743
shopper_0014231,1,0,0.42996225
shopper_0014232,0,0,0.62005105
shopper_0014233,0,0,0.52699751
shopper_0014234,1,0,0.77860975
shopper_0014235,1,0,0.42977966
shopper_0014236,1,0,0.13261607
shopper_0014237,1,0,0.67597510
shopper_0014238,0,0,0.47643014
shopper_0014239,1,0,0.40812275
shopper_0014240,1,1,0.87341076
shopper_0014241,0,0,0.30447096
shopper_0014242,0,0,0.75225729
shopper_0014243,0,1,0.65096928
shopper_0014244,0,0,0.31044838
shopper_0014245,0,1,0.56472459
shopper_0014246,0,1,0.23855488
shopper_0014247,0,0,0.78105662
shopper_0014248,1,0,0.43527066
shopper_0014249,1,0,0.63314402
shopper_0014250,1,0,0.10389879
shopper_0014251,0,0,0.20826250
shopper_0014252,1,1,0.88874080
shopper_0014253,0,0,0.71644251
shopper_0014254,1,0,0.35143566
shopper_0014255,1,0,0.47928672
shopper_0014256,1,0,0.15891202
shopper_0014257,0,0,0.23610349
shopper_0014258,0,0,0.10370073
shopper_0014259,1,1,0.28239407
shopper_0014260,1,0,0.70460335
shopper_0014261,1,1,0.85116034
shopper_0014262,0,0,0.85152950
shopper_0014263,0,0,0.07180156
shopper_0014264,1,0,0.33033878
shopper_0014265,0,0,0.56496763
shopper_0014266,1,0,0.90520009
shopper_0014267,0,1,0.11406258
shopper_0014268,1,0,0.69651912
shopper_0014269,0,0,0.10034429
shopper_0014270,0,0,0.55860565
shopper_0014271,1,0,0.17730503
shopper_0014272,0,0,0.80258690
shopper_0014273,1,0,0.59312514
shopper_0014274,0,0,0.33613588
shopper_0014275,1,0,0.39444881
shopper_0014276,0,0,0.66653991
shopper_0014277,0,0,0.42096693
shopper_0014278,0,0,0.22206359
shopper_0014279,0,0,0.55566869
shopper_0014280,1,0,0.32165791
shopper_0014281,0,0,0.30674082
shopper_0014282,0,0,0.68389772
shopper_0014283,1,0,0.34130618
shopper_0014284,0,0,0.70004384
shopper_0014285,0,0,0.77843402
shopper_0014286,0,1,0.44175518
shopper_0014287,1,0,0.46861805
shopper_0014288,0,0,0.25387330
shopper_0014289,1,0,0.01884805
shopper_0014290,1,1,0.31349045
shopper_0014291,0,0,0.59382579
shopper_0014292,1,0,0.21011009
shopper_0014293,0,0,0.34810845
shopper_0014294,1,0,0.90310110
shopper_0014295,1,1,0.10090536
shopper_0014296,1,0,0.51403496
shopper_0014297,1,0,0.76624867
shopper_0014298,0,0,0.18717472
shopper_0014299,1,0,0.63009785
shopper_0014300,0,0,0.35385544
shopper_0014301,0,0,0.39381697
shopper_0014302,1,0,0.35146212
shopper_0014303,1,0,0.24803592
shopper_0014304,0,0,0.71875160
shopper_0014305,1,0,0.29139684
shopper_0014306,0,0,0.49380463
shopper_0014307,0,0,0.74905332
shopper_0014308,0,0,0.07560350
shopper_0014309,0,0,0.80073604
shopper_0014310,0,0,0.72719081
shopper_0014311,0,0,0.83575909
shopper_0014312,1,0,0.65463309
shopper_0014313,1,1,0.89541518
shopper_0014314,0,0,0.18833710
shopper_0014315,0,0,0.50789083
shopper_0014316,1,0,0.45456011
shopper_0014317,1,0,0.06855408
shopper_0014318,1,0,0.39627060
shopper_0014319,0,0,0.80628603
shopper_0014320,0,0,0.66554311
shopper_0014321,0,0,0.24671686
shopper_0014322,0,0,0.53301341
shopper_0014323,0,0,0.44836099
shopper_0014324,0,0,0.55619990
shopper_0014325,0,0,0.09156073
shopper_0014326,0,0,0.84679737
shopper_0014327,0,0,0.57104885
shopper_0014328,1,0,0.26715690
shopper_0014329,0,0,0.74658444
shopper_0014330,1,0,0.37833948
shopper_0014331,1,0,0.31769946
shopper_0014332,1,0,0.34790661
shopper_0014333,1,0,0.73464173
shopper_0014334,0,0,0.15003245
shopper_0014335,0,1,0.61325977
shopper_0014336,0,0,0.43719115
shopper_0014337,1,0,0.09133446
shopper_0014338,1,0,0.23618779
shopper_0014339,0,0,0.75624220
shopper_0014340,1,0,0.52045342
shopper_0014341,0,0,0.70604305
shopper_0014342,0,0,0.29886010
shopper_0014343,0,0,0.54789142
shopper_0014344,0,0,0.60672725
shopper_0014345,1,0,0.60567993
shopper_0014346,1,0,0.37547072
shopper_0014347,0,0,0.44855863
shopper_0014348,0,1,0.44720237
shopper_0014349,0,0,0.78004724
shopper_0014350,0,0,0.44302317
shopper_0014351,1,1,0.92195977
shopper_0014352,0,1,0.76195130
shopper_0014353,1,0,0.33180308
shopper_0014354,0,0,0.35475180
shopper_0014355,1,0,0.46977185
shopper_0014356,1,0,0.53810976
shopper_0014357,1,0,0.80309853
shopper_0014358,0,0,0.70197848
shopper_0014359,0,0,0.32295975
shopper_0014360,1,0,0.37054757
shopper_0014361,0,0,0.71806988
shopper_0014362,0,0,0.51858965
shopper_0014363,0,0,0.06425033
shopper_0014364,1,0,0.67674011
shopper_0014365,1,1,0.18668495
shopper_0014366,1,0,0.60973194
shopper_0014367,1,0,0.27774499
shopper_0014368,1,0,0.92102103
shopper_0014369,0,0,0.33440774
shopper_0014370,0,0,0.09655405
shopper_0014371,1,0,0.46650226
shopper_0014372,1,0,0.45575833
shopper_0014373,0,1,0.75470669
shopper_0014374,1,0,0.38535785
shopper_0014375,1,0,0.60843122
shopper_0014376,1,0,0.35676979
shopper_0014377,0,0,0.47280816
shopper_0014378,0,0,0.90923718
shopper_0014379,0,0,0.72794151
shopper_0014380,1,0,0.78935411
shopper_0014381,1,0,0.72644784
shopper_0014382,0,0,0.41306942
shopper_0014383,1,0,0.33543922
shopper_0014384,0,0,0.19601427
shopper_0014385,1,0,0.46438644
shopper_0014386,0,0,0.30228791
shopper_0014387,0,0,0.42615820
shopper_0014388,0,0,0.76618115
shopper_0014389,0,0,0.76497890
shopper_0014390,1,0,0.28356113
shopper_0014391,0,0,0.41746338
shopper_0014392,0,0,0.80430853
shopper_0014393,0,0,0.83501972
shopper_0014394,0,0,0.66206479
shopper_0014395,1,0,0.56960814
shopper_0014396,0,1,0.50045933
shopper_0014397,0,1,0.62194524
shopper_0014398,0,0,0.52992126
shopper_0014399,0,0,0.83673167
shopper_0014400,1,0,0.86533557
shopper_0014401,0,0,0.38713472
shopper_0014402,0,0,0.23302339
shopper_0014403,0,0,0.96864688
shopper_0014404,0,0,0.38603720
shopper_0014405,0,0,0.62055377
shopper_0014406,1,1,0.74244871
shopper_0014407,1,0,0.64073625
shopper_0014408,0,0,0.62208847
shopper_0014409,0,0,0.29493461
shopper_0014410,1,0,0.94756908
shopper_0014411,1,0,0.66760723
shopper_0014412,1,0,0.91536382
shopper_0014413,1,0,0.61030392
shopper_0014414,1,0,0.35284110
shopper_0014415,1,0,0.78026035
shopper_0014416,1,0,0.39488081
shopper_0014417,1,0,0.08324373
shopper_0014418,1,1,0.79537655
shopper_0014419,0,0,0.30373829
shopper_0014420,1,0,0.32631854
shopper_0014421,0,0,0.69678754
shopper_0014422,0,1,0.80684182
shopper_0014423,1,0,0.30608037
shopper_0014424,1,0,0.63830552
shopper_0014425,1,0,0.42195835
shopper_0014426,1,0,0.62012536
shopper_0014427,1,0,0.17181376
shopper_0014428,1,0,0.70261513
shopper_0014429,0,0,0.49558623
shopper_0014430,1,1,0.41538807
shopper_0014431,1,1,0.33085314
shopper_0014432,1,0,0.59063246
shopper_0014433,0,0,0.71702468
shopper_0014434,1,0,0.62101595
shopper_0014435,0,0,0.25762458
shopper_0014436,0,0,0.17992984
shopper_0014437,0,1,0.73447975
shopper_0014438,1,1,0.64703013
shopper_0014439,1,1,0.71507808
shopper_0014440,1,0,0.48651371
shopper_0014441,0,1,0.28585139
shopper_0014442,1,0,0.72202291
shopper_0014443,0,0,0.46985441
shopper_0014444,1,0,0.41109033
shopper_0014445,1,0,0.54805629
shopper_0014446,0,0,0.17705831
shopper_0014447,1,0,0.59801092
shopper_0014448,0,0,0.53694084
shopper_0014449,0,1,0.78660005
shopper_0014450,1,0,0.66526002
shopper_0014451,1,0,0.88368537
shopper_0014452,0,0,0.81725387
shopper_0014453,1,0,0.70334338
shopper_0014454,1,0,0.41869041
shopper_0014455,0,0,0.57414279
shopper_0014456,1,0,0.16519396
shopper_0014457,1,0,0.32900150
shopper_0014458,1,0,0.68122445
shopper_0014459,1,0,0.46525602
shopper_0014460,0,0,0.20914862
shopper_0014461,0,0,0.54228232
shopper_0014462,1,0,0.60478672
shopper_0014463,1,0,0.55921882
shopper_0014464,0,0,0.46959176
shopper_0014465,1,0,0.37393399
shopper_0014466,0,0,0.40470321
shopper_0014467,0,0,0.72775030
shopper_0014468,0,0,0.33135827
shopper_0014469,1,0,0.56107612
shopper_0014470,0,0,0.15681841
shopper_0014471,1,0,0.13156550
shopper_0014472,0,1,0.25758546
shopper_0014473,0,0,0.21439902
shopper_0014474,1,1,0.47231871
shopper_0014475,0,0,0.68433020
shopper_0014476,0,0,0.52863441
shopper_0014477,0,0,0.13544950
shopper_0014478,1,0,0.34811085
shopper_0014479,1,0,0.58345282
shopper_0014480,0,0,0.61402788
shopper_0014481,0,0,0.55350101
shopper_0014482,0,0,0.78292345
shopper_0014483,1,0,0.71139577
shopper_0014484,1,0,0.79551585
shopper_0014485,0,0,0.35047402
shopper_0014486,0,0,0.49819156
shopper_0014487,0,0,0.69170059
shopper_0014488,0,0,0.51921787
shopper_0014489,1,0,0.15427829
shopper_0014490,1,0,0.64605729
shopper_0014491,0,0,0.70265334
shopper_0014492,1,0,0.75747170
shopper_0014493,1,0,0.22598376
shopper_0014494,0,0,0.80693154
shopper_0014495,0,0,0.68759239
shopper_0014496,1,0,0.51818239
shopper_0014497,0,0,0.23436907
shopper_0014498,0,0,0.42625928
shopper_0014499,1,0,0.71105965
shopper_0014500,0,1,0.42501828
shopper_0014501,1,0,0.41982552
shopper_0014502,0,0,0.46643862
shopper_0014503,1,0,0.04932069
shopper_0014504,1,0,0.29839232
shopper_0014505,0,0,0.56028161
shopper_0014506,1,0,0.89350162
shopper_0014507,0,0,0.45927792
shopper_0014508,1,0,0.93220290
shopper_0014509,1,0,0.53309998
shopper_0014510,0,1,0.86982684
shopper_0014511,1,1,0.51196868
shopper_0014512,1,0,0.78648271
shopper_0014513,1,0,0.15353929
shopper_0014514,1,0,0.66012078
shopper_0014515,1,0,0.56367150
shopper_0014516,0,0,0.61319013
shopper_0014517,0,0,0.36703760
shopper_0014518,1,1,0.88169574
shopper_0014519,1,0,0.63589255
shopper_0014520,0,0,0.41617248
shopper_0014521,0,0,0.74099271
shopper_0014522,0,0,0.54293970
shopper_0014523,0,0,0.41671462
shopper_0014524,1,0,0.37933180
shopper_0014525,0,0,0.02368305
shopper_0014526,0,0,0.53312145
shopper_0014527,0,0,0.57553951
shopper_0014528,0,0,0.45583196
shopper_0014529,0,0,0.85823601
shopper_0014530,1,0,0.16914415
shopper_0014531,1,0,0.25416930
shopper_0014532,1,0,0.90072429
shopper_0014533,1,0,0.35678862
shopper_0014534,0,0,0.77410559
shopper_0014535,0,0,0.35163776
shopper_0014536,0,0,0.55916126
shopper_0014537,1,0,0.49133803
shopper_0014538,0,0,0.41758949
shopper_0014539,1,0,0.26354370
shopper_0014540,0,0,0.58874272
shopper_0014541,0,0,0.42307689
shopper_0014542,0,0,0.34917968
shopper_0014543,1,0,0.74490529
shopper_0014544,1,0,0.20413763
shopper_0014545,1,0,0.40629963
shopper_0014546,0,0,0.72501030
shopper_0014547,1,0,0.68261354
shopper_0014548,0,1,0.53693861
shopper_0014549,0,0,0.43267608
shopper_0014550,0,0,0.51361727
shopper_0014551,0,1,0.48665161
shopper_0014552,0,0,0.73573893
shopper_0014553,1,0,0.55140397
shopper_0014554,1,0,0.11956781
shopper_0014555,1,0,0.52274039
shopper_0014556,1,0,0.25893914
shopper_0014557,1,0,0.20687609
shopper_0014558,1,1,0.83494587
shopper_0014559,0,0,0.27080632
shopper_0014560,1,0,0.31639368
shopper_0014561,1,0,0.70410505
shopper_0014562,1,0,0.60536107
shopper_0014563,1,0,0.71726059
shopper_0014564,0,0,0.83818831
shopper_0014565,1,0,0.39208944
shopper_0014566,0,0,0.39824681
shopper_0014567,1,0,0.46129659
shopper_0014568,0,0,0.24380769
shopper_0014569,1,0,0.32208194
shopper_0014570,1,0,0.22659824
shopper_0014571,0,0,0.28511624
shopper_0014572,1,0,0.76050523
shopper_0014573,1,0,0.76536425
shopper_0014574,1,0,0.22674923
shopper_0014575,1,1,0.79983615
shopper_0014576,0,0,0.32946592
shopper_0014577,1,0,0.28674415
shopper_0014578,0,0,0.47971214
shopper_0014579,1,0,0.46996785
shopper_0014580,0,0,0.78087999
shopper_0014581,1,0,0.56368338
shopper_0014582,1,0,0.55547052
shopper_0014583,0,0,0.44642239
shopper_0014584,1,0,0.91056664
shopper_0014585,0,0,0.64515643
shopper_0014586,1,0,0.31473954
shopper_0014587,0,0,0.34372662
shopper_0014588,0,0,0.69640913
shopper_0014589,1,0,0.49021170
shopper_0014590,1,0,0.32411279
shopper_0014591,1,0,0.73194665
shopper_0014592,1,0,0.71756535
shopper_0014593,0,1,0.43992273
shopper_0014594,1,1,0.57914762
shopper_0014595,1,0,0.66110392
shopper_0014596,0,0,0.63280845
shopper_0014597,0,0,0.98017115
shopper_0014598,0,0,0.80943146
shopper_0014599,1,0,0.37826530
shopper_0014600,0,0,0.45480895
shopper_0014601,1,0,0.39750546
shopper_0014602,1,0,0.39089458
shopper_0014603,0,0,0.52497482
shopper_0014604,0,0,0.70940261
shopper_0014605,1,0,0.37047218
shopper_0014606,0,0,0.60423853
shopper_0014607,0,1,0.24377311
shopper_0014608,1,1,0.68394026
shopper_0014609,0,0,0.12487242
shopper_0014610,1,0,0.16289591
shopper_0014611,0,0,0.57488839
shopper_0014612,0,0,0.45568711
shopper_0014613,1,0,0.29045715
shopper_0014614,0,0,0.55560208
shopper_0014615,0,0,0.51792072
shopper_0014616,0,0,0.78499795
shopper_0014617,0,0,0.71866878
shopper_0014618,0,1,0.75797529
shopper_0014619,0,0,0.12004463
shopper_0014620,0,0,0.55970196
shopper_0014621,1,0,0.22390704
shopper_0014622,0,1,0.70637457
shopper_0014623,0,0,0.38936562
shopper_0014624,0,0,0.44663022
shopper_0014625,0,0,0.90347740
shopper_0014626,0,0,0.51284069
shopper_0014627,0,0,0.40407951
shopper_0014628,1,1,0.12770610
shopper_0014629,1,0,0.28327700
shopper_0014630,1,0,0.71802654
shopper_0014631,1,0,0.55572048
shopper_0014632,0,0,0.63363399
shopper_0014633,0,0,0.56278201
shopper_0014634,0,0,0.73914319
shopper_0014635,0,0,0.34473130
shopper_0014636,0,0,0.13570288
shopper_0014637,1,0,0.22681419
shopper_0014638,1,0,0.20515868
shopper_0014639,1,0,0.92716328
shopper_0014640,1,0,0.28526926
shopper_0014641,1,0,0.32278714
shopper_0014642,0,0,0.75851134
shopper_0014643,0,1,0.43383973
shopper_0014644,1,0,0.36710826
shopper_0014645,0,0,0.67858541
shopper_0014646,1,0,0.78750886
shopper_0014647,1,0,0.09676503
shopper_0014648,1,0,0.39656937
shopper_0014649,1,1,0.78942005
shopper_0014650,1,0,0.69703120
shopper_0014651,0,0,0.41543498
shopper_0014652,1,0,0.63834012
shopper_0014653,1,0,0.23089458
shopper_0014654,1,0,0.29069797
shopper_0014655,0,0,0.28955431
shopper_0014656,0,0,0.21728187
shopper_0014657,1,0,0.23534246
shopper_0014658,0,0,0.43208708
shopper_0014659,1,0,0.80282792
shopper_0014660,0,0,0.54024824
shopper_0014661,0,0,0.38175592
shopper_0014662,1,0,0.46963205
shopper_0014663,1,0,0.55435336
shopper_0014664,1,0,0.35889291
shopper_0014665,0,0,0.25028424
shopper_0014666,0,1,0.73219158
shopper_0014667,1,0,0.51267112
shopper_0014668,0,0,0.16271425
shopper_0014669,1,0,0.48537511
shopper_0014670,1,0,0.55886310
shopper_0014671,0,0,0.51611940
shopper_0014672,0,0,0.57174397
shopper_0014673,1,0,0.91423859
shopper_0014674,0,0,0.67169082
shopper_0014675,1,0,0.76656451
shopper_0014676,1,0,0.26037377
shopper_0014677,1,0,0.66116607
shopper_0014678,1,0,0.49386436
shopper_0014679,0,0,0.85657107
shopper_0014680,1,0,0.54719244
shopper_0014681,0,0,0.61773565
shopper_0014682,1,0,0.57189095
shopper_0014683,1,0,0.22925680
shopper_0014684,0,1,0.77362588
shopper_0014685,1,0,0.48511643
shopper_0014686,1,0,0.60091987
shopper_0014687,1,0,0.27032170
shopper_0014688,0,0,0.57424895
shopper_0014689,0,1,0.41455289
shopper_0014690,0,0,0.32699258
shopper_0014691,1,1,0.18694318
shopper_0014692,1,0,0.41368760
shopper_0014693,0,0,0.49479478
shopper_0014694,0,0,0.41957029
shopper_0014695,0,0,0.51982939
shopper_0014696,1,0,0.32109704
shopper_0014697,1,0,0.14926248
shopper_0014698,0,0,0.29881155
shopper_0014699,0,0,0.82040873
shopper_0014700,0,0,0.29569454
shopper_0014701,1,0,0.25967098
shopper_0014702,0,1,0.38401901
shopper_0014703,0,0,0.19097792
shopper_0014704,0,1,0.73552613
shopper_0014705,0,0,0.98431301
shopper_0014706,1,0,0.88350224
shopper_0014707,1,0,0.72082847
shopper_0014708,0,0,0.67578116
shopper_0014709,0,0,0.41415307
shopper_0014710,0,0,0.48712357
shopper_0014711,1,0,0.80245325
shopper_0014712,1,1,0.62490632
shopper_0014713,0,0,0.64449554
shopper_0014714,1,0,0.33126153
shopper_0014715,1,1,0.72633252
shopper_0014716,1,0,0.43483595
shopper_0014717,1,0,0.72791141
shopper_0014718,1,0,0.22187221
shopper_0014719,1,0,0.79430051
shopper_0014720,1,0,0.12346294
shopper_0014721,1,0,0.82285441
shopper_0014722,0,0,0.73393504
shopper_0014723,0,0,0.52656496
shopper_0014724,1,0,0.69405729
shopper_0014725,1,0,0.22127940
shopper_0014726,0,1,0.70149791
shopper_0014727,0,0,0.15532249
shopper_0014728,1,0,0.42087182
shopper_0014729,0,0,0.74950962
shopper_0014730,0,0,0.72673709
shopper_0014731,0,0,0.27078922
shopper_0014732,0,0,0.20427366
shopper_0014733,1,0,0.70729618
shopper_0014734,0,0,0.52879619
shopper_0014735,0,0,0.18521090
shopper_0014736,1,0,0.34294555
shopper_0014737,0,0,0.56659884
shopper_0014738,1,0,0.40280057
shopper_0014739,1,0,0.26848234
shopper_0014740,0,0,0.24402538
shopper_0014741,0,0,0.80551730
shopper_0014742,0,1,0.31605958
shopper_0014743,1,1,0.38047508
shopper_0014744,0,0,0.56995973
shopper_0014745,1,0,0.84596646
shopper_0014746,0,0,0.68124765
shopper_0014747,0,0,0.80703216
shopper_0014748,1,0,0.15365830
shopper_0014749,0,0,0.33087912
shopper_0014750,1,0,0.08089955
shopper_0014751,1,0,0.72593761
shopper_0014752,1,0,0.48844373
shopper_0014753,0,0,0.50334484
shopper_0014754,1,0,0.33870540
shopper_0014755,1,1,0.44928492
shopper_0014756,0,0,0.14310973
shopper_0014757,1,0,0.21646511
shopper_0014758,1,0,0.21017437
shopper_0014759,0,0,0.57011543
shopper_0014760,1,0,0.38868348
shopper_0014761,0,0,0.13162407
shopper_0014762,0,0,0.36619990
shopper_0014763,0,0,0.77677229
shopper_0014764,0,0,0.25033502
shopper_0014765,1,0,0.65709115
shopper_0014766,0,0,0.53891143
shopper_0014767,0,0,0.65541703
shopper_0014768,1,0,0.72257194
shopper_0014769,1,0,0.47504839
shopper_0014770,1,1,0.62951697
shopper_0014771,1,1,0.59976539
shopper_0014772,0,0,0.72679800
shopper_0014773,0,0,0.21279611
shopper_0014774,1,0,0.76774268
shopper_0014775,1,0,0.59780583
shopper_0014776,0,0,0.68224261
shopper_0014777,0,0,0.80170544
shopper_0014778,0,0,0.42738937
shopper_0014779,0,0,0.79742713
shopper_0014780,1,0,0.39246485
shopper_0014781,1,0,0.50077462
shopper_0014782,0,0,0.49567395
shopper_0014783,1,1,0.75452151
shopper_0014784,0,0,0.34371941
shopper_0014785,1,0,0.29896323
shopper_0014786,1,0,0.48638448
shopper_0014787,0,0,0.25697866
shopper_0014788,1,1,0.16071210
shopper_0014789,1,0,0.20966089
shopper_0014790,1,0,0.06502660
shopper_0014791,1,0,0.49698012
shopper_0014792,1,1,0.16554159
shopper_0014793,0,0,0.25552098
shopper_0014794,0,0,0.21334261
shopper_0014795,1,0,0.68837549
shopper_0014796,0,0,0.36507503
shopper_0014797,0,0,0.61214058
shopper_0014798,1,0,0.55602694
shopper_0014799,1,0,0.79454589
shopper_0014800,1,0,0.71103624
shopper_0014801,1,1,0.07512349
shopper_0014802,0,0,0.80706756
shopper_0014803,0,0,0.56569734
shopper_0014804,1,0,0.63301894
shopper_0014805,0,0,0.45792714
shopper_0014806,0,0,0.48711085
shopper_0014807,1,0,0.71484381
shopper_0014808,0,0,0.26600557
shopper_0014809,0,0,0.14325473
shopper_0014810,0,0,0.49423959
shopper_0014811,1,0,0.32240969
shopper_0014812,0,0,0.61017499
shopper_0014813,0,0,0.44207847
shopper_0014814,0,0,0.84624052
shopper_0014815,0,0,0.41322542
shopper_0014816,0,1,0.28854794
shopper_0014817,0,0,0.22403184
shopper_0014818,1,1,0.53198836
shopper_0014819,1,0,0.28175863
shopper_0014820,1,0,0.41023643
shopper_0014821,1,1,0.95344950
shopper_0014822,1,0,0.39836269
shopper_0014823,1,1,0.67607438
shopper_0014824,0,0,0.42462359
shopper_0014825,1,0,0.24737158
shopper_0014826,0,0,0.55635109
shopper_0014827,1,0,0.52607972
shopper_0014828,0,0,0.67708556
shopper_0014829,1,0,0.95001914
shopper_0014830,1,0,0.87893123
shopper_0014831,1,0,0.71167385
shopper_0014832,0,1,0.53874253
shopper_0014833,0,0,0.36256388
shopper_0014834,0,0,0.73331803
shopper_0014835,1,0,0.49412194
shopper_0014836,1,0,0.98455319
shopper_0014837,0,0,0.57220611
shopper_0014838,0,0,0.31383062
shopper_0014839,1,0,0.39452754
shopper_0014840,1,0,0.12942421
shopper_0014841,1,0,0.73868939
shopper_0014842,0,0,0.37714633
shopper_0014843,1,0,0.40314501
shopper_0014844,0,0,0.17637892
shopper_0014845,1,1,0.51899984
shopper_0014846,0,0,0.86787169
shopper_0014847,0,0,0.06147138
shopper_0014848,1,0,0.23349328
shopper_0014849,1,0,0.41979906
shopper_0014850,0,0,0.39858800
shopper_0014851,0,0,0.34545732
shopper_0014852,1,0,0.36001739
shopper_0014853,1,0,0.70480923
shopper_0014854,0,0,0.36313574
shopper_0014855,1,0,0.57515473
shopper_0014856,0,0,0.74967303
shopper_0014857,1,0,0.76277128
shopper_0014858,0,1,0.57218211
shopper_0014859,1,0,0.67835184
shopper_0014860,1,0,0.15931092
shopper_0014861,0,0,0.17375247
shopper_0014862,0,0,0.36806528
shopper_0014863,0,0,0.37630094
shopper_0014864,1,0,0.19544009
shopper_0014865,1,0,0.78248999
shopper_0014866,0,0,0.27671635
shopper_0014867,1,0,0.78997615
shopper_0014868,0,0,0.76562801
shopper_0014869,1,0,0.75914193
shopper_0014870,0,0,0.20670664
shopper_0014871,1,0,0.79005254
shopper_0014872,0,0,0.56534777
shopper_0014873,0,0,0.25700693
shopper_0014874,1,0,0.50874802
shopper_0014875,0,1,0.64205102
shopper_0014876,0,0,0.78298551
shopper_0014877,0,0,0.69686705
shopper_0014878,0,0,0.35867191
shopper_0014879,1,0,0.41822203
shopper_0014880,0,0,0.48484574
shopper_0014881,0,1,0.60758511
shopper_0014882,1,0,0.12309341
shopper_0014883,0,0,0.44677192
shopper_0014884,0,0,0.63971804
shopper_0014885,1,0,0.69400580
shopper_0014886,1,1,0.88750280
shopper_0014887,0,0,0.55988201
shopper_0014888,0,0,0.78685523
shopper_0014889,0,0,0.29454512
shopper_0014890,1,0,0.33667071
shopper_0014891,0,0,0.93462212
shopper_0014892,0,1,0.67534580
shopper_0014893,1,0,0.73981361
shopper_0014894,0,0,0.50052444
shopper_0014895,0,0,0.40897308
shopper_0014896,1,0,0.12654071
shopper_0014897,0,0,0.40515644
shopper_0014898,0,0,0.14168434
shopper_0014899,1,0,0.85910737
shopper_0014900,0,0,0.23086243
shopper_0014901,0,0,0.13642917
shopper_0014902,0,0,0.63142171
shopper_0014903,0,0,0.73510868
shopper_0014904,1,0,0.16581048
shopper_0014905,0,0,0.23167447
shopper_0014906,0,0,0.68447058
shopper_0014907,1,0,0.49230081
shopper_0014908,1,0,0.44598179
shopper_0014909,0,1,0.32580943
shopper_0014910,1,0,0.52055313
shopper_0014911,0,0,0.39103135
shopper_0014912,0,0,0.50962382
shopper_0014913,1,0,0.26704490
shopper_0014914,1,0,0.51937636
shopper_0014915,1,1,0.52287727
shopper_0014916,0,0,0.75897017
shopper_0014917,0,0,0.23832450
shopper_0014918,1,0,0.62150915
shopper_0014919,1,0,0.53954951
shopper_0014920,0,0,0.31380046
shopper_0014921,0,0,0.13449876
shopper_0014922,0,0,0.52484821
shopper_0014923,0,1,0.75250991
shopper_0014924,0,0,0.56478120
shopper_0014925,1,0,0.66757124
shopper_0014926,1,0,0.44477122
shopper_0014927,1,0,0.88710104
shopper_0014928,0,0,0.72644155
shopper_0014929,0,0,0.57609718
shopper_0014930,0,0,0.07528530
shopper_0014931,1,0,0.64954119
shopper_0014932,0,0,0.14497640
shopper_0014933,0,0,0.18369782
shopper_0014934,1,0,0.87004907
shopper_0014935,1,0,0.70688155
shopper_0014936,1,0,0.66482866
shopper_0014937,1,0,0.19101701
shopper_0014938,0,0,0.12631755
shopper_0014939,0,0,0.23692524
shopper_0014940,0,0,0.76519831
shopper_0014941,0,0,0.69130854
shopper_0014942,1,0,0.71073504
shopper_0014943,0,0,0.56266947
shopper_0014944,1,0,0.30563149
shopper_0014945,0,0,0.46165568
shopper_0014946,1,0,0.13396073
shopper_0014947,1,0,0.68137623
shopper_0014948,0,0,0.40427407
shopper_0014949,0,0,0.41977061
shopper_0014950,0,0,0.76068068
shopper_0014951,0,0,0.32261824
shopper_0014952,0,0,0.27213854
shopper_0014953,1,1,0.57781659
shopper_0014954,1,0,0.34262912
shopper_0014955,1,1,0.36589921
shopper_0014956,0,0,0.24146514
shopper_0014957,0,0,0.80821060
shopper_0014958,1,0,0.33740867
shopper_0014959,0,1,0.29990587
shopper_0014960,1,0,0.58064555
shopper_0014961,0,0,0.28395523
shopper_0014962,1,0,0.47161440
shopper_0014963,0,0,0.86153845
shopper_0014964,1,0,0.47131274
shopper_0014965,0,0,0.49713331
shopper_0014966,1,0,0.58978271
shopper_0014967,1,0,0.63613795
shopper_0014968,0,0,0.14311306
shopper_0014969,0,0,0.57623796
shopper_0014970,1,0,0.41340592
shopper_0014971,0,0,0.05035440
shopper_0014972,0,0,0.84193134
shopper_0014973,1,0,0.86092693
shopper_0014974,1,0,0.70033306
shopper_0014975,0,0,0.82037878
shopper_0014976,1,1,0.42222496
shopper_0014977,0,0,0.18887326
shopper_0014978,1,0,0.28240667
shopper_0014979,0,0,0.51736237
shopper_0014980,1,0,0.76638741
shopper_0014981,1,0,0.27298862
shopper_0014982,1,0,0.59983942
shopper_0014983,1,0,0.55621618
shopper_0014984,1,0,0.74433440
shopper_0014985,0,0,0.33552269
shopper_0014986,1,0,0.77982412
shopper_0014987,0,0,0.76609519
shopper_0014988,0,0,0.19639255
shopper_0014989,1,0,0.53541022
shopper_0014990,0,0,0.44242745
shopper_0014991,0,1,0.83729858
shopper_0014992,1,0,0.40675019
shopper_0014993,0,0,0.45795388
shopper_0014994,1,0,0.22103488
shopper_0014995,0,0,0.55661945
shopper_0014996,1,0,0.78200206
shopper_0014997,0,0,0.36705781
shopper_0014998,1,0,0.23811244
shopper_0014999,0,0,0.40604667
shopper_0015000,1,0,0.37882959
shopper_0015001,0,0,0.72355444
shopper_0015002,1,0,0.50546316
shopper_0015003,0,0,0.35467431
shopper_0015004,0,0,0.32294018
shopper_0015005,0,0,0.28374167
shopper_0015006,1,0,0.72489686
shopper_0015007,1,0,0.04757415
shopper_0015008,1,0,0.53215289
shopper_0015009,0,0,0.49625296
shopper_0015010,1,0,0.65975847
shopper_0015011,1,0,0.91305629
shopper_0015012,1,0,0.80409719
shopper_0015013,1,0,0.36646047
shopper_0015014,1,0,0.09721927
shopper_0015015,0,0,0.63288068
shopper_0015016,1,0,0.16966071
shopper_0015017,0,0,0.65494262
shopper_0015018,1,0,0.10522036
shopper_0015019,1,0,0.36799071
shopper_0015020,0,0,0.59173990
shopper_0015021,0,0,0.90685364
shopper_0015022,0,0,0.66929237
shopper_0015023,0,0,0.79373853
shopper_0015024,1,1,0.40295106
shopper_0015025,1,0,0.65742136
shopper_0015026,0,0,0.10493844
shopper_0015027,1,0,0.43552303
shopper_0015028,1,0,0.55115797
shopper_0015029,0,0,0.69129213
shopper_0015030,0,0,0.60472931
shopper_0015031,1,0,0.69821474
shopper_0015032,1,1,0.61020035
shopper_0015033,0,0,0.78063631
shopper_0015034,0,0,0.29596748
shopper_0015035,1,1,0.54440771
shopper_0015036,0,0,0.58223302
shopper_0015037,1,0,0.27784409
shopper_0015038,1,0,0.61037969
shopper_0015039,0,0,0.53719724
shopper_0015040,1,0,0.63993949
shopper_0015041,1,0,0.30830766
shopper_0015042,1,1,0.60056786
shopper_0015043,0,0,0.21929746
shopper_0015044,1,0,0.91426780
shopper_0015045,0,0,0.74712191
shopper_0015046,1,0,0.31767954
shopper_0015047,0,0,0.27659282
shopper_0015048,0,0,0.39094088
shopper_0015049,1,0,0.38055251
shopper_0015050,0,0,0.73997765
shopper_0015051,1,0,0.84369249
shopper_0015052,1,0,0.48240740
shopper_0015053,0,1,0.79952904
shopper_0015054,1,0,0.05772559
shopper_0015055,0,0,0.73839072
shopper_0015056,1,0,0.67674015
shopper_0015057,0,0,0.52529652
shopper_0015058,1,0,0.57725529
shopper_0015059,1,0,0.36558964
shopper_0015060,0,0,0.07064471
shopper_0015061,0,0,0.47139434
shopper_0015062,0,0,0.16003393
shopper_0015063,1,0,0.63718903
shopper_0015064,1,0,0.53877700
shopper_0015065,0,0,0.85243883
shopper_0015066,0,0,0.30741479
shopper_0015067,0,0,0.64572425
shopper_0015068,0,1,0.58172227
shopper_0015069,0,0,0.46390037
shopper_0015070,0,0,0.32581431
shopper_0015071,1,0,0.57490741
shopper_0015072,0,0,0.44126445
shopper_0015073,1,0,0.28830307
shopper_0015074,1,0,0.07603625
shopper_0015075,0,0,0.53576850
shopper_0015076,1,0,0.81975267
shopper_0015077,0,0,0.47616118
shopper_0015078,1,0,0.70260909
shopper_0015079,0,0,0.11262814
shopper_0015080,1,1,0.52690324
shopper_0015081,1,0,0.44895230
shopper_0015082,1,0,0.70023740
shopper_0015083,1,1,0.15218608
shopper_0015084,1,0,0.36771989
shopper_0015085,1,0,0.70059098
shopper_0015086,0,0,0.32162400
shopper_0015087,0,0,0.13635579
shopper_0015088,0,0,0.50449063
shopper_0015089,1,0,0.30983896
shopper_0015090,0,0,0.46333781
shopper_0015091,0,0,0.38616246
shopper_0015092,0,0,0.20529344
shopper_0015093,1,0,0.37687820
shopper_0015094,0,0,0.14805133
shopper_0015095,1,0,0.45250194
shopper_0015096,0,0,0.49843409
shopper_0015097,0,0,0.38783781
shopper_0015098,1,0,0.40158061
shopper_0015099,1,1,0.43384740
shopper_0015100,1,1,0.57196556
shopper_0015101,0,0,0.40756584
shopper_0015102,1,0,0.23985025
shopper_0015103,0,0,0.52805837
shopper_0015104,0,0,0.63408576
shopper_0015105,1,0,0.56054809
shopper_0015106,0,0,0.88556020
shopper_0015107,0,0,0.42424856
shopper_0015108,1,0,0.86760815
shopper_0015109,1,0,0.29355757
shopper_0015110,1,0,0.42372013
shopper_0015111,0,0,0.32381716
shopper_0015112,0,1,0.91340229
shopper_0015113,1,0,0.82328541
shopper_0015114,0,0,0.88131634
shopper_0015115,0,0,0.41160828
shopper_0015116,0,0,0.61180016
shopper_0015117,1,0,0.28112072
shopper_0015118,0,0,0.23066387
shopper_0015119,1,0,0.77895430
shopper_0015120,1,0,0.14697066
shopper_0015121,1,0,0.98285095
shopper_0015122,1,1,0.47104184
shopper_0015123,0,0,0.83537752
shopper_0015124,1,0,0.74829867
shopper_0015125,1,0,0.73938556
shopper_0015126,1,0,0.03593741
shopper_0015127,1,0,0.41546656
shopper_0015128,0,0,0.51120228
shopper_0015129,0,0,0.57544124
shopper_0015130,0,0,0.50128037
shopper_0015131,1,0,0.24809574
shopper_0015132,0,0,0.56976136
shopper_0015133,0,0,0.78152354
shopper_0015134,0,0,0.25612614
shopper_0015135,0,0,0.46531650
shopper_0015136,0,0,0.35856160
shopper_0015137,1,1,0.80649230
shopper_0015138,0,0,0.56388689
shopper_0015139,0,0,0.43570809
shopper_0015140,1,0,0.57800982
shopper_0015141,0,0,0.76597084
shopper_0015142,1,0,0.56835230
shopper_0015143,1,0,0.58999129
shopper_0015144,0,0,0.97359773
shopper_0015145,1,1,0.85377558
shopper_0015146,0,0,0.45700870
shopper_0015147,0,0,0.19538596
shopper_0015148,0,0,0.76042024
shopper_0015149,1,0,0.47164074
shopper_0015150,1,0,0.66887097
shopper_0015151,0,0,0.53608603
shopper_0015152,0,0,0.35836285
shopper_0015153,0,0,0.70242175
shopper_0015154,0,0,0.84122112
shopper_0015155,0,0,0.76819070
shopper_0015156,0,0,0.38622753
shopper_0015157,0,0,0.83592129
shopper_0015158,0,0,0.48230491
shopper_0015159,0,0,0.16633018
shopper_0015160,1,0,0.42678055
shopper_0015161,1,0,0.47587003
shopper_0015162,0,0,0.15895632
shopper_0015163,1,1,0.28863052
shopper_0015164,1,0,0.52921637
shopper_0015165,1,0,0.92329028
shopper_0015166,0,0,0.79581899
shopper_0015167,0,1,0.49478638
shopper_0015168,1,0,0.54593318
shopper_0015169,0,0,0.48590814
shopper_0015170,1,1,0.72454370
shopper_0015171,1,0,0.28296628
shopper_0015172,0,0,0.40007929
shopper_0015173,0,0,0.31336705
shopper_0015174,1,1,0.26180738
shopper_0015175,0,1,0.17233304
shopper_0015176,1,0,0.33699591
shopper_0015177,0,0,0.46384849
shopper_0015178,0,0,0.47598952
shopper_0015179,0,0,0.20674743
shopper_0015180,0,0,0.34760767
shopper_0015181,0,0,0.20714884
shopper_0015182,1,0,0.81605163
shopper_0015183,0,0,0.10670021
shopper_0015184,1,0,0.42058750
shopper_0015185,0,0,0.47472602
shopper_0015186,1,0,0.85224768
shopper_0015187,0,0,0.03036594
shopper_0015188,1,0,0.51821816
shopper_0015189,1,1,0.83304246
shopper_0015190,0,0,0.52245770
shopper_0015191,0,0,0.67863158
shopper_0015192,0,0,0.90401223
shopper_0015193,1,1,0.44466888
shopper_0015194,0,1,0.62958388
shopper_0015195,1,0,0.52029925
shopper_0015196,0,0,0.28466609
shopper_0015197,0,1,0.45715137
shopper_0015198,0,0,0.42978209
shopper_0015199,1,0,0.40596373
shopper_0015200,0,0,0.72097190
shopper_0015201,0,1,0.25897187
shopper_0015202,1,0,0.43328330
shopper_0015203,1,0,0.49111219
shopper_0015204,1,0,0.45465967
shopper_0015205,1,0,0.29606196
shopper_0015206,0,1,0.61078059
shopper_0015207,0,0,0.14512935
shopper_0015208,0,0,0.61475659
shopper_0015209,1,0,0.23004822
shopper_0015210,1,0,0.53791921
shopper_0015211,0,0,0.33080135
shopper_0015212,1,0,0.09028457
shopper_0015213,0,0,0.63367700
shopper_0015214,0,0,0.70717314
shopper_0015215,1,0,0.32298052
shopper_0015216,0,0,0.59968208
shopper_0015217,0,0,0.42715360
shopper_0015218,1,0,0.59187101
shopper_0015219,0,0,0.71395956
shopper_0015220,0,0,0.63385110
shopper_0015221,0,1,0.41377926
shopper_0015222,1,0,0.27597412
shopper_0015223,1,0,0.35514306
shopper_0015224,1,0,0.59053101
shopper_0015225,0,0,0.57862445
shopper_0015226,1,1,0.32571141
shopper_0015227,0,0,0.34057680
shopper_0015228,1,0,0.09344572
shopper_0015229,0,0,0.69636785
shopper_0015230,1,0,0.64622818
shopper_0015231,1,0,0.90804932
shopper_0015232,0,0,0.45323833
shopper_0015233,1,0,0.71689141
shopper_0015234,1,0,0.66461248
shopper_0015235,0,0,0.81106899
shopper_0015236,0,0,0.57145076
shopper_0015237,0,0,0.85804260
shopper_0015238,1,0,0.67916166
shopper_0015239,0,0,0.87534740
shopper_0015240,1,0,0.49844053
shopper_0015241,1,0,0.44218818
shopper_0015242,1,0,0.82187601
shopper_0015243,0,0,0.31497913
shopper_0015244,1,0,0.71261237
shopper_0015245,0,0,0.53903893
shopper_0015246,0,0,0.44889717
shopper_0015247,1,0,0.34307977
shopper_0015248,1,0,0.28318534
shopper_0015249,0,0,0.68552905
shopper_0015250,1,0,0.57292943
shopper_0015251,1,0,0.63258829
shopper_0015252,1,0,0.87123170
shopper_0015253,0,0,0.27480902
shopper_0015254,1,0,0.40606695
shopper_0015255,0,0,0.88368925
shopper_0015256,0,0,0.47951566
shopper_0015257,0,0,0.12689703
shopper_0015258,0,0,0.45467353
shopper_0015259,1,0,0.57189534
shopper_0015260,1,0,0.74365413
shopper_0015261,1,0,0.68248393
shopper_0015262,1,1,0.77360074
shopper_0015263,1,0,0.21100218
shopper_0015264,1,0,0.50943869
shopper_0015265,1,0,0.32155909
shopper_0015266,0,0,0.61455999
shopper_0015267,1,1,0.24920678
shopper_0015268,1,0,0.52731304
shopper_0015269,0,0,0.27255687
shopper_0015270,1,0,0.64255603
shopper_0015271,0,0,0.71791205
shopper_0015272,1,0,0.76017772
shopper_0015273,0,0,0.18639014
shopper_0015274,1,0,0.21944010
shopper_0015275,1,0,0.82767095
shopper_0015276,1,0,0.58832827
shopper_0015277,1,0,0.11190877
shopper_0015278,1,0,0.43656647
shopper_0015279,1,0,0.67279575
shopper_0015280,0,0,0.30619847
shopper_0015281,0,0,0.39243648
shopper_0015282,0,0,0.19370102
shopper_0015283,1,1,0.85123578
shopper_0015284,1,0,0.35337221
shopper_0015285,0,0,0.49279474
shopper_0015286,1,0,0.85765099
shopper_0015287,0,0,0.87329997
shopper_0015288,0,1,0.22820450
shopper_0015289,1,1,0.65993788
shopper_0015290,0,0,0.26650559
shopper_0015291,1,0,0.62186443
shopper_0015292,1,0,0.68962492
shopper_0015293,0,0,0.53905596
shopper_0015294,1,0,0.39215934
shopper_0015295,1,0,0.86895579
shopper_0015296,0,0,0.55477328
shopper_0015297,0,0,0.45483481
shopper_0015298,0,0,0.57787045
shopper_0015299,1,0,0.61873593
shopper_0015300,0,1,0.63166934
shopper_0015301,0,0,0.28713909
shopper_0015302,1,0,0.16972933
shopper_0015303,0,0,0.21982808
shopper_0015304,0,0,0.46190190
shopper_0015305,1,0,0.35590423
shopper_0015306,0,1,0.72794450
shopper_0015307,1,0,0.52107618
shopper_0015308,0,0,0.54310338
shopper_0015309,0,0,0.35958484
shopper_0015310,0,0,0.68746509
shopper_0015311,1,0,0.29125285
shopper_0015312,1,0,0.45870217
shopper_0015313,1,0,0.26714485
shopper_0015314,0,0,0.82299213
shopper_0015315,0,0,0.71054735
shopper_0015316,0,0,0.82395860
shopper_0015317,0,0,0.37859116
shopper_0015318,1,0,0.18815633
shopper_0015319,0,0,0.52546839
shopper_0015320,0,0,0.79537957
shopper_0015321,0,0,0.93611101
shopper_0015322,1,0,0.37100403
shopper_0015323,0,0,0.55754973
shopper_0015324,1,1,0.44090108
shopper_0015325,1,0,0.45353587
shopper_0015326,0,0,0.03939256
shopper_0015327,1,1,0.72279709
shopper_0015328,1,0,0.84673127
shopper_0015329,0,0,0.49634506
shopper_0015330,1,0,0.63655022
shopper_0015331,1,0,0.42824830
shopper_0015332,1,0,0.84162849
shopper_0015333,0,0,0.34497990
shopper_0015334,1,0,0.86341539
shopper_0015335,1,0,0.75849299
shopper_0015336,1,0,0.31164734
shopper_0015337,1,0,0.83380752
shopper_0015338,0,0,0.57972210
shopper_0015339,0,0,0.62197084
shopper_0015340,1,0,0.74303190
shopper_0015341,1,0,0.45182619
shopper_0015342,1,0,0.62975131
shopper_0015343,0,0,0.58998542
shopper_0015344,0,1,0.18989798
shopper_0015345,1,0,0.36066378
shopper_0015346,1,0,0.06871060
shopper_0015347,1,1,0.84756987
shopper_0015348,0,0,0.67336574
shopper_0015349,0,0,0.26802799
shopper_0015350,1,0,0.30055378
shopper_0015351,0,0,0.45932760
shopper_0015352,0,0,0.17342277
shopper_0015353,0,0,0.61301094
shopper_0015354,1,0,0.17283340
shopper_0015355,0,0,0.75258343
shopper_0015356,0,0,0.19272994
shopper_0015357,1,1,0.35295911
shopper_0015358,0,0,0.34648376
shopper_0015359,1,0,0.57295825
shopper_0015360,1,0,0.40021654
shopper_0015361,0,0,0.60707270
shopper_0015362,0,0,0.68585833
shopper_0015363,1,1,0.66989409
shopper_0015364,1,0,0.25112205
shopper_0015365,1,0,0.27809847
shopper_0015366,1,1,0.92475477
shopper_0015367,0,1,0.68207090
shopper_0015368,1,0,0.70653010
shopper_0015369,1,0,0.17948781
shopper_0015370,1,0,0.47948687
shopper_0015371,0,0,0.21200891
shopper_0015372,1,0,0.88785762
shopper_0015373,1,0,0.19336591
shopper_0015374,0,0,0.77452093
shopper_0015375,0,0,0.38827131
shopper_0015376,0,0,0.59410548
shopper_0015377,0,0,0.33218904
shopper_0015378,1,0,0.85236658
shopper_0015379,1,0,0.90096315
shopper_0015380,0,0,0.41257229
shopper_0015381,0,0,0.66696656
shopper_0015382,1,0,0.86293165
shopper_0015383,0,0,0.09562639
shopper_0015384,1,1,0.67800668
shopper_0015385,1,0,0.50822148
shopper_0015386,1,0,0.57653457
shopper_0015387,0,0,0.62347584
shopper_0015388,1,0,0.85658848
shopper_0015389,0,0,0.83428229
shopper_0015390,1,0,0.76316633
shopper_0015391,1,0,0.30599921
shopper_0015392,0,0,0.47613525
shopper_0015393,0,0,0.59701460
shopper_0015394,0,0,0.50875601
shopper_0015395,1,0,0.69217425
shopper_0015396,1,0,0.56605631
shopper_0015397,0,0,0.45432684
shopper_0015398,0,0,0.29639014
shopper_0015399,1,0,0.52532930
shopper_0015400,0,0,0.56671522
shopper_0015401,0,0,0.35732051
shopper_0015402,1,0,0.51434234
shopper_0015403,0,1,0.52192720
shopper_0015404,0,0,0.88607803
shopper_0015405,1,0,0.64328723
shopper_0015406,1,0,0.53771151
shopper_0015407,1,0,0.64780849
shopper_0015408,1,0,0.21976250
shopper_0015409,1,0,0.59068313
shopper_0015410,0,0,0.27183006
shopper_0015411,0,0,0.53830730
shopper_0015412,0,0,0.42995843
shopper_0015413,0,0,0.58373295
shopper_0015414,0,0,0.74012872
shopper_0015415,0,1,0.55439083
shopper_0015416,0,0,0.78698240
shopper_0015417,1,0,0.99317404
shopper_0015418,1,0,0.50517365
shopper_0015419,0,0,0.45805725
shopper_0015420,1,0,0.73569372
shopper_0015421,1,0,0.60294910
shopper_0015422,1,0,0.77891326
shopper_0015423,1,0,0.29544384
shopper_0015424,0,0,0.32627018
shopper_0015425,1,0,0.55259541
shopper_0015426,1,0,0.77959643
shopper_0015427,1,0,0.53746336
shopper_0015428,1,0,0.84456808
shopper_0015429,0,0,0.37831797
shopper_0015430,0,0,0.77744216
shopper_0015431,1,0,0.22523679
shopper_0015432,1,0,0.00332549
shopper_0015433,0,0,0.03258347
shopper_0015434,1,1,0.49467697
shopper_0015435,0,0,0.33833810
shopper_0015436,1,0,0.93088981
shopper_0015437,1,0,0.35505954
shopper_0015438,0,1,0.96367296
shopper_0015439,1,0,0.68430230
shopper_0015440,0,0,0.58432214
shopper_0015441,1,0,0.34849446
shopper_0015442,1,0,0.88562265
shopper_0015443,1,0,0.68922246
shopper_0015444,0,0,0.76719474
shopper_0015445,0,0,0.24639086
shopper_0015446,0,0,0.80078116
shopper_0015447,0,0,0.71732687
shopper_0015448,0,0,0.53834917
shopper_0015449,1,0,0.76896287
shopper_0015450,1,0,0.79832686
shopper_0015451,1,0,0.59980723
shopper_0015452,1,0,0.56617322
shopper_0015453,0,0,0.47631981
shopper_0015454,1,0,0.01895782
shopper_0015455,1,0,0.38609323
shopper_0015456,1,0,0.68907610
shopper_0015457,0,0,0.02742489
shopper_0015458,1,0,0.27792612
shopper_0015459,1,0,0.09339618
shopper_0015460,1,0,0.38411827
shopper_0015461,0,0,0.13563864
shopper_0015462,0,0,0.09086549
shopper_0015463,1,0,0.32633118
shopper_0015464,0,0,0.67891032
shopper_0015465,0,0,0.47226373
shopper_0015466,1,1,0.91596716
shopper_0015467,0,0,0.63001036
shopper_0015468,1,0,0.66381613
shopper_0015469,0,1,0.04784276
shopper_0015470,0,0,0.31633438
shopper_0015471,0,0,0.67948222
shopper_0015472,1,0,0.29961563
shopper_0015473,1,0,0.58390452
shopper_0015474,1,0,0.68877720
shopper_0015475,1,0,0.20787120
shopper_0015476,1,0,0.75697327
shopper_0015477,0,0,0.70820954
shopper_0015478,0,0,0.41348263
shopper_0015479,1,0,0.24480665
shopper_0015480,0,0,0.27270181
shopper_0015481,1,0,0.62080379
shopper_0015482,0,0,0.14086512
shopper_0015483,1,1,0.67685414
shopper_0015484,1,0,0.55191176
shopper_0015485,0,0,0.17560174
shopper_0015486,1,0,0.60659896
shopper_0015487,0,0,0.33103755
shopper_0015488,1,1,0.63354858
shopper_0015489,1,0,0.82684949
shopper_0015490,0,0,0.49483500
shopper_0015491,0,0,0.84361461
shopper_0015492,0,0,0.36633657
shopper_0015493,1,0,0.48599464
shopper_0015494,1,0,0.18825161
shopper_0015495,0,0,0.23382027
shopper_0015496,1,1,0.30891281
shopper_0015497,1,0,0.06009110
shopper_0015498,1,1,0.80502115
shopper_0015499,0,0,0.28944896
shopper_0015500,1,0,0.47574222
shopper_0015501,0,0,0.35896214
shopper_0015502,1,0,0.60832482
shopper_0015503,1,0,0.37711156
shopper_0015504,0,0,0.08842412
shopper_0015505,1,1,0.42117662
shopper_0015506,1,0,0.53020454
shopper_0015507,0,0,0.77196160
shopper_0015508,0,0,0.80980318
shopper_0015509,0,0,0.59846309
shopper_0015510,0,0,0.39242958
shopper_0015511,0,0,0.44354071
shopper_0015512,0,0,0.22942641
shopper_0015513,1,0,0.05360888
shopper_0015514,1,0,0.55412861
shopper_0015515,1,0,0.68741603
shopper_0015516,1,0,0.84724720
shopper_0015517,1,0,0.41078356
shopper_0015518,0,0,0.84659947
shopper_0015519,1,0,0.27470756
shopper_0015520,1,0,0.75292909
shopper_0015521,1,0,0.52511740
shopper_0015522,0,0,0.28555089
shopper_0015523,0,0,0.03310911
shopper_0015524,0,1,0.83389961
shopper_0015525,1,0,0.34339650
shopper_0015526,1,0,0.65407349
shopper_0015527,0,0,0.43910736
shopper_0015528,1,1,0.45501949
shopper_0015529,0,0,0.25323866
shopper_0015530,1,0,0.33116662
shopper_0015531,0,0,0.40058226
shopper_0015532,0,1,0.89787534
shopper_0015533,1,0,0.71856310
shopper_0015534,1,0,0.68653728
shopper_0015535,1,0,0.33069742
shopper_0015536,1,0,0.59333566
shopper_0015537,0,1,0.36503786
shopper_0015538,1,1,0.65618616
shopper_0015539,0,0,0.54422988
shopper_0015540,0,0,0.39034810
shopper_0015541,0,0,0.68694614
shopper_0015542,0,1,0.03223773
shopper_0015543,1,0,0.76955225
shopper_0015544,1,0,0.35867529
shopper_0015545,0,1,0.62722533
shopper_0015546,1,1,0.67738987
shopper_0015547,0,0,0.47634092
shopper_0015548,1,0,0.54637759
shopper_0015549,0,0,0.18332728
shopper_0015550,1,0,0.59893409
shopper_0015551,0,1,0.71292684
shopper_0015552,1,1,0.39011130
shopper_0015553,0,0,0.72472814
shopper_0015554,0,0,0.13028458
shopper_0015555,1,0,0.85517403
shopper_0015556,1,1,0.47555628
shopper_0015557,1,0,0.21405199
shopper_0015558,0,0,0.84607249
shopper_0015559,0,1,0.44752692
shopper_0015560,1,0,0.59624595
shopper_0015561,1,0,0.52542212
shopper_0015562,0,0,0.24223692
shopper_0015563,1,0,0.59366918
shopper_0015564,1,0,0.35598074
shopper_0015565,0,0,0.76398975
shopper_0015566,0,0,0.28442969
shopper_0015567,1,0,0.50710152
shopper_0015568,0,0,0.59225911
shopper_0015569,0,0,0.40190868
shopper_0015570,1,0,0.44200024
shopper_0015571,1,0,0.55338643
shopper_0015572,1,0,0.65830651
shopper_0015573,1,0,0.36356726
shopper_0015574,1,0,0.42018179
shopper_0015575,1,0,0.44844409
shopper_0015576,0,0,0.50361631
shopper_0015577,0,0,0.09541211
shopper_0015578,0,0,0.93453781
shopper_0015579,1,0,0.86395832
shopper_0015580,0,0,0.58416685
shopper_0015581,1,0,0.17374785
shopper_0015582,0,0,0.61865186
shopper_0015583,0,1,0.50873850
shopper_0015584,0,0,0.50085189
shopper_0015585,0,0,0.19495105
shopper_0015586,1,0,0.60056656
shopper_0015587,1,0,0.18831911
shopper_0015588,0,0,0.97086688
shopper_0015589,1,0,0.76792009
shopper_0015590,0,0,0.15696344
shopper_0015591,1,0,0.56452509
shopper_0015592,1,0,0.20301527
shopper_0015593,0,0,0.66064616
shopper_0015594,1,1,0.55909867
shopper_0015595,0,0,0.76206051
shopper_0015596,1,0,0.64524588
shopper_0015597,1,0,0.66069091
shopper_0015598,1,0,0.62152125
shopper_0015599,0,0,0.05742234
shopper_0015600,1,0,0.38200530
shopper_0015601,1,0,0.73532692
shopper_0015602,0,1,0.85251169
shopper_0015603,0,0,0.43357409
shopper_0015604,0,0,0.68164678
shopper_0015605,1,0,0.27012065
shopper_0015606,1,0,0.53525180
shopper_0015607,1,0,0.44022078
shopper_0015608,1,0,0.75155002
shopper_0015609,0,0,0.72563737
shopper_0015610,1,0,0.30485857
shopper_0015611,0,0,0.72671349
shopper_0015612,1,0,0.29964072
shopper_0015613,1,0,0.51764068
shopper_0015614,0,0,0.76682616
shopper_0015615,1,0,0.22909057
shopper_0015616,1,1,0.76237465
shopper_0015617,1,1,0.26870207
shopper_0015618,0,0,0.90889900
shopper_0015619,1,1,0.41126736
shopper_0015620,1,0,0.12618523
shopper_0015621,0,0,0.26083549
shopper_0015622,1,0,0.56326093
shopper_0015623,1,0,0.76501962
shopper_0015624,0,0,0.42018890
shopper_0015625,1,0,0.77337920
shopper_0015626,0,0,0.73603241
shopper_0015627,0,0,0.48558089
shopper_0015628,0,0,0.29775213
shopper_0015629,1,0,0.39130994
shopper_0015630,0,0,0.73395781
shopper_0015631,1,0,0.28081894
shopper_0015632,1,0,0.26684183
shopper_0015633,0,0,0.23677661
shopper_0015634,1,0,0.54591310
shopper_0015635,0,0,0.87200352
shopper_0015636,0,0,0.76592960
shopper_0015637,1,0,0.74037267
shopper_0015638,1,1,0.69895001
shopper_0015639,1,0,0.13533813
shopper_0015640,1,1,0.22736340
shopper_0015641,1,0,0.36176440
shopper_0015642,1,1,0.87223852
shopper_0015643,0,0,0.28296539
shopper_0015644,1,0,0.72358353
shopper_0015645,0,0,0.60885827
shopper_0015646,0,0,0.30303897
shopper_0015647,0,0,0.33492047
shopper_0015648,1,0,0.77784686
shopper_0015649,0,0,0.57220267
shopper_0015650,0,0,0.42074786
shopper_0015651,0,1,0.07845928
shopper_0015652,1,0,0.57190190
shopper_0015653,0,0,0.87077309
shopper_0015654,0,0,0.40255796
shopper_0015655,1,0,0.38480326
shopper_0015656,0,0,0.39085326
shopper_0015657,1,0,0.34667259
shopper_0015658,1,0,0.54100488
shopper_0015659,0,0,0.54407921
shopper_0015660,1,0,0.23426056
shopper_0015661,0,1,0.50260694
shopper_0015662,1,0,0.53721474
shopper_0015663,0,0,0.23030010
shopper_0015664,0,0,0.51094723
shopper_0015665,1,0,0.14916407
shopper_0015666,1,0,0.55560364
shopper_0015667,0,0,0.37864476
shopper_0015668,1,0,0.33155882
shopper_0015669,1,0,0.62677637
shopper_0015670,0,0,0.49785411
shopper_0015671,1,0,0.21076488
shopper_0015672,0,1,0.89372648
shopper_0015673,1,0,0.71466601
shopper_0015674,0,1,0.45995952
shopper_0015675,1,0,0.39924564
shopper_0015676,1,0,0.21130663
shopper_0015677,1,0,0.47689068
shopper_0015678,0,0,0.82726156
shopper_0015679,1,1,0.47124859
shopper_0015680,0,0,0.65104942
shopper_0015681,1,0,0.24185062
shopper_0015682,0,0,0.70988990
shopper_0015683,1,0,0.77928371
shopper_0015684,1,0,0.12906202
shopper_0015685,0,0,0.45290158
shopper_0015686,0,0,0.52349909
shopper_0015687,0,0,0.43724409
shopper_0015688,1,0,0.38947736
shopper_0015689,1,0,0.50048844
shopper_0015690,0,0,0.39335055
shopper_0015691,0,0,0.85147271
shopper_0015692,1,0,0.43809323
shopper_0015693,1,0,0.60181459
shopper_0015694,1,1,0.66991163
shopper_0015695,0,0,0.44476256
shopper_0015696,1,0,0.44403253
shopper_0015697,0,0,0.92346260
shopper_0015698,0,0,0.89224524
shopper_0015699,1,0,0.64219555
shopper_0015700,1,0,0.09629277
shopper_0015701,1,0,0.62711744
shopper_0015702,1,0,0.64335365
shopper_0015703,1,0,0.28185210
shopper_0015704,0,0,0.67754990
shopper_0015705,0,0,0.21519618
shopper_0015706,1,0,0.34158230
shopper_0015707,0,0,0.84606401
shopper_0015708,1,0,0.49077401
shopper_0015709,1,0,0.26771234
shopper_0015710,1,0,0.49271892
shopper_0015711,0,0,0.29454130
shopper_0015712,0,0,0.28715128
shopper_0015713,0,0,0.30393240
shopper_0015714,0,0,0.78703333
shopper_0015715,0,0,0.12423439
shopper_0015716,1,0,0.45953699
shopper_0015717,0,0,0.18187708
shopper_0015718,0,0,0.29583155
shopper_0015719,1,0,0.32726069
shopper_0015720,0,0,0.47637840
shopper_0015721,0,0,0.50952729
shopper_0015722,1,0,0.71708448
shopper_0015723,0,0,0.49528533
shopper_0015724,1,0,0.55774136
shopper_0015725,1,0,0.45783061
shopper_0015726,0,0,0.77065107
shopper_0015727,0,0,0.37185603
shopper_0015728,1,1,0.77980956
shopper_0015729,0,0,0.84381805
shopper_0015730,0,0,0.57679083
shopper_0015731,0,0,0.44496311
shopper_0015732,0,0,0.50539619
shopper_0015733,0,0,0.56043111
shopper_0015734,1,0,0.26627943
shopper_0015735,1,1,0.07719412
shopper_0015736,0,0,0.33271752
shopper_0015737,1,0,0.22230972
shopper_0015738,0,0,0.63902428
shopper_0015739,1,0,0.71556477
shopper_0015740,1,0,0.29096375
shopper_0015741,1,1,0.81454489
shopper_0015742,0,0,0.49716356
shopper_0015743,0,0,0.82800352
shopper_0015744,1,0,0.30128593
shopper_0015745,0,0,0.26486819
shopper_0015746,1,0,0.71488710
shopper_0015747,0,0,0.29286278
shopper_0015748,0,1,0.30777649
shopper_0015749,1,0,0.22206035
shopper_0015750,0,0,0.23093304
shopper_0015751,1,0,0.83113142
shopper_0015752,0,0,0.61039739
shopper_0015753,1,0,0.84961790
shopper_0015754,1,0,0.46735600
shopper_0015755,0,0,0.47382201
shopper_0015756,0,0,0.34973802
shopper_0015757,1,0,0.47758040
shopper_0015758,1,0,0.29616027
shopper_0015759,1,0,0.39684297
shopper_0015760,1,0,0.80516137
shopper_0015761,1,0,0.83707529
shopper_0015762,0,0,0.78695016
shopper_0015763,1,0,0.67523753
shopper_0015764,1,0,0.23393190
shopper_0015765,0,0,0.68672283
shopper_0015766,0,0,0.02465702
shopper_0015767,1,0,0.17647208
shopper_0015768,1,1,0.23108309
shopper_0015769,1,0,0.58136430
shopper_0015770,1,1,0.23238458
shopper_0015771,1,0,0.17857600
shopper_0015772,1,1,0.65948079
shopper_0015773,0,0,0.82399124
shopper_0015774,0,0,0.78454316
shopper_0015775,0,0,0.47505823
shopper_0015776,0,0,0.62246705
shopper_0015777,1,0,0.22829726
shopper_0015778,1,0,0.76385336
shopper_0015779,1,0,0.20889523
shopper_0015780,1,0,0.71282777
shopper_0015781,1,0,0.09338468
shopper_0015782,0,0,0.62106496
shopper_0015783,0,0,0.94189150
shopper_0015784,1,0,0.07841274
shopper_0015785,0,0,0.56983017
shopper_0015786,1,0,0.06750868
shopper_0015787,1,0,0.71169358
shopper_0015788,1,0,0.36571211
shopper_0015789,0,0,0.10316384
shopper_0015790,1,0,0.16869818
shopper_0015791,1,0,0.29128833
shopper_0015792,1,0,0.84183042
shopper_0015793,0,0,0.41295874
shopper_0015794,0,1,0.70332246
shopper_0015795,1,0,0.58660176
shopper_0015796,0,0,0.76971818
shopper_0015797,0,0,0.22702631
shopper_0015798,0,1,0.47467329
shopper_0015799,0,0,0.82498340
shopper_0015800,1,0,0.56849622
shopper_0015801,0,0,0.85601294
shopper_0015802,1,0,0.80535029
shopper_0015803,1,0,0.58901616
shopper_0015804,0,1,0.70294969
shopper_0015805,0,0,0.86899627
shopper_0015806,0,0,0.72112681
shopper_0015807,0,0,0.71674484
shopper_0015808,0,0,0.07492160
shopper_0015809,1,0,0.81186858
shopper_0015810,1,0,0.91287320
shopper_0015811,1,0,0.52432552
shopper_0015812,1,0,0.25515218
shopper_0015813,1,0,0.59122181
shopper_0015814,0,0,0.23251149
shopper_0015815,1,0,0.30839007
shopper_0015816,0,0,0.15460603
shopper_0015817,0,0,0.45199653
shopper_0015818,1,0,0.14453517
shopper_0015819,0,0,0.16179560
shopper_0015820,0,0,0.79775391
shopper_0015821,1,0,0.25763358
shopper_0015822,0,0,0.75552977
shopper_0015823,1,0,0.55670152
shopper_0015824,1,0,0.33347286
shopper_0015825,0,0,0.39056927
shopper_0015826,1,0,0.85493582
shopper_0015827,1,0,0.38932169
shopper_0015828,0,0,0.52678504
shopper_0015829,1,0,0.08860553
shopper_0015830,0,1,0.04543911
shopper_0015831,0,0,0.65317874
shopper_0015832,0,0,0.69533434
shopper_0015833,0,0,0.22004708
shopper_0015834,0,0,0.49697597
shopper_0015835,1,0,0.83351831
shopper_0015836,1,0,0.47304054
shopper_0015837,1,0,0.59633925
shopper_0015838,0,0,0.77324867
shopper_0015839,1,0,0.61412094
shopper_0015840,1,1,0.27059593
shopper_0015841,0,0,0.79849998
shopper_0015842,0,0,0.85711187
shopper_0015843,1,0,0.22200238
shopper_0015844,1,0,0.38531362
shopper_0015845,1,0,0.49342682
shopper_0015846,1,0,0.65184971
shopper_0015847,1,0,0.09710761
shopper_0015848,0,0,0.18736229
shopper_0015849,1,1,0.82193127
shopper_0015850,0,0,0.42352276
shopper_0015851,0,1,0.75316849
shopper_0015852,0,0,0.71919658
shopper_0015853,1,1,0.50422853
shopper_0015854,0,1,0.59571477
shopper_0015855,1,0,0.75126749
shopper_0015856,0,0,0.54164613
shopper_0015857,1,0,0.27809860
shopper_0015858,0,0,0.34425647
shopper_0015859,0,1,0.83578390
shopper_0015860,0,0,0.14507324
shopper_0015861,0,0,0.53761880
shopper_0015862,0,0,0.50521724
shopper_0015863,0,0,0.09752751
shopper_0015864,1,1,0.27623032
shopper_0015865,1,0,0.62260701
shopper_0015866,1,0,0.76732810
shopper_0015867,1,0,0.24929533
shopper_0015868,0,0,0.24726166
shopper_0015869,1,0,0.67851637
shopper_0015870,1,0,0.58239079
shopper_0015871,1,0,0.74927047
shopper_0015872,1,0,0.36694659
shopper_0015873,0,0,0.35821159
shopper_0015874,0,0,0.50869249
shopper_0015875,0,0,0.97186835
shopper_0015876,0,0,0.39144340
shopper_0015877,1,0,0.47830315
shopper_0015878,0,0,0.83064849
shopper_0015879,1,0,0.55389586
shopper_0015880,0,0,0.23056286
shopper_0015881,0,0,0.38625107
shopper_0015882,1,0,0.14780609
shopper_0015883,1,0,0.87090179
shopper_0015884,1,0,0.20554131
shopper_0015885,0,0,0.23306872
shopper_0015886,0,0,0.17628149
shopper_0015887,0,0,0.95779370
shopper_0015888,1,0,0.51358510
shopper_0015889,0,0,0.04008907
shopper_0015890,0,0,0.28687191
shopper_0015891,1,0,0.54692285
shopper_0015892,0,0,0.22070312
shopper_0015893,1,0,0.33335150
shopper_0015894,0,0,0.81080992
shopper_0015895,1,0,0.45963896
shopper_0015896,0,1,0.31397608
shopper_0015897,1,0,0.31615098
shopper_0015898,0,0,0.61811691
shopper_0015899,1,0,0.75861893
shopper_0015900,1,0,0.38253614
shopper_0015901,0,0,0.50060194
shopper_0015902,1,0,0.68038939
shopper_0015903,0,0,0.93244535
shopper_0015904,1,0,0.40243604
shopper_0015905,1,0,0.32569237
shopper_0015906,0,0,0.83311414
shopper_0015907,0,0,0.42504551
shopper_0015908,1,0,0.81395788
shopper_0015909,1,0,0.81499061
shopper_0015910,0,0,0.38936629
shopper_0015911,1,0,0.54244325
shopper_0015912,0,0,0.23766183
shopper_0015913,0,0,0.10494044
shopper_0015914,0,0,0.24016403
shopper_0015915,1,0,0.59380217
shopper_0015916,1,0,0.96371623
shopper_0015917,0,0,0.49102761
shopper_0015918,0,0,0.61949339
shopper_0015919,1,0,0.34613830
shopper_0015920,0,0,0.52291756
shopper_0015921,1,0,0.26081497
shopper_0015922,1,0,0.60839522
shopper_0015923,1,0,0.28099132
shopper_0015924,0,0,0.60499672
shopper_0015925,1,0,0.36269787
shopper_0015926,1,0,0.42114867
shopper_0015927,0,0,0.47071018
shopper_0015928,1,0,0.59865329
shopper_0015929,1,0,0.47344907
shopper_0015930,1,0,0.17943418
shopper_0015931,0,0,0.49132523
shopper_0015932,0,0,0.46998453
shopper_0015933,1,0,0.85814712
shopper_0015934,0,1,0.26254520
shopper_0015935,1,0,0.01106566
shopper_0015936,1,0,0.81118921
shopper_0015937,1,0,0.78119097
shopper_0015938,0,0,0.57857339
shopper_0015939,0,0,0.30331439
shopper_0015940,0,0,0.14279861
shopper_0015941,0,0,0.48830662
shopper_0015942,0,0,0.68041014
shopper_0015943,0,1,0.29558111
shopper_0015944,0,0,0.57044383
shopper_0015945,0,0,0.10609587
shopper_0015946,1,0,0.35971957
shopper_0015947,0,1,0.85553342
shopper_0015948,1,1,0.06401455
shopper_0015949,0,0,0.57306493
shopper_0015950,0,0,0.31036355
shopper_0015951,1,0,0.35515184
shopper_0015952,0,0,0.85990653
shopper_0015953,0,0,0.62900357
shopper_0015954,1,0,0.72162661
shopper_0015955,1,0,0.56067469
shopper_0015956,1,0,0.74267430
shopper_0015957,1,0,0.70700851
shopper_0015958,0,0,0.70936980
shopper_0015959,0,0,0.10265902
shopper_0015960,1,0,0.36521653
shopper_0015961,1,0,0.39733251
shopper_0015962,0,0,0.58809440
shopper_0015963,0,0,0.86426732
shopper_0015964,1,0,0.56420830
shopper_0015965,1,0,0.54251958
shopper_0015966,0,0,0.73077015
shopper_0015967,1,0,0.61450215
shopper_0015968,0,0,0.28519380
shopper_0015969,1,0,0.77508943
shopper_0015970,0,0,0.93199670
shopper_0015971,0,0,0.35267413
shopper_0015972,0,0,0.51742313
shopper_0015973,0,0,0.47575497
shopper_0015974,0,0,0.10302105
shopper_0015975,0,0,0.02095179
shopper_0015976,1,1,0.73205640
shopper_0015977,0,0,0.46823908
shopper_0015978,0,0,0.90454883
shopper_0015979,1,0,0.15567610
shopper_0015980,0,0,0.15313481
shopper_0015981,0,0,0.19312883
shopper_0015982,0,0,0.43102448
shopper_0015983,1,1,0.94172247
shopper_0015984,0,0,0.82440597
shopper_0015985,0,0,0.41190810
shopper_0015986,0,0,0.54527371
shopper_0015987,0,1,0.47187426
shopper_0015988,0,0,0.62922414
shopper_0015989,0,0,0.49560443
shopper_0015990,0,0,0.50946123
shopper_0015991,0,0,0.57443479
shopper_0015992,1,0,0.29401202
shopper_0015993,1,0,0.67174850
shopper_0015994,0,0,0.31630468
shopper_0015995,1,0,0.26230097
shopper_0015996,1,0,0.16593559
shopper_0015997,0,1,0.96658950
shopper_0015998,0,0,0.52144665
shopper_0015999,1,0,0.26438867
shopper_0016000,1,0,0.55469539
